company_name,cin,sector,cohort,financial_year,engine_probability,engine_score_0_100,engine_risk_band,audit_probability,audit_score_0_100,audit_risk_band,engine_audit_gap,model_alignment,rule_flag_count,critical_rule_count,decision_bucket,overall_risk_percentile,sector_risk_percentile,sector_year_risk_percentile,imputed_feature_fraction,top_reasons,rule_flags_triggered,support_summary,engine_model_name,audit_model_name,engine_model_version,audit_model_version,engine_threshold,audit_threshold,engine_class,audit_class,engine_rank_overall
Simbhaoli Sugars Ltd,L15122UP2011PLC044210,FMCG / Foods / Agro,defaulter,2023,0.7522079177745526,75.22,High,0.737623234618451,73.76,High,0.014584683156101619,agree,4,2,urgent_review,100.0,100.0,100.0,0.0,"Interest coverage is below 1, suggesting operating earnings may not comfortably cover finance costs. | Net profit margin is negative. | Revenue trend over the available years is negative.",weak_interest_coverage|negative_profit_margin|declining_revenue_trend|declining_cash_flow_trend,"ML probability 0.752 against threshold 0.400. 4 rule-based red flag(s) were triggered. Key reasons: Interest coverage is below 1, suggesting operating earnings may not comfortably cover finance costs.; Net profit margin is negative.; Revenue trend over the available years is negative.",hist_gradient_boosting,logistic_regression,tier1a_v1,tier1a_v1,0.39999999999999986,0.4199999999999998,1,1,1
REI Agro,L14200WB1994PLC104573,FMCG / Foods / Agro,defaulter,2015,0.7522041308313266,75.22,High,0.7387286826069315,73.87,High,0.01347544822439517,agree,7,3,urgent_review,99.67,95.24,100.0,0.0,"Interest coverage is below 1, suggesting operating earnings may not comfortably cover finance costs. | Operating cash flow is negative despite positive revenue. | Net profit margin is negative.",weak_interest_coverage|negative_operating_cash_flow|negative_profit_margin|declining_revenue_trend|declining_cash_flow_trend|rising_borrowings_trend|margin_drop,"ML probability 0.752 against threshold 0.400. 7 rule-based red flag(s) were triggered. Key reasons: Interest coverage is below 1, suggesting operating earnings may not comfortably cover finance costs.; Operating cash flow is negative despite positive revenue.; Net profit margin is negative.",hist_gradient_boosting,logistic_regression,tier1a_v1,tier1a_v1,0.39999999999999986,0.4199999999999998,1,1,2
REI Agro,L14200WB1994PLC104573,FMCG / Foods / Agro,defaulter,2016,0.7522032631265149,75.22,High,0.7387286819020332,73.87,High,0.013474581224481641,agree,5,2,urgent_review,99.33,90.48,100.0,0.0,"Interest coverage is below 1, suggesting operating earnings may not comfortably cover finance costs. | Net profit margin is negative. | Revenue trend over the available years is negative.",weak_interest_coverage|negative_profit_margin|declining_revenue_trend|declining_cash_flow_trend|rising_borrowings_trend,"ML probability 0.752 against threshold 0.400. 5 rule-based red flag(s) were triggered. Key reasons: Interest coverage is below 1, suggesting operating earnings may not comfortably cover finance costs.; Net profit margin is negative.; Revenue trend over the available years is negative.",hist_gradient_boosting,logistic_regression,tier1a_v1,tier1a_v1,0.39999999999999986,0.4199999999999998,1,1,3
Unity Infraprojects,L99999MH1997PLC107153,Infrastructure,defaulter,2016,0.7522010608479259,75.22,High,0.7386645475505969,73.87,High,0.013536513297329078,agree,8,4,urgent_review,99.0,100.0,100.0,0.0,"Interest coverage is below 1, suggesting operating earnings may not comfortably cover finance costs. | Debt-to-equity is above 2, indicating elevated leverage. | Operating cash flow is negative despite positive revenue.",weak_interest_coverage|excessive_leverage|negative_operating_cash_flow|negative_profit_margin|declining_revenue_trend|rising_borrowings_trend|leverage_spike|margin_drop,"ML probability 0.752 against threshold 0.400. 8 rule-based red flag(s) were triggered. Key reasons: Interest coverage is below 1, suggesting operating earnings may not comfortably cover finance costs.; Debt-to-equity is above 2, indicating elevated leverage.; Operating cash flow is negative despite positive revenue.",hist_gradient_boosting,logistic_regression,tier1a_v1,tier1a_v1,0.39999999999999986,0.4199999999999998,1,1,4
Visa Steel Limited,L51109OR1996PLC004601,Steel & Metals,defaulter,2019,0.7521970463513262,75.22,High,0.7299909055142156,73.0,High,0.02220614083711059,agree,6,3,urgent_review,98.67,100.0,100.0,0.0,"Interest coverage is below 1, suggesting operating earnings may not comfortably cover finance costs. | Debt-to-equity is above 2, indicating elevated leverage. | Net profit margin is negative.",weak_interest_coverage|excessive_leverage|negative_profit_margin|declining_revenue_trend|declining_cash_flow_trend|rising_borrowings_trend,"ML probability 0.752 against threshold 0.400. 6 rule-based red flag(s) were triggered. Key reasons: Interest coverage is below 1, suggesting operating earnings may not comfortably cover finance costs.; Debt-to-equity is above 2, indicating elevated leverage.; Net profit margin is negative.",hist_gradient_boosting,logistic_regression,tier1a_v1,tier1a_v1,0.39999999999999986,0.4199999999999998,1,1,5
IVRCL Limited,L45201AP1987PLC007959,Infrastructure,defaulter,2016,0.7521966615934788,75.22,High,0.7342177265866229,73.42,High,0.01797893500685588,agree,8,4,urgent_review,98.33,98.04,94.12,0.0,"Interest coverage is below 1, suggesting operating earnings may not comfortably cover finance costs. | Debt-to-equity is above 2, indicating elevated leverage. | Operating cash flow is negative despite positive revenue.",weak_interest_coverage|excessive_leverage|negative_operating_cash_flow|negative_profit_margin|declining_revenue_trend|rising_borrowings_trend|leverage_spike|margin_drop,"ML probability 0.752 against threshold 0.400. 8 rule-based red flag(s) were triggered. Key reasons: Interest coverage is below 1, suggesting operating earnings may not comfortably cover finance costs.; Debt-to-equity is above 2, indicating elevated leverage.; Operating cash flow is negative despite positive revenue.",hist_gradient_boosting,logistic_regression,tier1a_v1,tier1a_v1,0.39999999999999986,0.4199999999999998,1,1,6
Visa Steel Limited,L51109OR1996PLC004601,Steel & Metals,defaulter,2020,0.752195521821569,75.22,High,0.736827928628396,73.68,High,0.015367593193173046,agree,8,3,urgent_review,98.0,95.83,100.0,0.0,"Interest coverage is below 1, suggesting operating earnings may not comfortably cover finance costs. | Debt-to-equity is above 2, indicating elevated leverage. | Net profit margin is negative.",weak_interest_coverage|excessive_leverage|negative_profit_margin|declining_revenue_trend|declining_cash_flow_trend|rising_borrowings_trend|leverage_spike|margin_drop,"ML probability 0.752 against threshold 0.400. 8 rule-based red flag(s) were triggered. Key reasons: Interest coverage is below 1, suggesting operating earnings may not comfortably cover finance costs.; Debt-to-equity is above 2, indicating elevated leverage.; Net profit margin is negative.",hist_gradient_boosting,logistic_regression,tier1a_v1,tier1a_v1,0.39999999999999986,0.4199999999999998,1,1,7
Simbhaoli Sugars Ltd,L15122UP2011PLC044210,FMCG / Foods / Agro,defaulter,2022,0.7521931709241024,75.22,High,0.7375335009115226,73.75,High,0.01465967001257984,agree,4,2,urgent_review,97.67,85.71,100.0,0.0,"Interest coverage is below 1, suggesting operating earnings may not comfortably cover finance costs. | Net profit margin is negative. | Revenue trend over the available years is negative.",weak_interest_coverage|negative_profit_margin|declining_revenue_trend|declining_cash_flow_trend,"ML probability 0.752 against threshold 0.400. 4 rule-based red flag(s) were triggered. Key reasons: Interest coverage is below 1, suggesting operating earnings may not comfortably cover finance costs.; Net profit margin is negative.; Revenue trend over the available years is negative.",hist_gradient_boosting,logistic_regression,tier1a_v1,tier1a_v1,0.39999999999999986,0.4199999999999998,1,1,8
Visa Steel Limited,L51109OR1996PLC004601,Steel & Metals,defaulter,2021,0.7521908326812532,75.22,High,0.7383736060794852,73.84,High,0.013817226601767985,agree,6,2,urgent_review,97.33,91.67,100.0,0.0,"Interest coverage is below 1, suggesting operating earnings may not comfortably cover finance costs. | Net profit margin is negative. | Revenue trend over the available years is negative.",weak_interest_coverage|negative_profit_margin|declining_revenue_trend|declining_cash_flow_trend|rising_borrowings_trend|margin_drop,"ML probability 0.752 against threshold 0.400. 6 rule-based red flag(s) were triggered. Key reasons: Interest coverage is below 1, suggesting operating earnings may not comfortably cover finance costs.; Net profit margin is negative.; Revenue trend over the available years is negative.",hist_gradient_boosting,logistic_regression,tier1a_v1,tier1a_v1,0.39999999999999986,0.4199999999999998,1,1,9
Shree Renuka Sugars Limited,L01542KA1995PLC019046,FMCG / Foods / Agro,defaulter,2021,0.7521883096655559,75.22,High,0.734706463644275,73.47,High,0.01748184602128089,agree,4,2,urgent_review,97.0,80.95,100.0,0.0,"Debt-to-equity is above 2, indicating elevated leverage. | Operating cash flow is negative despite positive revenue. | Operating cash flow trend over the available years is negative.",excessive_leverage|negative_operating_cash_flow|declining_cash_flow_trend|rising_borrowings_trend,"ML probability 0.752 against threshold 0.400. 4 rule-based red flag(s) were triggered. Key reasons: Debt-to-equity is above 2, indicating elevated leverage.; Operating cash flow is negative despite positive revenue.; Operating cash flow trend over the available years is negative.",hist_gradient_boosting,logistic_regression,tier1a_v1,tier1a_v1,0.39999999999999986,0.4199999999999998,1,1,10
Shree Renuka Sugars Limited,L01542KA1995PLC019046,FMCG / Foods / Agro,defaulter,2022,0.7521865858974145,75.22,High,0.73246409847613,73.25,High,0.019722487421284463,agree,3,1,urgent_review,96.67,76.19,66.67,0.0,"Debt-to-equity is above 2, indicating elevated leverage. | Operating cash flow trend over the available years is negative. | Borrowings trend over the available years is increasing.",excessive_leverage|declining_cash_flow_trend|rising_borrowings_trend,"ML probability 0.752 against threshold 0.400. 3 rule-based red flag(s) were triggered. Key reasons: Debt-to-equity is above 2, indicating elevated leverage.; Operating cash flow trend over the available years is negative.; Borrowings trend over the available years is increasing.",hist_gradient_boosting,logistic_regression,tier1a_v1,tier1a_v1,0.39999999999999986,0.4199999999999998,1,1,11
REI Agro,L14200WB1994PLC104573,FMCG / Foods / Agro,defaulter,2014,0.7521856455236166,75.22,High,0.7360280762255142,73.6,High,0.016157569298102303,agree,6,3,urgent_review,96.33,71.43,100.0,0.0,"Interest coverage is below 1, suggesting operating earnings may not comfortably cover finance costs. | Debt-to-equity is above 2, indicating elevated leverage. | Net profit margin is negative.",weak_interest_coverage|excessive_leverage|negative_profit_margin|declining_revenue_trend|declining_cash_flow_trend|rising_borrowings_trend,"ML probability 0.752 against threshold 0.400. 6 rule-based red flag(s) were triggered. Key reasons: Interest coverage is below 1, suggesting operating earnings may not comfortably cover finance costs.; Debt-to-equity is above 2, indicating elevated leverage.; Net profit margin is negative.",hist_gradient_boosting,logistic_regression,tier1a_v1,tier1a_v1,0.39999999999999986,0.4199999999999998,1,1,12
Moser Baer India,L51909DL1983PLC015418,Engineering / Manufacturing,defaulter,2016,0.7521850078478715,75.22,High,0.7387286772535053,73.87,High,0.013456330594366128,agree,6,2,urgent_review,96.0,100.0,100.0,0.0,"Interest coverage is below 1, suggesting operating earnings may not comfortably cover finance costs. | Net profit margin is negative. | Revenue trend over the available years is negative.",weak_interest_coverage|negative_profit_margin|declining_revenue_trend|declining_cash_flow_trend|rising_borrowings_trend|margin_drop,"ML probability 0.752 against threshold 0.400. 6 rule-based red flag(s) were triggered. Key reasons: Interest coverage is below 1, suggesting operating earnings may not comfortably cover finance costs.; Net profit margin is negative.; Revenue trend over the available years is negative.",hist_gradient_boosting,logistic_regression,tier1a_v1,tier1a_v1,0.39999999999999986,0.4199999999999998,1,1,13
Era Infra Engineering,L74899DL1990PLC041350,Infrastructure,defaulter,2017,0.752183726167995,75.22,High,0.7386161068895327,73.86,High,0.013567619278462284,agree,4,2,urgent_review,95.67,96.08,100.0,0.0,"Interest coverage is below 1, suggesting operating earnings may not comfortably cover finance costs. | Net profit margin is negative. | Revenue trend over the available years is negative.",weak_interest_coverage|negative_profit_margin|declining_revenue_trend|rising_borrowings_trend,"ML probability 0.752 against threshold 0.400. 4 rule-based red flag(s) were triggered. Key reasons: Interest coverage is below 1, suggesting operating earnings may not comfortably cover finance costs.; Net profit margin is negative.; Revenue trend over the available years is negative.",hist_gradient_boosting,logistic_regression,tier1a_v1,tier1a_v1,0.39999999999999986,0.4199999999999998,1,1,14
Era Infra Engineering,L74899DL1990PLC041350,Infrastructure,defaulter,2016,0.7521827009507678,75.22,High,0.7384928104267757,73.85,High,0.013689890523992054,agree,5,2,urgent_review,95.33,94.12,88.24,0.0,"Interest coverage is below 1, suggesting operating earnings may not comfortably cover finance costs. | Net profit margin is negative. | Revenue trend over the available years is negative.",weak_interest_coverage|negative_profit_margin|declining_revenue_trend|rising_borrowings_trend|margin_drop,"ML probability 0.752 against threshold 0.400. 5 rule-based red flag(s) were triggered. Key reasons: Interest coverage is below 1, suggesting operating earnings may not comfortably cover finance costs.; Net profit margin is negative.; Revenue trend over the available years is negative.",hist_gradient_boosting,logistic_regression,tier1a_v1,tier1a_v1,0.39999999999999986,0.4199999999999998,1,1,15
Surya Pharmaceutical,L24232DL1992PLC227186,Pharma,defaulter,2013,0.752181129283589,75.22,High,0.7385928286550033,73.86,High,0.013588300628585737,agree,7,3,urgent_review,94.67,100.0,100.0,0.0,"Interest coverage is below 1, suggesting operating earnings may not comfortably cover finance costs. | Current ratio is below 1, indicating a short-term liquidity deficit. | Net profit margin is negative.",weak_interest_coverage|weak_liquidity|negative_profit_margin|declining_revenue_trend|declining_cash_flow_trend|rising_borrowings_trend|margin_drop,"ML probability 0.752 against threshold 0.400. 7 rule-based red flag(s) were triggered. Key reasons: Interest coverage is below 1, suggesting operating earnings may not comfortably cover finance costs.; Current ratio is below 1, indicating a short-term liquidity deficit.; Net profit margin is negative.",hist_gradient_boosting,logistic_regression,tier1a_v1,tier1a_v1,0.39999999999999986,0.4199999999999998,1,1,17
Moser Baer India,L51909DL1983PLC015418,Engineering / Manufacturing,defaulter,2015,0.752169966094224,75.22,High,0.738728520466625,73.87,High,0.01344144562759908,agree,6,2,urgent_review,94.33,97.44,100.0,0.0,"Interest coverage is below 1, suggesting operating earnings may not comfortably cover finance costs. | Net profit margin is negative. | Revenue trend over the available years is negative.",weak_interest_coverage|negative_profit_margin|declining_revenue_trend|declining_cash_flow_trend|rising_borrowings_trend|margin_drop,"ML probability 0.752 against threshold 0.400. 6 rule-based red flag(s) were triggered. Key reasons: Interest coverage is below 1, suggesting operating earnings may not comfortably cover finance costs.; Net profit margin is negative.; Revenue trend over the available years is negative.",hist_gradient_boosting,logistic_regression,tier1a_v1,tier1a_v1,0.39999999999999986,0.4199999999999998,1,1,18
Unity Infraprojects,L99999MH1997PLC107153,Infrastructure,defaulter,2015,0.7521688767077853,75.22,High,0.7374355900516535,73.74,High,0.014733286656131828,agree,8,4,urgent_review,94.0,92.16,100.0,0.0,"Interest coverage is below 1, suggesting operating earnings may not comfortably cover finance costs. | Debt-to-equity is above 2, indicating elevated leverage. | Operating cash flow is negative despite positive revenue.",weak_interest_coverage|excessive_leverage|negative_operating_cash_flow|negative_profit_margin|declining_revenue_trend|rising_borrowings_trend|leverage_spike|margin_drop,"ML probability 0.752 against threshold 0.400. 8 rule-based red flag(s) were triggered. Key reasons: Interest coverage is below 1, suggesting operating earnings may not comfortably cover finance costs.; Debt-to-equity is above 2, indicating elevated leverage.; Operating cash flow is negative despite positive revenue.",hist_gradient_boosting,logistic_regression,tier1a_v1,tier1a_v1,0.39999999999999986,0.4199999999999998,1,1,19
Monnet Ispat & Energy Ltd,L02710CT1990PLC009826,Steel & Metals,defaulter,2016,0.7521646223300682,75.22,High,0.7362465282127383,73.62,High,0.015918094117329917,agree,7,3,urgent_review,93.67,87.5,100.0,0.0,"Interest coverage is below 1, suggesting operating earnings may not comfortably cover finance costs. | Debt-to-equity is above 2, indicating elevated leverage. | Net profit margin is negative.",weak_interest_coverage|excessive_leverage|negative_profit_margin|declining_revenue_trend|rising_borrowings_trend|leverage_spike|margin_drop,"ML probability 0.752 against threshold 0.400. 7 rule-based red flag(s) were triggered. Key reasons: Interest coverage is below 1, suggesting operating earnings may not comfortably cover finance costs.; Debt-to-equity is above 2, indicating elevated leverage.; Net profit margin is negative.",hist_gradient_boosting,logistic_regression,tier1a_v1,tier1a_v1,0.39999999999999986,0.4199999999999998,1,1,20
C Mahendra Exports Limited,L27205MH2007PLC166717,Gems & Jewellery,defaulter,2015,0.7521617379376481,75.22,High,0.737206991885542,73.72,High,0.014954746052106116,agree,9,4,urgent_review,93.33,100.0,100.0,0.0,"Interest coverage is below 1, suggesting operating earnings may not comfortably cover finance costs. | Debt-to-equity is above 2, indicating elevated leverage. | Operating cash flow is negative despite positive revenue.",weak_interest_coverage|excessive_leverage|negative_operating_cash_flow|negative_profit_margin|declining_revenue_trend|declining_cash_flow_trend|rising_borrowings_trend|leverage_spike|margin_drop,"ML probability 0.752 against threshold 0.400. 9 rule-based red flag(s) were triggered. Key reasons: Interest coverage is below 1, suggesting operating earnings may not comfortably cover finance costs.; Debt-to-equity is above 2, indicating elevated leverage.; Operating cash flow is negative despite positive revenue.",hist_gradient_boosting,logistic_regression,tier1a_v1,tier1a_v1,0.39999999999999986,0.4199999999999998,1,1,21
Gammon India Ltd,L74999DL1922PLC000997,Infrastructure,defaulter,2014,0.7521609080212727,75.22,High,0.6975630147663229,69.76,High,0.05459789325494979,agree,4,3,urgent_review,93.0,90.2,100.0,0.0,"Debt-to-equity is above 2, indicating elevated leverage. | Operating cash flow is negative despite positive revenue. | Contingent liabilities exceed 50% of net worth.",excessive_leverage|negative_operating_cash_flow|large_contingent_liabilities|declining_revenue_trend,"ML probability 0.752 against threshold 0.400. 4 rule-based red flag(s) were triggered. Key reasons: Debt-to-equity is above 2, indicating elevated leverage.; Operating cash flow is negative despite positive revenue.; Contingent liabilities exceed 50% of net worth.",hist_gradient_boosting,logistic_regression,tier1a_v1,tier1a_v1,0.39999999999999986,0.4199999999999998,1,1,22
JVL Agro Industries,L15140UP1989PLC011396,FMCG / Foods / Agro,defaulter,2018,0.7521601957011319,75.22,High,0.7334623655873772,73.35,High,0.0186978301137547,agree,5,2,urgent_review,92.67,61.9,100.0,0.0,"Interest coverage is below 1, suggesting operating earnings may not comfortably cover finance costs. | Operating cash flow is negative despite positive revenue. | Revenue trend over the available years is negative.",weak_interest_coverage|negative_operating_cash_flow|declining_revenue_trend|declining_cash_flow_trend|rising_borrowings_trend,"ML probability 0.752 against threshold 0.400. 5 rule-based red flag(s) were triggered. Key reasons: Interest coverage is below 1, suggesting operating earnings may not comfortably cover finance costs.; Operating cash flow is negative despite positive revenue.; Revenue trend over the available years is negative.",hist_gradient_boosting,logistic_regression,tier1a_v1,tier1a_v1,0.39999999999999986,0.4199999999999998,1,1,23
Surya Pharmaceutical,L24232DL1992PLC227186,Pharma,defaulter,2012,0.7521590170595717,75.22,High,0.6382303543255353,63.82,High,0.11392866273403635,agree,8,5,urgent_review,92.33,91.67,100.0,0.0,"Interest coverage is below 1, suggesting operating earnings may not comfortably cover finance costs. | Debt-to-equity is above 2, indicating elevated leverage. | Current ratio is below 1, indicating a short-term liquidity deficit.",weak_interest_coverage|excessive_leverage|weak_liquidity|negative_profit_margin|large_contingent_liabilities|declining_revenue_trend|declining_cash_flow_trend|rising_borrowings_trend,"ML probability 0.752 against threshold 0.400. 8 rule-based red flag(s) were triggered. Key reasons: Interest coverage is below 1, suggesting operating earnings may not comfortably cover finance costs.; Debt-to-equity is above 2, indicating elevated leverage.; Current ratio is below 1, indicating a short-term liquidity deficit.",hist_gradient_boosting,logistic_regression,tier1a_v1,tier1a_v1,0.39999999999999986,0.4199999999999998,1,1,24
Punj Lloyd Ltd,L74899DL1988PLC033314,Infrastructure,defaulter,2017,0.7521581345311967,75.22,High,0.7155202324894491,71.55,High,0.03663790204174766,agree,4,3,urgent_review,92.0,88.24,80.0,0.0,"Interest coverage is below 1, suggesting operating earnings may not comfortably cover finance costs. | Debt-to-equity is above 2, indicating elevated leverage. | Net profit margin is negative.",weak_interest_coverage|excessive_leverage|negative_profit_margin|leverage_spike,"ML probability 0.752 against threshold 0.400. 4 rule-based red flag(s) were triggered. Key reasons: Interest coverage is below 1, suggesting operating earnings may not comfortably cover finance costs.; Debt-to-equity is above 2, indicating elevated leverage.; Net profit margin is negative.",hist_gradient_boosting,logistic_regression,tier1a_v1,tier1a_v1,0.39999999999999986,0.4199999999999998,1,1,25
Moser Baer India,L51909DL1983PLC015418,Engineering / Manufacturing,defaulter,2013,0.7521486953250259,75.21,High,0.7387040416584065,73.87,High,0.0134446536666194,agree,5,2,urgent_review,91.67,94.87,100.0,0.0,"Interest coverage is below 1, suggesting operating earnings may not comfortably cover finance costs. | Net profit margin is negative. | Revenue trend over the available years is negative.",weak_interest_coverage|negative_profit_margin|declining_revenue_trend|declining_cash_flow_trend|rising_borrowings_trend,"ML probability 0.752 against threshold 0.400. 5 rule-based red flag(s) were triggered. Key reasons: Interest coverage is below 1, suggesting operating earnings may not comfortably cover finance costs.; Net profit margin is negative.; Revenue trend over the available years is negative.",hist_gradient_boosting,logistic_regression,tier1a_v1,tier1a_v1,0.39999999999999986,0.4199999999999998,1,1,26
Metalyst Forgings,L28910MH1977PLC019569,Engineering / Manufacturing,defaulter,2016,0.7521466429126548,75.21,High,0.7377921249189084,73.78,High,0.014354517993746319,agree,8,3,urgent_review,91.33,92.31,91.67,0.0,"Interest coverage is below 1, suggesting operating earnings may not comfortably cover finance costs. | Debt-to-equity is above 2, indicating elevated leverage. | Net profit margin is negative.",weak_interest_coverage|excessive_leverage|negative_profit_margin|declining_revenue_trend|declining_cash_flow_trend|rising_borrowings_trend|leverage_spike|margin_drop,"ML probability 0.752 against threshold 0.400. 8 rule-based red flag(s) were triggered. Key reasons: Interest coverage is below 1, suggesting operating earnings may not comfortably cover finance costs.; Debt-to-equity is above 2, indicating elevated leverage.; Net profit margin is negative.",hist_gradient_boosting,logistic_regression,tier1a_v1,tier1a_v1,0.39999999999999986,0.4199999999999998,1,1,27
SVOGL Oil Gas and Energy,L74899DL1989PLC038542,Oil & Gas / Energy,defaulter,2015,0.752140713637933,75.21,High,0.7387263466863714,73.87,High,0.013414366951561618,agree,9,4,urgent_review,91.0,100.0,100.0,0.0,"Interest coverage is below 1, suggesting operating earnings may not comfortably cover finance costs. | Debt-to-equity is above 2, indicating elevated leverage. | Operating cash flow is negative despite positive revenue.",weak_interest_coverage|excessive_leverage|negative_operating_cash_flow|negative_profit_margin|declining_revenue_trend|declining_cash_flow_trend|rising_borrowings_trend|leverage_spike|margin_drop,"ML probability 0.752 against threshold 0.400. 9 rule-based red flag(s) were triggered. Key reasons: Interest coverage is below 1, suggesting operating earnings may not comfortably cover finance costs.; Debt-to-equity is above 2, indicating elevated leverage.; Operating cash flow is negative despite positive revenue.",hist_gradient_boosting,logistic_regression,tier1a_v1,tier1a_v1,0.39999999999999986,0.4199999999999998,1,1,28
ABG Shipyard Ltd,L61200GJ1985PLC007730,Shipbuilding,defaulter,2016,0.752130758736122,75.21,High,0.7387284424621853,73.87,High,0.013402316273936732,agree,8,4,urgent_review,90.67,100.0,100.0,0.0,"Interest coverage is below 1, suggesting operating earnings may not comfortably cover finance costs. | Current ratio is below 1, indicating a short-term liquidity deficit. | Operating cash flow is negative despite positive revenue.",weak_interest_coverage|weak_liquidity|negative_operating_cash_flow|negative_profit_margin|declining_revenue_trend|declining_cash_flow_trend|rising_borrowings_trend|margin_drop,"ML probability 0.752 against threshold 0.400. 8 rule-based red flag(s) were triggered. Key reasons: Interest coverage is below 1, suggesting operating earnings may not comfortably cover finance costs.; Current ratio is below 1, indicating a short-term liquidity deficit.; Operating cash flow is negative despite positive revenue.",hist_gradient_boosting,logistic_regression,tier1a_v1,tier1a_v1,0.39999999999999986,0.4199999999999998,1,1,29
Simbhaoli Sugars Ltd,L15122UP2011PLC044210,FMCG / Foods / Agro,defaulter,2021,0.7521301047733483,75.21,High,0.7371562970220944,73.72,High,0.014973807751253898,agree,4,2,urgent_review,90.33,57.14,66.67,0.0,"Interest coverage is below 1, suggesting operating earnings may not comfortably cover finance costs. | Net profit margin is negative. | Revenue trend over the available years is negative.",weak_interest_coverage|negative_profit_margin|declining_revenue_trend|declining_cash_flow_trend,"ML probability 0.752 against threshold 0.400. 4 rule-based red flag(s) were triggered. Key reasons: Interest coverage is below 1, suggesting operating earnings may not comfortably cover finance costs.; Net profit margin is negative.; Revenue trend over the available years is negative.",hist_gradient_boosting,logistic_regression,tier1a_v1,tier1a_v1,0.39999999999999986,0.4199999999999998,1,1,30
Surya Pharmaceutical,L24232DL1992PLC227186,Pharma,defaulter,2014,0.7521260838627655,75.21,High,0.7387286432623204,73.87,High,0.01339744060044512,agree,7,3,urgent_review,89.67,83.33,100.0,0.3333333333333333,"Interest coverage is below 1, suggesting operating earnings may not comfortably cover finance costs. | Current ratio is below 1, indicating a short-term liquidity deficit. | Net profit margin is negative.",weak_interest_coverage|weak_liquidity|negative_profit_margin|declining_revenue_trend|declining_cash_flow_trend|rising_borrowings_trend|margin_drop,"ML probability 0.752 against threshold 0.400. 7 rule-based red flag(s) were triggered. Key reasons: Interest coverage is below 1, suggesting operating earnings may not comfortably cover finance costs.; Current ratio is below 1, indicating a short-term liquidity deficit.; Net profit margin is negative.",hist_gradient_boosting,logistic_regression,tier1a_v1,tier1a_v1,0.39999999999999986,0.4199999999999998,1,1,32
Deccan Chronicle Holdings,L22122TG2002PLC040110,Media,defaulter,2012,0.7521225998325616,75.21,High,0.7376360762920343,73.76,High,0.014486523540527263,agree,10,5,urgent_review,89.0,100.0,100.0,0.0,"Interest coverage is below 1, suggesting operating earnings may not comfortably cover finance costs. | Debt-to-equity is above 2, indicating elevated leverage. | Current ratio is below 1, indicating a short-term liquidity deficit.",weak_interest_coverage|excessive_leverage|weak_liquidity|negative_profit_margin|large_contingent_liabilities|declining_revenue_trend|declining_cash_flow_trend|rising_borrowings_trend|leverage_spike|margin_drop,"ML probability 0.752 against threshold 0.400. 10 rule-based red flag(s) were triggered. Key reasons: Interest coverage is below 1, suggesting operating earnings may not comfortably cover finance costs.; Debt-to-equity is above 2, indicating elevated leverage.; Current ratio is below 1, indicating a short-term liquidity deficit.",hist_gradient_boosting,logistic_regression,tier1a_v1,tier1a_v1,0.39999999999999986,0.4199999999999998,1,1,34
SVOGL Oil Gas and Energy,L74899DL1989PLC038542,Oil & Gas / Energy,defaulter,2014,0.7521202462350157,75.21,High,0.7387213011878774,73.87,High,0.013398945047138344,agree,9,4,urgent_review,88.67,83.33,100.0,0.0,"Interest coverage is below 1, suggesting operating earnings may not comfortably cover finance costs. | Debt-to-equity is above 2, indicating elevated leverage. | Operating cash flow is negative despite positive revenue.",weak_interest_coverage|excessive_leverage|negative_operating_cash_flow|negative_profit_margin|declining_revenue_trend|declining_cash_flow_trend|rising_borrowings_trend|leverage_spike|margin_drop,"ML probability 0.752 against threshold 0.400. 9 rule-based red flag(s) were triggered. Key reasons: Interest coverage is below 1, suggesting operating earnings may not comfortably cover finance costs.; Debt-to-equity is above 2, indicating elevated leverage.; Operating cash flow is negative despite positive revenue.",hist_gradient_boosting,logistic_regression,tier1a_v1,tier1a_v1,0.39999999999999986,0.4199999999999998,1,1,35
Pratibha Industries,L45200MH1995PLC090760,Infrastructure,defaulter,2017,0.7521096697389213,75.21,High,0.7383726160091044,73.84,High,0.013737053729816928,agree,9,4,urgent_review,88.33,86.27,60.0,0.0,"Interest coverage is below 1, suggesting operating earnings may not comfortably cover finance costs. | Debt-to-equity is above 2, indicating elevated leverage. | Operating cash flow is negative despite positive revenue.",weak_interest_coverage|excessive_leverage|negative_operating_cash_flow|negative_profit_margin|declining_revenue_trend|declining_cash_flow_trend|rising_borrowings_trend|leverage_spike|margin_drop,"ML probability 0.752 against threshold 0.400. 9 rule-based red flag(s) were triggered. Key reasons: Interest coverage is below 1, suggesting operating earnings may not comfortably cover finance costs.; Debt-to-equity is above 2, indicating elevated leverage.; Operating cash flow is negative despite positive revenue.",hist_gradient_boosting,logistic_regression,tier1a_v1,tier1a_v1,0.39999999999999986,0.4199999999999998,1,1,36
Kingfisher Airlines,L85110KA1995PLC018045,Travel / Aviation / Hospitality,defaulter,2013,0.752101653501824,75.21,High,0.738728682607455,73.87,High,0.013372970894369063,agree,7,3,urgent_review,88.0,100.0,100.0,0.0,"Interest coverage is below 1, suggesting operating earnings may not comfortably cover finance costs. | Operating cash flow is negative despite positive revenue. | Net profit margin is negative.",weak_interest_coverage|negative_operating_cash_flow|negative_profit_margin|declining_revenue_trend|declining_cash_flow_trend|rising_borrowings_trend|margin_drop,"ML probability 0.752 against threshold 0.400. 7 rule-based red flag(s) were triggered. Key reasons: Interest coverage is below 1, suggesting operating earnings may not comfortably cover finance costs.; Operating cash flow is negative despite positive revenue.; Net profit margin is negative.",hist_gradient_boosting,logistic_regression,tier1a_v1,tier1a_v1,0.39999999999999986,0.4199999999999998,1,1,37
Unity Infraprojects,L99999MH1997PLC107153,Infrastructure,defaulter,2014,0.7520989532655272,75.21,High,0.7143731185512646,71.44,High,0.03772583471426261,agree,4,2,urgent_review,87.67,84.31,92.31,0.0,"Debt-to-equity is above 2, indicating elevated leverage. | Operating cash flow is negative despite positive revenue. | Revenue trend over the available years is negative.",excessive_leverage|negative_operating_cash_flow|declining_revenue_trend|rising_borrowings_trend,"ML probability 0.752 against threshold 0.400. 4 rule-based red flag(s) were triggered. Key reasons: Debt-to-equity is above 2, indicating elevated leverage.; Operating cash flow is negative despite positive revenue.; Revenue trend over the available years is negative.",hist_gradient_boosting,logistic_regression,tier1a_v1,tier1a_v1,0.39999999999999986,0.4199999999999998,1,1,38
IVRCL Limited,L45201AP1987PLC007959,Infrastructure,defaulter,2015,0.7520959279452228,75.21,High,0.7245380576118507,72.45,High,0.027557870333372092,agree,7,4,urgent_review,87.33,82.35,92.86,0.0,"Interest coverage is below 1, suggesting operating earnings may not comfortably cover finance costs. | Debt-to-equity is above 2, indicating elevated leverage. | Operating cash flow is negative despite positive revenue.",weak_interest_coverage|excessive_leverage|negative_operating_cash_flow|negative_profit_margin|declining_revenue_trend|rising_borrowings_trend|leverage_spike,"ML probability 0.752 against threshold 0.400. 7 rule-based red flag(s) were triggered. Key reasons: Interest coverage is below 1, suggesting operating earnings may not comfortably cover finance costs.; Debt-to-equity is above 2, indicating elevated leverage.; Operating cash flow is negative despite positive revenue.",hist_gradient_boosting,logistic_regression,tier1a_v1,tier1a_v1,0.39999999999999986,0.4199999999999998,1,1,39
Era Infra Engineering,L74899DL1990PLC041350,Infrastructure,defaulter,2015,0.7520907136387496,75.21,High,0.736848165277314,73.68,High,0.01524254836143557,agree,5,3,urgent_review,87.0,80.39,85.71,0.0,"Interest coverage is below 1, suggesting operating earnings may not comfortably cover finance costs. | Debt-to-equity is above 2, indicating elevated leverage. | Net profit margin is negative.",weak_interest_coverage|excessive_leverage|negative_profit_margin|declining_revenue_trend|rising_borrowings_trend,"ML probability 0.752 against threshold 0.400. 5 rule-based red flag(s) were triggered. Key reasons: Interest coverage is below 1, suggesting operating earnings may not comfortably cover finance costs.; Debt-to-equity is above 2, indicating elevated leverage.; Net profit margin is negative.",hist_gradient_boosting,logistic_regression,tier1a_v1,tier1a_v1,0.39999999999999986,0.4199999999999998,1,1,40
First Leasing Co of India,L65910TN1973PLC006423,NBFC / Leasing,defaulter,2013,0.7520550202359958,75.21,High,0.7238809768508839,72.39,High,0.02817404338511187,agree,4,2,urgent_review,86.67,100.0,100.0,0.0,"Debt-to-equity is above 2, indicating elevated leverage. | Operating cash flow is negative despite positive revenue. | Operating cash flow trend over the available years is negative.",excessive_leverage|negative_operating_cash_flow|declining_cash_flow_trend|rising_borrowings_trend,"ML probability 0.752 against threshold 0.400. 4 rule-based red flag(s) were triggered. Key reasons: Debt-to-equity is above 2, indicating elevated leverage.; Operating cash flow is negative despite positive revenue.; Operating cash flow trend over the available years is negative.",hist_gradient_boosting,logistic_regression,tier1a_v1,tier1a_v1,0.39999999999999986,0.4199999999999998,1,1,41
First Leasing Co of India,L65910TN1973PLC006423,NBFC / Leasing,defaulter,2012,0.752048840062786,75.2,High,0.7239103807667044,72.39,High,0.028138459296081608,agree,5,2,urgent_review,86.33,83.33,100.0,0.0,"Debt-to-equity is above 2, indicating elevated leverage. | Operating cash flow is negative despite positive revenue. | Operating cash flow trend over the available years is negative.",excessive_leverage|negative_operating_cash_flow|declining_cash_flow_trend|rising_borrowings_trend|margin_drop,"ML probability 0.752 against threshold 0.400. 5 rule-based red flag(s) were triggered. Key reasons: Debt-to-equity is above 2, indicating elevated leverage.; Operating cash flow is negative despite positive revenue.; Operating cash flow trend over the available years is negative.",hist_gradient_boosting,logistic_regression,tier1a_v1,tier1a_v1,0.39999999999999986,0.4199999999999998,1,1,42
SVOGL Oil Gas and Energy,L74899DL1989PLC038542,Oil & Gas / Energy,defaulter,2013,0.7520273650869048,75.2,High,0.7374544068632672,73.75,High,0.014572958223637578,agree,4,1,urgent_review,86.0,66.67,100.0,0.0,"Debt-to-equity is above 2, indicating elevated leverage. | Revenue trend over the available years is negative. | Operating cash flow trend over the available years is negative.",excessive_leverage|declining_revenue_trend|declining_cash_flow_trend|rising_borrowings_trend,"ML probability 0.752 against threshold 0.400. 4 rule-based red flag(s) were triggered. Key reasons: Debt-to-equity is above 2, indicating elevated leverage.; Revenue trend over the available years is negative.; Operating cash flow trend over the available years is negative.",hist_gradient_boosting,logistic_regression,tier1a_v1,tier1a_v1,0.39999999999999986,0.4199999999999998,1,1,43
Gitanjali Gems Limited,L36911MH1986PLC040689,Gems & Jewellery,defaulter,2016,0.7520186165254155,75.2,High,0.5916749949071086,59.17,High,0.16034362161830684,agree,2,1,urgent_review,85.67,97.22,100.0,0.0,Contingent liabilities exceed 50% of net worth. | Borrowings trend over the available years is increasing.,large_contingent_liabilities|rising_borrowings_trend,ML probability 0.752 against threshold 0.400. 2 rule-based red flag(s) were triggered. Key reasons: Contingent liabilities exceed 50% of net worth.; Borrowings trend over the available years is increasing.,hist_gradient_boosting,logistic_regression,tier1a_v1,tier1a_v1,0.39999999999999986,0.4199999999999998,1,1,44
Kingfisher Airlines,L85110KA1995PLC018045,Travel / Aviation / Hospitality,defaulter,2011,0.7519681202427915,75.2,High,0.7380985953198601,73.81,High,0.013869524922931364,agree,4,1,urgent_review,85.33,88.89,100.0,0.0,Net profit margin is negative. | Revenue trend over the available years is negative. | Operating cash flow trend over the available years is negative.,negative_profit_margin|declining_revenue_trend|declining_cash_flow_trend|rising_borrowings_trend,ML probability 0.752 against threshold 0.400. 4 rule-based red flag(s) were triggered. Key reasons: Net profit margin is negative.; Revenue trend over the available years is negative.; Operating cash flow trend over the available years is negative.,hist_gradient_boosting,logistic_regression,tier1a_v1,tier1a_v1,0.39999999999999986,0.4199999999999998,1,1,45
SpiceJet Ltd,L51909DL1984PLC288239,Travel / Aviation / Hospitality,defaulter,2023,0.7519466913632762,75.19,High,0.735844678086951,73.58,High,0.01610201327632521,agree,4,2,urgent_review,84.67,77.78,100.0,0.0,"Interest coverage is below 1, suggesting operating earnings may not comfortably cover finance costs. | Net profit margin is negative. | Operating cash flow trend over the available years is negative.",weak_interest_coverage|negative_profit_margin|declining_cash_flow_trend|rising_borrowings_trend,"ML probability 0.752 against threshold 0.400. 4 rule-based red flag(s) were triggered. Key reasons: Interest coverage is below 1, suggesting operating earnings may not comfortably cover finance costs.; Net profit margin is negative.; Operating cash flow trend over the available years is negative.",hist_gradient_boosting,logistic_regression,tier1a_v1,tier1a_v1,0.39999999999999986,0.4199999999999998,1,1,47
Monnet Ispat & Energy Ltd,L02710CT1990PLC009826,Steel & Metals,defaulter,2015,0.7519438471464108,75.19,High,0.7247056858740019,72.47,High,0.027238161272408967,agree,7,3,urgent_review,84.33,83.33,100.0,0.0,"Interest coverage is below 1, suggesting operating earnings may not comfortably cover finance costs. | Debt-to-equity is above 2, indicating elevated leverage. | Net profit margin is negative.",weak_interest_coverage|excessive_leverage|negative_profit_margin|declining_revenue_trend|rising_borrowings_trend|leverage_spike|margin_drop,"ML probability 0.752 against threshold 0.400. 7 rule-based red flag(s) were triggered. Key reasons: Interest coverage is below 1, suggesting operating earnings may not comfortably cover finance costs.; Debt-to-equity is above 2, indicating elevated leverage.; Net profit margin is negative.",hist_gradient_boosting,logistic_regression,tier1a_v1,tier1a_v1,0.39999999999999986,0.4199999999999998,1,1,48
Gammon India Ltd,L74999DL1922PLC000997,Infrastructure,defaulter,2016,0.7518945502482061,75.19,High,0.5951404597644895,59.51,High,0.15675409048371658,agree,4,3,urgent_review,84.0,78.43,82.35,0.0,"Debt-to-equity is above 2, indicating elevated leverage. | Current ratio is below 1, indicating a short-term liquidity deficit. | Contingent liabilities exceed 50% of net worth.",excessive_leverage|weak_liquidity|large_contingent_liabilities|declining_revenue_trend,"ML probability 0.752 against threshold 0.400. 4 rule-based red flag(s) were triggered. Key reasons: Debt-to-equity is above 2, indicating elevated leverage.; Current ratio is below 1, indicating a short-term liquidity deficit.; Contingent liabilities exceed 50% of net worth.",hist_gradient_boosting,logistic_regression,tier1a_v1,tier1a_v1,0.39999999999999986,0.4199999999999998,1,1,49
IVRCL Limited,L45201AP1987PLC007959,Infrastructure,defaulter,2014,0.7518932453817914,75.19,High,0.6913557253073227,69.14,High,0.060537520074468665,agree,6,4,urgent_review,83.67,76.47,84.62,0.0,"Interest coverage is below 1, suggesting operating earnings may not comfortably cover finance costs. | Debt-to-equity is above 2, indicating elevated leverage. | Operating cash flow is negative despite positive revenue.",weak_interest_coverage|excessive_leverage|negative_operating_cash_flow|negative_profit_margin|declining_revenue_trend|rising_borrowings_trend,"ML probability 0.752 against threshold 0.400. 6 rule-based red flag(s) were triggered. Key reasons: Interest coverage is below 1, suggesting operating earnings may not comfortably cover finance costs.; Debt-to-equity is above 2, indicating elevated leverage.; Operating cash flow is negative despite positive revenue.",hist_gradient_boosting,logistic_regression,tier1a_v1,tier1a_v1,0.39999999999999986,0.4199999999999998,1,1,50
Suzlon Energy Ltd,L40100GJ1995PLC025447,Oil & Gas / Energy,defaulter,2018,0.7518585988565601,75.19,High,0.7360501312034236,73.61,High,0.015808467653136593,agree,8,4,urgent_review,83.33,50.0,100.0,0.0,"Interest coverage is below 1, suggesting operating earnings may not comfortably cover finance costs. | Debt-to-equity is above 2, indicating elevated leverage. | Operating cash flow is negative despite positive revenue.",weak_interest_coverage|excessive_leverage|negative_operating_cash_flow|negative_profit_margin|declining_cash_flow_trend|rising_borrowings_trend|leverage_spike|margin_drop,"ML probability 0.752 against threshold 0.400. 8 rule-based red flag(s) were triggered. Key reasons: Interest coverage is below 1, suggesting operating earnings may not comfortably cover finance costs.; Debt-to-equity is above 2, indicating elevated leverage.; Operating cash flow is negative despite positive revenue.",hist_gradient_boosting,logistic_regression,tier1a_v1,tier1a_v1,0.39999999999999986,0.4199999999999998,1,1,51
Varun Industries,L28990MH1996PLC097945,Steel & Metals,defaulter,2013,0.7518558644056091,75.19,High,0.7371455393864792,73.71,High,0.014710325019129944,agree,10,5,urgent_review,83.0,79.17,100.0,0.0,"Interest coverage is below 1, suggesting operating earnings may not comfortably cover finance costs. | Debt-to-equity is above 2, indicating elevated leverage. | Operating cash flow is negative despite positive revenue.",weak_interest_coverage|excessive_leverage|negative_operating_cash_flow|negative_profit_margin|large_contingent_liabilities|declining_revenue_trend|declining_cash_flow_trend|rising_borrowings_trend|leverage_spike|margin_drop,"ML probability 0.752 against threshold 0.400. 10 rule-based red flag(s) were triggered. Key reasons: Interest coverage is below 1, suggesting operating earnings may not comfortably cover finance costs.; Debt-to-equity is above 2, indicating elevated leverage.; Operating cash flow is negative despite positive revenue.",hist_gradient_boosting,logistic_regression,tier1a_v1,tier1a_v1,0.39999999999999986,0.4199999999999998,1,1,52
Kingfisher Airlines,L85110KA1995PLC018045,Travel / Aviation / Hospitality,defaulter,2012,0.7518391263970186,75.18,High,0.7386803961639193,73.87,High,0.013158730233099214,agree,7,3,urgent_review,82.67,66.67,100.0,0.0,"Interest coverage is below 1, suggesting operating earnings may not comfortably cover finance costs. | Operating cash flow is negative despite positive revenue. | Net profit margin is negative.",weak_interest_coverage|negative_operating_cash_flow|negative_profit_margin|declining_revenue_trend|declining_cash_flow_trend|rising_borrowings_trend|margin_drop,"ML probability 0.752 against threshold 0.400. 7 rule-based red flag(s) were triggered. Key reasons: Interest coverage is below 1, suggesting operating earnings may not comfortably cover finance costs.; Operating cash flow is negative despite positive revenue.; Net profit margin is negative.",hist_gradient_boosting,logistic_regression,tier1a_v1,tier1a_v1,0.39999999999999986,0.4199999999999998,1,1,53
ABG Shipyard Ltd,L61200GJ1985PLC007730,Shipbuilding,defaulter,2015,0.7518057636257858,75.18,High,0.7379144610294579,73.79,High,0.01389130259632787,agree,10,5,urgent_review,82.33,83.33,100.0,0.0,"Interest coverage is below 1, suggesting operating earnings may not comfortably cover finance costs. | Debt-to-equity is above 2, indicating elevated leverage. | Operating cash flow is negative despite positive revenue.",weak_interest_coverage|excessive_leverage|negative_operating_cash_flow|negative_profit_margin|large_contingent_liabilities|declining_revenue_trend|declining_cash_flow_trend|rising_borrowings_trend|leverage_spike|margin_drop,"ML probability 0.752 against threshold 0.400. 10 rule-based red flag(s) were triggered. Key reasons: Interest coverage is below 1, suggesting operating earnings may not comfortably cover finance costs.; Debt-to-equity is above 2, indicating elevated leverage.; Operating cash flow is negative despite positive revenue.",hist_gradient_boosting,logistic_regression,tier1a_v1,tier1a_v1,0.39999999999999986,0.4199999999999998,1,1,54
Punj Lloyd Ltd,L74899DL1988PLC033314,Infrastructure,defaulter,2016,0.7517815779787792,75.18,High,0.7268581543521899,72.69,High,0.02492342362658928,agree,4,4,urgent_review,82.0,74.51,76.47,0.0,"Interest coverage is below 1, suggesting operating earnings may not comfortably cover finance costs. | Debt-to-equity is above 2, indicating elevated leverage. | Operating cash flow is negative despite positive revenue.",weak_interest_coverage|excessive_leverage|negative_operating_cash_flow|negative_profit_margin,"ML probability 0.752 against threshold 0.400. 4 rule-based red flag(s) were triggered. Key reasons: Interest coverage is below 1, suggesting operating earnings may not comfortably cover finance costs.; Debt-to-equity is above 2, indicating elevated leverage.; Operating cash flow is negative despite positive revenue.",hist_gradient_boosting,logistic_regression,tier1a_v1,tier1a_v1,0.39999999999999986,0.4199999999999998,1,1,55
JVL Agro Industries,L15140UP1989PLC011396,FMCG / Foods / Agro,defaulter,2017,0.7517453062730363,75.17,High,0.683357092500437,68.34,High,0.0683882137725993,agree,4,1,urgent_review,81.67,42.86,50.0,0.0,Operating cash flow is negative despite positive revenue. | Revenue trend over the available years is negative. | Operating cash flow trend over the available years is negative.,negative_operating_cash_flow|declining_revenue_trend|declining_cash_flow_trend|rising_borrowings_trend,ML probability 0.752 against threshold 0.400. 4 rule-based red flag(s) were triggered. Key reasons: Operating cash flow is negative despite positive revenue.; Revenue trend over the available years is negative.; Operating cash flow trend over the available years is negative.,hist_gradient_boosting,logistic_regression,tier1a_v1,tier1a_v1,0.39999999999999986,0.4199999999999998,1,1,56
Pratibha Industries,L45200MH1995PLC090760,Infrastructure,defaulter,2016,0.7517204608626575,75.17,High,0.7066774495289846,70.67,High,0.045043011333672944,agree,6,2,urgent_review,81.33,72.55,70.59,0.0,"Debt-to-equity is above 2, indicating elevated leverage. | Operating cash flow is negative despite positive revenue. | Revenue trend over the available years is negative.",excessive_leverage|negative_operating_cash_flow|declining_revenue_trend|declining_cash_flow_trend|rising_borrowings_trend|leverage_spike,"ML probability 0.752 against threshold 0.400. 6 rule-based red flag(s) were triggered. Key reasons: Debt-to-equity is above 2, indicating elevated leverage.; Operating cash flow is negative despite positive revenue.; Revenue trend over the available years is negative.",hist_gradient_boosting,logistic_regression,tier1a_v1,tier1a_v1,0.39999999999999986,0.4199999999999998,1,1,57
TBZ - The Bride's Jeweller,L27205MH2007PLC167425,Gems & Jewellery,non_defaulter,2016,0.7516735040970931,75.17,High,0.7085760433791896,70.86,High,0.043097460717903546,agree,3,2,urgent_review,81.0,91.67,85.71,0.0,"Interest coverage is below 1, suggesting operating earnings may not comfortably cover finance costs. | Net profit margin is negative. | Revenue trend over the available years is negative.",weak_interest_coverage|negative_profit_margin|declining_revenue_trend,"ML probability 0.752 against threshold 0.400. 3 rule-based red flag(s) were triggered. Key reasons: Interest coverage is below 1, suggesting operating earnings may not comfortably cover finance costs.; Net profit margin is negative.; Revenue trend over the available years is negative.",hist_gradient_boosting,logistic_regression,tier1a_v1,tier1a_v1,0.39999999999999986,0.4199999999999998,1,1,58
Punj Lloyd Ltd,L74899DL1988PLC033314,Infrastructure,defaulter,2018,0.7516728324478775,75.17,High,0.6670340105506652,66.7,High,0.08463882189721228,agree,1,1,urgent_review,80.67,70.59,100.0,0.0,"Interest coverage is below 1, suggesting operating earnings may not comfortably cover finance costs.",weak_interest_coverage,"ML probability 0.752 against threshold 0.400. 1 rule-based red flag(s) were triggered. Key reasons: Interest coverage is below 1, suggesting operating earnings may not comfortably cover finance costs.",hist_gradient_boosting,logistic_regression,tier1a_v1,tier1a_v1,0.39999999999999986,0.4199999999999998,1,1,59
Jyoti Structures Ltd,L45200MH1974PLC017494,Infrastructure,defaulter,2016,0.7516223861299007,75.16,High,0.7269640869933678,72.7,High,0.024658299136532946,agree,9,4,urgent_review,80.0,68.63,64.71,0.0,"Interest coverage is below 1, suggesting operating earnings may not comfortably cover finance costs. | Debt-to-equity is above 2, indicating elevated leverage. | Operating cash flow is negative despite positive revenue.",weak_interest_coverage|excessive_leverage|negative_operating_cash_flow|negative_profit_margin|declining_revenue_trend|declining_cash_flow_trend|rising_borrowings_trend|leverage_spike|margin_drop,"ML probability 0.752 against threshold 0.400. 9 rule-based red flag(s) were triggered. Key reasons: Interest coverage is below 1, suggesting operating earnings may not comfortably cover finance costs.; Debt-to-equity is above 2, indicating elevated leverage.; Operating cash flow is negative despite positive revenue.",hist_gradient_boosting,logistic_regression,tier1a_v1,tier1a_v1,0.39999999999999986,0.4199999999999998,1,1,61
Shree Ganesh Jewellery House,L36911WB2002PLC095086,Gems & Jewellery,defaulter,2015,0.7516098933589692,75.16,High,0.7386497137319223,73.86,High,0.012960179627046875,agree,11,6,urgent_review,79.33,83.33,75.0,0.0,"Interest coverage is below 1, suggesting operating earnings may not comfortably cover finance costs. | Debt-to-equity is above 2, indicating elevated leverage. | Current ratio is below 1, indicating a short-term liquidity deficit.",weak_interest_coverage|excessive_leverage|weak_liquidity|negative_operating_cash_flow|negative_profit_margin|large_contingent_liabilities|declining_revenue_trend|declining_cash_flow_trend|rising_borrowings_trend|leverage_spike|margin_drop,"ML probability 0.752 against threshold 0.400. 11 rule-based red flag(s) were triggered. Key reasons: Interest coverage is below 1, suggesting operating earnings may not comfortably cover finance costs.; Debt-to-equity is above 2, indicating elevated leverage.; Current ratio is below 1, indicating a short-term liquidity deficit.",hist_gradient_boosting,logistic_regression,tier1a_v1,tier1a_v1,0.39999999999999986,0.4199999999999998,1,1,63
Hanung Toys and Textiles,L74999DL1990PLC041722,Textiles,defaulter,2017,0.7516020079455756,75.16,High,0.738728682602875,73.87,High,0.012873325342700581,agree,3,1,urgent_review,79.0,100.0,100.0,0.0,Net profit margin is negative. | Revenue trend over the available years is negative. | Net profit margin deteriorated materially year over year.,negative_profit_margin|declining_revenue_trend|margin_drop,ML probability 0.752 against threshold 0.400. 3 rule-based red flag(s) were triggered. Key reasons: Net profit margin is negative.; Revenue trend over the available years is negative.; Net profit margin deteriorated materially year over year.,hist_gradient_boosting,logistic_regression,tier1a_v1,tier1a_v1,0.39999999999999986,0.4199999999999998,1,1,64
Shri Lakshmi Cotsyn,L17122UP1988PLC009985,Textiles,defaulter,2017,0.7515713492114257,75.16,High,0.7387247889456862,73.87,High,0.012846560265739493,agree,4,2,urgent_review,78.0,96.3,83.33,0.0,"Interest coverage is below 1, suggesting operating earnings may not comfortably cover finance costs. | Net profit margin is negative. | Revenue trend over the available years is negative.",weak_interest_coverage|negative_profit_margin|declining_revenue_trend|margin_drop,"ML probability 0.752 against threshold 0.400. 4 rule-based red flag(s) were triggered. Key reasons: Interest coverage is below 1, suggesting operating earnings may not comfortably cover finance costs.; Net profit margin is negative.; Revenue trend over the available years is negative.",hist_gradient_boosting,logistic_regression,tier1a_v1,tier1a_v1,0.39999999999999986,0.4199999999999998,1,1,67
Shri Lakshmi Cotsyn,L17122UP1988PLC009985,Textiles,defaulter,2016,0.7515320398916184,75.15,High,0.738655366142497,73.87,High,0.012876673749121381,agree,3,2,urgent_review,77.67,92.59,100.0,0.0,"Interest coverage is below 1, suggesting operating earnings may not comfortably cover finance costs. | Net profit margin is negative. | Revenue trend over the available years is negative.",weak_interest_coverage|negative_profit_margin|declining_revenue_trend,"ML probability 0.752 against threshold 0.400. 3 rule-based red flag(s) were triggered. Key reasons: Interest coverage is below 1, suggesting operating earnings may not comfortably cover finance costs.; Net profit margin is negative.; Revenue trend over the available years is negative.",hist_gradient_boosting,logistic_regression,tier1a_v1,tier1a_v1,0.39999999999999986,0.4199999999999998,1,1,68
Parekh Aluminex,L27203MH1994PLC080732,Engineering / Manufacturing,defaulter,2012,0.7514224362316939,75.14,High,0.7288738814342459,72.89,High,0.022548554797447995,agree,5,2,urgent_review,77.0,89.74,100.0,0.0,"Debt-to-equity is above 2, indicating elevated leverage. | Operating cash flow is negative despite positive revenue. | Operating cash flow trend over the available years is negative.",excessive_leverage|negative_operating_cash_flow|declining_cash_flow_trend|rising_borrowings_trend|leverage_spike,"ML probability 0.751 against threshold 0.400. 5 rule-based red flag(s) were triggered. Key reasons: Debt-to-equity is above 2, indicating elevated leverage.; Operating cash flow is negative despite positive revenue.; Operating cash flow trend over the available years is negative.",hist_gradient_boosting,logistic_regression,tier1a_v1,tier1a_v1,0.39999999999999986,0.4199999999999998,1,1,70
Sical Logistics Ltd,L51909TN1955PLC002431,Logistics,defaulter,2019,0.7513976967234207,75.14,High,0.6985373342416433,69.85,High,0.05286036248177739,agree,2,1,urgent_review,76.67,100.0,100.0,0.0,Operating cash flow is negative despite positive revenue. | Revenue trend over the available years is negative.,negative_operating_cash_flow|declining_revenue_trend,ML probability 0.751 against threshold 0.400. 2 rule-based red flag(s) were triggered. Key reasons: Operating cash flow is negative despite positive revenue.; Revenue trend over the available years is negative.,hist_gradient_boosting,logistic_regression,tier1a_v1,tier1a_v1,0.39999999999999986,0.4199999999999998,1,1,71
Gammon India Ltd,L74999DL1922PLC000997,Infrastructure,defaulter,2017,0.7513897607250297,75.14,High,0.7385043085027216,73.85,High,0.01288545222230808,agree,8,5,urgent_review,76.33,62.75,40.0,0.0,"Interest coverage is below 1, suggesting operating earnings may not comfortably cover finance costs. | Debt-to-equity is above 2, indicating elevated leverage. | Current ratio is below 1, indicating a short-term liquidity deficit.",weak_interest_coverage|excessive_leverage|weak_liquidity|negative_profit_margin|large_contingent_liabilities|declining_revenue_trend|leverage_spike|margin_drop,"ML probability 0.751 against threshold 0.400. 8 rule-based red flag(s) were triggered. Key reasons: Interest coverage is below 1, suggesting operating earnings may not comfortably cover finance costs.; Debt-to-equity is above 2, indicating elevated leverage.; Current ratio is below 1, indicating a short-term liquidity deficit.",hist_gradient_boosting,logistic_regression,tier1a_v1,tier1a_v1,0.39999999999999986,0.4199999999999998,1,1,72
Monnet Ispat & Energy Ltd,L02710CT1990PLC009826,Steel & Metals,defaulter,2014,0.7513877516601647,75.14,High,0.6879052877699484,68.79,High,0.06348246389021628,agree,3,1,urgent_review,76.0,75.0,100.0,0.0,"Debt-to-equity is above 2, indicating elevated leverage. | Revenue trend over the available years is negative. | Borrowings trend over the available years is increasing.",excessive_leverage|declining_revenue_trend|rising_borrowings_trend,"ML probability 0.751 against threshold 0.400. 3 rule-based red flag(s) were triggered. Key reasons: Debt-to-equity is above 2, indicating elevated leverage.; Revenue trend over the available years is negative.; Borrowings trend over the available years is increasing.",hist_gradient_boosting,logistic_regression,tier1a_v1,tier1a_v1,0.39999999999999986,0.4199999999999998,1,1,73
SpiceJet Ltd,L51909DL1984PLC288239,Travel / Aviation / Hospitality,defaulter,2022,0.7513847738232738,75.14,High,0.7380103492158577,73.8,High,0.013374424607416113,agree,5,2,urgent_review,75.67,55.56,100.0,0.0,"Interest coverage is below 1, suggesting operating earnings may not comfortably cover finance costs. | Net profit margin is negative. | Operating cash flow trend over the available years is negative.",weak_interest_coverage|negative_profit_margin|declining_cash_flow_trend|rising_borrowings_trend|margin_drop,"ML probability 0.751 against threshold 0.400. 5 rule-based red flag(s) were triggered. Key reasons: Interest coverage is below 1, suggesting operating earnings may not comfortably cover finance costs.; Net profit margin is negative.; Operating cash flow trend over the available years is negative.",hist_gradient_boosting,logistic_regression,tier1a_v1,tier1a_v1,0.39999999999999986,0.4199999999999998,1,1,74
HCC (Hindustan Construction Co Ltd),L26922MH1926PLC000407,Infrastructure,defaulter,2016,0.7513500857723739,75.14,High,0.6545011154094796,65.45,High,0.0968489703628943,agree,4,4,urgent_review,75.33,60.78,58.82,0.0,"Debt-to-equity is above 2, indicating elevated leverage. | Current ratio is below 1, indicating a short-term liquidity deficit. | A qualified, adverse, or disclaimer audit opinion was detected.",excessive_leverage|weak_liquidity|qualified_audit_signal|large_contingent_liabilities,"ML probability 0.751 against threshold 0.400. 4 rule-based red flag(s) were triggered. Key reasons: Debt-to-equity is above 2, indicating elevated leverage.; Current ratio is below 1, indicating a short-term liquidity deficit.; A qualified, adverse, or disclaimer audit opinion was detected.",hist_gradient_boosting,logistic_regression,tier1a_v1,tier1a_v1,0.39999999999999986,0.4199999999999998,1,1,75
ABG Shipyard Ltd,L61200GJ1985PLC007730,Shipbuilding,defaulter,2014,0.7513238028086736,75.13,High,0.7269982611416181,72.7,High,0.024325541667055472,agree,8,5,urgent_review,75.0,66.67,100.0,0.0,"Interest coverage is below 1, suggesting operating earnings may not comfortably cover finance costs. | Debt-to-equity is above 2, indicating elevated leverage. | Operating cash flow is negative despite positive revenue.",weak_interest_coverage|excessive_leverage|negative_operating_cash_flow|negative_profit_margin|large_contingent_liabilities|declining_revenue_trend|declining_cash_flow_trend|rising_borrowings_trend,"ML probability 0.751 against threshold 0.400. 8 rule-based red flag(s) were triggered. Key reasons: Interest coverage is below 1, suggesting operating earnings may not comfortably cover finance costs.; Debt-to-equity is above 2, indicating elevated leverage.; Operating cash flow is negative despite positive revenue.",hist_gradient_boosting,logistic_regression,tier1a_v1,tier1a_v1,0.39999999999999986,0.4199999999999998,1,1,76
First Leasing Co of India,L65910TN1973PLC006423,NBFC / Leasing,defaulter,2011,0.7512942880728218,75.13,High,0.7141593928358286,71.42,High,0.037134895236993204,agree,4,2,urgent_review,74.67,66.67,100.0,0.0,"Debt-to-equity is above 2, indicating elevated leverage. | Operating cash flow is negative despite positive revenue. | Operating cash flow trend over the available years is negative.",excessive_leverage|negative_operating_cash_flow|declining_cash_flow_trend|rising_borrowings_trend,"ML probability 0.751 against threshold 0.400. 4 rule-based red flag(s) were triggered. Key reasons: Debt-to-equity is above 2, indicating elevated leverage.; Operating cash flow is negative despite positive revenue.; Operating cash flow trend over the available years is negative.",hist_gradient_boosting,logistic_regression,tier1a_v1,tier1a_v1,0.39999999999999986,0.4199999999999998,1,1,77
Shree Renuka Sugars Limited,L01542KA1995PLC019046,FMCG / Foods / Agro,defaulter,2020,0.7512838586262327,75.13,High,0.7315696330865793,73.16,High,0.019714225539653407,agree,4,2,urgent_review,74.33,38.1,100.0,0.0,"Interest coverage is below 1, suggesting operating earnings may not comfortably cover finance costs. | Net profit margin is negative. | Operating cash flow trend over the available years is negative.",weak_interest_coverage|negative_profit_margin|declining_cash_flow_trend|rising_borrowings_trend,"ML probability 0.751 against threshold 0.400. 4 rule-based red flag(s) were triggered. Key reasons: Interest coverage is below 1, suggesting operating earnings may not comfortably cover finance costs.; Net profit margin is negative.; Operating cash flow trend over the available years is negative.",hist_gradient_boosting,logistic_regression,tier1a_v1,tier1a_v1,0.39999999999999986,0.4199999999999998,1,1,78
Varun Industries,L28990MH1996PLC097945,Steel & Metals,defaulter,2012,0.7510752600978196,75.11,High,0.6015718362216336,60.16,High,0.14950342387618598,agree,11,6,urgent_review,74.0,70.83,100.0,0.0,"Interest coverage is below 1, suggesting operating earnings may not comfortably cover finance costs. | Debt-to-equity is above 2, indicating elevated leverage. | Current ratio is below 1, indicating a short-term liquidity deficit.",weak_interest_coverage|excessive_leverage|weak_liquidity|negative_operating_cash_flow|negative_profit_margin|large_contingent_liabilities|declining_revenue_trend|declining_cash_flow_trend|rising_borrowings_trend|leverage_spike|margin_drop,"ML probability 0.751 against threshold 0.400. 11 rule-based red flag(s) were triggered. Key reasons: Interest coverage is below 1, suggesting operating earnings may not comfortably cover finance costs.; Debt-to-equity is above 2, indicating elevated leverage.; Current ratio is below 1, indicating a short-term liquidity deficit.",hist_gradient_boosting,logistic_regression,tier1a_v1,tier1a_v1,0.39999999999999986,0.4199999999999998,1,1,79
Jyoti Structures Ltd,L45200MH1974PLC017494,Infrastructure,defaulter,2015,0.7510687193749647,75.11,High,0.7200411591871703,72.0,High,0.0310275601877944,agree,9,4,urgent_review,73.67,58.82,71.43,0.0,"Interest coverage is below 1, suggesting operating earnings may not comfortably cover finance costs. | Debt-to-equity is above 2, indicating elevated leverage. | Operating cash flow is negative despite positive revenue.",weak_interest_coverage|excessive_leverage|negative_operating_cash_flow|negative_profit_margin|declining_revenue_trend|declining_cash_flow_trend|rising_borrowings_trend|leverage_spike|margin_drop,"ML probability 0.751 against threshold 0.400. 9 rule-based red flag(s) were triggered. Key reasons: Interest coverage is below 1, suggesting operating earnings may not comfortably cover finance costs.; Debt-to-equity is above 2, indicating elevated leverage.; Operating cash flow is negative despite positive revenue.",hist_gradient_boosting,logistic_regression,tier1a_v1,tier1a_v1,0.39999999999999986,0.4199999999999998,1,1,80
Gitanjali Gems Limited,L36911MH1986PLC040689,Gems & Jewellery,defaulter,2015,0.7510368368951938,75.1,High,0.6555143655387061,65.55,High,0.09552247135648773,agree,2,1,urgent_review,73.33,77.78,62.5,0.0,Contingent liabilities exceed 50% of net worth. | Borrowings trend over the available years is increasing.,large_contingent_liabilities|rising_borrowings_trend,ML probability 0.751 against threshold 0.400. 2 rule-based red flag(s) were triggered. Key reasons: Contingent liabilities exceed 50% of net worth.; Borrowings trend over the available years is increasing.,hist_gradient_boosting,logistic_regression,tier1a_v1,tier1a_v1,0.39999999999999986,0.4199999999999998,1,1,81
Hanung Toys and Textiles,L74999DL1990PLC041722,Textiles,defaulter,2015,0.7509875716700063,75.1,High,0.7387286803117897,73.87,High,0.012258891358216562,agree,4,3,urgent_review,73.0,88.89,100.0,0.0,"Interest coverage is below 1, suggesting operating earnings may not comfortably cover finance costs. | Operating cash flow is negative despite positive revenue. | Net profit margin is negative.",weak_interest_coverage|negative_operating_cash_flow|negative_profit_margin|declining_revenue_trend,"ML probability 0.751 against threshold 0.400. 4 rule-based red flag(s) were triggered. Key reasons: Interest coverage is below 1, suggesting operating earnings may not comfortably cover finance costs.; Operating cash flow is negative despite positive revenue.; Net profit margin is negative.",hist_gradient_boosting,logistic_regression,tier1a_v1,tier1a_v1,0.39999999999999986,0.4199999999999998,1,1,82
Shree Ganesh Jewellery House,L36911WB2002PLC095086,Gems & Jewellery,defaulter,2014,0.7508196100917939,75.08,High,0.7164438805860085,71.64,High,0.03437572950578538,agree,11,6,urgent_review,72.67,75.0,50.0,0.0,"Interest coverage is below 1, suggesting operating earnings may not comfortably cover finance costs. | Debt-to-equity is above 2, indicating elevated leverage. | Current ratio is below 1, indicating a short-term liquidity deficit.",weak_interest_coverage|excessive_leverage|weak_liquidity|negative_operating_cash_flow|negative_profit_margin|large_contingent_liabilities|declining_revenue_trend|declining_cash_flow_trend|rising_borrowings_trend|leverage_spike|margin_drop,"ML probability 0.751 against threshold 0.400. 11 rule-based red flag(s) were triggered. Key reasons: Interest coverage is below 1, suggesting operating earnings may not comfortably cover finance costs.; Debt-to-equity is above 2, indicating elevated leverage.; Current ratio is below 1, indicating a short-term liquidity deficit.",hist_gradient_boosting,logistic_regression,tier1a_v1,tier1a_v1,0.39999999999999986,0.4199999999999998,1,1,83
Lanco Infratech Ltd,L45200TG1993PLC015545,Infrastructure,defaulter,2016,0.7508002786645837,75.08,High,0.7096463713200597,70.96,High,0.041153907344523954,agree,7,4,urgent_review,72.33,56.86,52.94,0.0,"Interest coverage is below 1, suggesting operating earnings may not comfortably cover finance costs. | Debt-to-equity is above 2, indicating elevated leverage. | Operating cash flow is negative despite positive revenue.",weak_interest_coverage|excessive_leverage|negative_operating_cash_flow|negative_profit_margin|declining_cash_flow_trend|rising_borrowings_trend|leverage_spike,"ML probability 0.751 against threshold 0.400. 7 rule-based red flag(s) were triggered. Key reasons: Interest coverage is below 1, suggesting operating earnings may not comfortably cover finance costs.; Debt-to-equity is above 2, indicating elevated leverage.; Operating cash flow is negative despite positive revenue.",hist_gradient_boosting,logistic_regression,tier1a_v1,tier1a_v1,0.39999999999999986,0.4199999999999998,1,1,84
Shri Lakshmi Cotsyn,L17122UP1988PLC009985,Textiles,defaulter,2015,0.7507971218067255,75.08,High,0.7387234932815665,73.87,High,0.01207362852515903,agree,4,3,urgent_review,72.0,85.19,85.71,0.0,"Interest coverage is below 1, suggesting operating earnings may not comfortably cover finance costs. | Operating cash flow is negative despite positive revenue. | Net profit margin is negative.",weak_interest_coverage|negative_operating_cash_flow|negative_profit_margin|declining_revenue_trend,"ML probability 0.751 against threshold 0.400. 4 rule-based red flag(s) were triggered. Key reasons: Interest coverage is below 1, suggesting operating earnings may not comfortably cover finance costs.; Operating cash flow is negative despite positive revenue.; Net profit margin is negative.",hist_gradient_boosting,logistic_regression,tier1a_v1,tier1a_v1,0.39999999999999986,0.4199999999999998,1,1,85
Jaiprakash Associates Ltd,L14106UP1995PLC019017,Cement,defaulter,2014,0.7506492645167231,75.06,High,0.6736772810117163,67.37,High,0.07697198350500678,agree,2,1,urgent_review,71.67,100.0,100.0,0.0,"Debt-to-equity is above 2, indicating elevated leverage. | Revenue trend over the available years is negative.",excessive_leverage|declining_revenue_trend,"ML probability 0.751 against threshold 0.400. 2 rule-based red flag(s) were triggered. Key reasons: Debt-to-equity is above 2, indicating elevated leverage.; Revenue trend over the available years is negative.",hist_gradient_boosting,logistic_regression,tier1a_v1,tier1a_v1,0.39999999999999986,0.4199999999999998,1,1,86
HCC (Hindustan Construction Co Ltd),L26922MH1926PLC000407,Infrastructure,defaulter,2018,0.7506028807028585,75.06,High,0.5352693683810822,53.53,High,0.21533351232177633,agree,2,2,urgent_review,71.33,54.9,50.0,0.0,"Current ratio is below 1, indicating a short-term liquidity deficit. | A qualified, adverse, or disclaimer audit opinion was detected.",weak_liquidity|qualified_audit_signal,"ML probability 0.751 against threshold 0.400. 2 rule-based red flag(s) were triggered. Key reasons: Current ratio is below 1, indicating a short-term liquidity deficit.; A qualified, adverse, or disclaimer audit opinion was detected.",hist_gradient_boosting,logistic_regression,tier1a_v1,tier1a_v1,0.39999999999999986,0.4199999999999998,1,1,87
Jaiprakash Associates Ltd,L14106UP1995PLC019017,Cement,defaulter,2015,0.7505312353049832,75.05,High,0.6991392959931696,69.91,High,0.05139193931181363,agree,4,2,urgent_review,71.0,83.33,100.0,0.0,"Interest coverage is below 1, suggesting operating earnings may not comfortably cover finance costs. | Net profit margin is negative. | Revenue trend over the available years is negative.",weak_interest_coverage|negative_profit_margin|declining_revenue_trend|margin_drop,"ML probability 0.751 against threshold 0.400. 4 rule-based red flag(s) were triggered. Key reasons: Interest coverage is below 1, suggesting operating earnings may not comfortably cover finance costs.; Net profit margin is negative.; Revenue trend over the available years is negative.",hist_gradient_boosting,logistic_regression,tier1a_v1,tier1a_v1,0.39999999999999986,0.4199999999999998,1,1,88
Hanung Toys and Textiles,L74999DL1990PLC041722,Textiles,defaulter,2016,0.7505204408145281,75.05,High,0.7387286826074537,73.87,High,0.011791758207074343,agree,5,3,urgent_review,70.67,81.48,85.71,0.0,"Interest coverage is below 1, suggesting operating earnings may not comfortably cover finance costs. | Operating cash flow is negative despite positive revenue. | Net profit margin is negative.",weak_interest_coverage|negative_operating_cash_flow|negative_profit_margin|declining_revenue_trend|margin_drop,"ML probability 0.751 against threshold 0.400. 5 rule-based red flag(s) were triggered. Key reasons: Interest coverage is below 1, suggesting operating earnings may not comfortably cover finance costs.; Operating cash flow is negative despite positive revenue.; Net profit margin is negative.",hist_gradient_boosting,logistic_regression,tier1a_v1,tier1a_v1,0.39999999999999986,0.4199999999999998,1,1,89
Mawana Sugars Ltd,L15421DL2002PLC118184,FMCG / Foods / Agro,defaulter,2023,0.7503857270457372,75.04,High,0.7276180062272055,72.76,High,0.022767720818531734,agree,3,1,urgent_review,70.0,33.33,50.0,0.0,Contingent liabilities exceed 50% of net worth. | Operating cash flow trend over the available years is negative. | Borrowings trend over the available years is increasing.,large_contingent_liabilities|declining_cash_flow_trend|rising_borrowings_trend,ML probability 0.750 against threshold 0.400. 3 rule-based red flag(s) were triggered. Key reasons: Contingent liabilities exceed 50% of net worth.; Operating cash flow trend over the available years is negative.; Borrowings trend over the available years is increasing.,hist_gradient_boosting,logistic_regression,tier1a_v1,tier1a_v1,0.39999999999999986,0.4199999999999998,1,1,91
PC Jeweller Ltd,L36911DL2005PLC134929,Gems & Jewellery,defaulter,2021,0.7503170337412821,75.03,High,0.6604026609212894,66.04,High,0.0899143728199927,agree,4,1,urgent_review,69.67,72.22,100.0,0.0,"A qualified, adverse, or disclaimer audit opinion was detected. | Revenue trend over the available years is negative. | Operating cash flow trend over the available years is negative.",qualified_audit_signal|declining_revenue_trend|declining_cash_flow_trend|rising_borrowings_trend,"ML probability 0.750 against threshold 0.400. 4 rule-based red flag(s) were triggered. Key reasons: A qualified, adverse, or disclaimer audit opinion was detected.; Revenue trend over the available years is negative.; Operating cash flow trend over the available years is negative.",hist_gradient_boosting,logistic_regression,tier1a_v1,tier1a_v1,0.39999999999999986,0.4199999999999998,1,1,92
Jaypee Infratech Ltd,L45203UP2007PLC033119,Infrastructure,defaulter,2016,0.7502656141149879,75.03,High,0.7140547658661497,71.41,High,0.036210848248838245,agree,5,2,urgent_review,69.0,52.94,47.06,0.0,"Interest coverage is below 1, suggesting operating earnings may not comfortably cover finance costs. | Net profit margin is negative. | Revenue trend over the available years is negative.",weak_interest_coverage|negative_profit_margin|declining_revenue_trend|rising_borrowings_trend|margin_drop,"ML probability 0.750 against threshold 0.400. 5 rule-based red flag(s) were triggered. Key reasons: Interest coverage is below 1, suggesting operating earnings may not comfortably cover finance costs.; Net profit margin is negative.; Revenue trend over the available years is negative.",hist_gradient_boosting,logistic_regression,tier1a_v1,tier1a_v1,0.39999999999999986,0.4199999999999998,1,1,94
PC Jeweller Ltd,L36911DL2005PLC134929,Gems & Jewellery,defaulter,2020,0.7501948817226248,75.02,High,0.5629819127599669,56.3,High,0.18721296896265793,agree,4,1,urgent_review,68.67,69.44,100.0,0.0,"A qualified, adverse, or disclaimer audit opinion was detected. | Revenue trend over the available years is negative. | Operating cash flow trend over the available years is negative.",qualified_audit_signal|declining_revenue_trend|declining_cash_flow_trend|rising_borrowings_trend,"ML probability 0.750 against threshold 0.400. 4 rule-based red flag(s) were triggered. Key reasons: A qualified, adverse, or disclaimer audit opinion was detected.; Revenue trend over the available years is negative.; Operating cash flow trend over the available years is negative.",hist_gradient_boosting,logistic_regression,tier1a_v1,tier1a_v1,0.39999999999999986,0.4199999999999998,1,1,95
Parekh Aluminex,L27203MH1994PLC080732,Engineering / Manufacturing,defaulter,2011,0.7499539419652814,75.0,High,0.7196959873689469,71.97,High,0.030257954596334513,agree,3,1,urgent_review,68.33,87.18,100.0,0.0,Operating cash flow is negative despite positive revenue. | Operating cash flow trend over the available years is negative. | Borrowings trend over the available years is increasing.,negative_operating_cash_flow|declining_cash_flow_trend|rising_borrowings_trend,ML probability 0.750 against threshold 0.400. 3 rule-based red flag(s) were triggered. Key reasons: Operating cash flow is negative despite positive revenue.; Operating cash flow trend over the available years is negative.; Borrowings trend over the available years is increasing.,hist_gradient_boosting,logistic_regression,tier1a_v1,tier1a_v1,0.39999999999999986,0.4199999999999998,1,1,96
Bhushan Steel Limited,L27109DL1990PLC040690,Steel & Metals,defaulter,2016,0.7498371125555043,74.98,High,0.6988288766438533,69.88,High,0.051008235911651045,agree,11,7,urgent_review,68.0,66.67,83.33,0.0,"Interest coverage is below 1, suggesting operating earnings may not comfortably cover finance costs. | Debt-to-equity is above 2, indicating elevated leverage. | Current ratio is below 1, indicating a short-term liquidity deficit.",weak_interest_coverage|excessive_leverage|weak_liquidity|negative_operating_cash_flow|negative_profit_margin|qualified_audit_signal|large_contingent_liabilities|declining_cash_flow_trend|rising_borrowings_trend|leverage_spike|margin_drop,"ML probability 0.750 against threshold 0.400. 11 rule-based red flag(s) were triggered. Key reasons: Interest coverage is below 1, suggesting operating earnings may not comfortably cover finance costs.; Debt-to-equity is above 2, indicating elevated leverage.; Current ratio is below 1, indicating a short-term liquidity deficit.",hist_gradient_boosting,logistic_regression,tier1a_v1,tier1a_v1,0.39999999999999986,0.4199999999999998,1,1,97
Metalyst Forgings,L28910MH1977PLC019569,Engineering / Manufacturing,defaulter,2015,0.749754434900633,74.98,High,0.7255556080689741,72.56,High,0.02419882683165886,agree,8,3,urgent_review,67.67,84.62,90.0,0.0,"Interest coverage is below 1, suggesting operating earnings may not comfortably cover finance costs. | Debt-to-equity is above 2, indicating elevated leverage. | Net profit margin is negative.",weak_interest_coverage|excessive_leverage|negative_profit_margin|declining_revenue_trend|declining_cash_flow_trend|rising_borrowings_trend|leverage_spike|margin_drop,"ML probability 0.750 against threshold 0.400. 8 rule-based red flag(s) were triggered. Key reasons: Interest coverage is below 1, suggesting operating earnings may not comfortably cover finance costs.; Debt-to-equity is above 2, indicating elevated leverage.; Net profit margin is negative.",hist_gradient_boosting,logistic_regression,tier1a_v1,tier1a_v1,0.39999999999999986,0.4199999999999998,1,1,98
Lanco Infratech Ltd,L45200TG1993PLC015545,Infrastructure,defaulter,2015,0.7491260480239489,74.91,High,0.7235791026492614,72.36,High,0.02554694537468749,agree,7,3,urgent_review,67.33,50.98,64.29,0.0,"Interest coverage is below 1, suggesting operating earnings may not comfortably cover finance costs. | Debt-to-equity is above 2, indicating elevated leverage. | Net profit margin is negative.",weak_interest_coverage|excessive_leverage|negative_profit_margin|declining_cash_flow_trend|rising_borrowings_trend|leverage_spike|margin_drop,"ML probability 0.749 against threshold 0.400. 7 rule-based red flag(s) were triggered. Key reasons: Interest coverage is below 1, suggesting operating earnings may not comfortably cover finance costs.; Debt-to-equity is above 2, indicating elevated leverage.; Net profit margin is negative.",hist_gradient_boosting,logistic_regression,tier1a_v1,tier1a_v1,0.39999999999999986,0.4199999999999998,1,1,99
JVL Agro Industries,L15140UP1989PLC011396,FMCG / Foods / Agro,defaulter,2016,0.7491096305774705,74.91,High,0.612479188418128,61.25,High,0.1366304421593425,agree,4,1,urgent_review,67.0,28.57,50.0,0.0,Operating cash flow is negative despite positive revenue. | Revenue trend over the available years is negative. | Operating cash flow trend over the available years is negative.,negative_operating_cash_flow|declining_revenue_trend|declining_cash_flow_trend|rising_borrowings_trend,ML probability 0.749 against threshold 0.400. 4 rule-based red flag(s) were triggered. Key reasons: Operating cash flow is negative despite positive revenue.; Revenue trend over the available years is negative.; Operating cash flow trend over the available years is negative.,hist_gradient_boosting,logistic_regression,tier1a_v1,tier1a_v1,0.39999999999999986,0.4199999999999998,1,1,100
Metalyst Forgings,L28910MH1977PLC019569,Engineering / Manufacturing,defaulter,2014,0.7490476878417126,74.9,High,0.7154685123628385,71.55,High,0.033579175478874124,agree,4,1,urgent_review,66.67,82.05,100.0,0.0,"Debt-to-equity is above 2, indicating elevated leverage. | Revenue trend over the available years is negative. | Operating cash flow trend over the available years is negative.",excessive_leverage|declining_revenue_trend|declining_cash_flow_trend|rising_borrowings_trend,"ML probability 0.749 against threshold 0.400. 4 rule-based red flag(s) were triggered. Key reasons: Debt-to-equity is above 2, indicating elevated leverage.; Revenue trend over the available years is negative.; Operating cash flow trend over the available years is negative.",hist_gradient_boosting,logistic_regression,tier1a_v1,tier1a_v1,0.39999999999999986,0.4199999999999998,1,1,101
Lanco Infratech Ltd,L45200TG1993PLC015545,Infrastructure,defaulter,2014,0.7489296768519548,74.89,High,0.7047911340480383,70.48,High,0.04413854280391649,agree,6,4,urgent_review,66.33,49.02,69.23,0.0,"Interest coverage is below 1, suggesting operating earnings may not comfortably cover finance costs. | Debt-to-equity is above 2, indicating elevated leverage. | Operating cash flow is negative despite positive revenue.",weak_interest_coverage|excessive_leverage|negative_operating_cash_flow|negative_profit_margin|declining_cash_flow_trend|rising_borrowings_trend,"ML probability 0.749 against threshold 0.400. 6 rule-based red flag(s) were triggered. Key reasons: Interest coverage is below 1, suggesting operating earnings may not comfortably cover finance costs.; Debt-to-equity is above 2, indicating elevated leverage.; Operating cash flow is negative despite positive revenue.",hist_gradient_boosting,logistic_regression,tier1a_v1,tier1a_v1,0.39999999999999986,0.4199999999999998,1,1,102
Jaiprakash Associates Ltd,L14106UP1995PLC019017,Cement,defaulter,2016,0.7487574713860325,74.88,High,0.7158994106809339,71.59,High,0.03285806070509867,agree,6,3,urgent_review,66.0,66.67,100.0,0.0,"Interest coverage is below 1, suggesting operating earnings may not comfortably cover finance costs. | Debt-to-equity is above 2, indicating elevated leverage. | Net profit margin is negative.",weak_interest_coverage|excessive_leverage|negative_profit_margin|declining_revenue_trend|leverage_spike|margin_drop,"ML probability 0.749 against threshold 0.400. 6 rule-based red flag(s) were triggered. Key reasons: Interest coverage is below 1, suggesting operating earnings may not comfortably cover finance costs.; Debt-to-equity is above 2, indicating elevated leverage.; Net profit margin is negative.",hist_gradient_boosting,logistic_regression,tier1a_v1,tier1a_v1,0.39999999999999986,0.4199999999999998,1,1,103
Mawana Sugars Ltd,L15421DL2002PLC118184,FMCG / Foods / Agro,defaulter,2022,0.7485021942873452,74.85,High,0.7302445914941532,73.02,High,0.018257602793191996,agree,5,2,urgent_review,65.67,23.81,33.33,0.0,Operating cash flow is negative despite positive revenue. | Contingent liabilities exceed 50% of net worth. | Operating cash flow trend over the available years is negative.,negative_operating_cash_flow|large_contingent_liabilities|declining_cash_flow_trend|rising_borrowings_trend|leverage_spike,ML probability 0.749 against threshold 0.400. 5 rule-based red flag(s) were triggered. Key reasons: Operating cash flow is negative despite positive revenue.; Contingent liabilities exceed 50% of net worth.; Operating cash flow trend over the available years is negative.,hist_gradient_boosting,logistic_regression,tier1a_v1,tier1a_v1,0.39999999999999986,0.4199999999999998,1,1,104
Suzlon Energy Ltd,L40100GJ1995PLC025447,Oil & Gas / Energy,defaulter,2016,0.7483342821116339,74.83,High,0.7115394919523248,71.15,High,0.03679479015930909,agree,3,1,urgent_review,65.33,33.33,100.0,0.0,"Debt-to-equity is above 2, indicating elevated leverage. | Operating cash flow trend over the available years is negative. | Borrowings trend over the available years is increasing.",excessive_leverage|declining_cash_flow_trend|rising_borrowings_trend,"ML probability 0.748 against threshold 0.400. 3 rule-based red flag(s) were triggered. Key reasons: Debt-to-equity is above 2, indicating elevated leverage.; Operating cash flow trend over the available years is negative.; Borrowings trend over the available years is increasing.",hist_gradient_boosting,logistic_regression,tier1a_v1,tier1a_v1,0.39999999999999986,0.4199999999999998,1,1,105
Sical Logistics Ltd,L51909TN1955PLC002431,Logistics,defaulter,2020,0.7476806715389009,74.77,High,0.7241838046657919,72.42,High,0.023496866873109035,agree,4,2,urgent_review,64.67,66.67,100.0,0.0,"Interest coverage is below 1, suggesting operating earnings may not comfortably cover finance costs. | Net profit margin is negative. | Revenue trend over the available years is negative.",weak_interest_coverage|negative_profit_margin|declining_revenue_trend|margin_drop,"ML probability 0.748 against threshold 0.400. 4 rule-based red flag(s) were triggered. Key reasons: Interest coverage is below 1, suggesting operating earnings may not comfortably cover finance costs.; Net profit margin is negative.; Revenue trend over the available years is negative.",hist_gradient_boosting,logistic_regression,tier1a_v1,tier1a_v1,0.39999999999999986,0.4199999999999998,1,1,107
PC Jeweller Ltd,L36911DL2005PLC134929,Gems & Jewellery,defaulter,2022,0.7468487342600512,74.68,High,0.7293539464599381,72.94,High,0.017494787800113043,agree,9,4,urgent_review,63.0,61.11,100.0,0.0,"Interest coverage is below 1, suggesting operating earnings may not comfortably cover finance costs. | Operating cash flow is negative despite positive revenue. | Net profit margin is negative.",weak_interest_coverage|negative_operating_cash_flow|negative_profit_margin|qualified_audit_signal|declining_revenue_trend|declining_cash_flow_trend|rising_borrowings_trend|leverage_spike|margin_drop,"ML probability 0.747 against threshold 0.400. 9 rule-based red flag(s) were triggered. Key reasons: Interest coverage is below 1, suggesting operating earnings may not comfortably cover finance costs.; Operating cash flow is negative despite positive revenue.; Net profit margin is negative.",hist_gradient_boosting,logistic_regression,tier1a_v1,tier1a_v1,0.39999999999999986,0.4199999999999998,1,1,112
Pratibha Industries,L45200MH1995PLC090760,Infrastructure,defaulter,2015,0.7467169994068463,74.67,High,0.6679870010736112,66.8,High,0.07872999833323513,agree,5,2,urgent_review,62.67,47.06,57.14,0.0,"Debt-to-equity is above 2, indicating elevated leverage. | Operating cash flow is negative despite positive revenue. | Revenue trend over the available years is negative.",excessive_leverage|negative_operating_cash_flow|declining_revenue_trend|declining_cash_flow_trend|rising_borrowings_trend,"ML probability 0.747 against threshold 0.400. 5 rule-based red flag(s) were triggered. Key reasons: Debt-to-equity is above 2, indicating elevated leverage.; Operating cash flow is negative despite positive revenue.; Revenue trend over the available years is negative.",hist_gradient_boosting,logistic_regression,tier1a_v1,tier1a_v1,0.39999999999999986,0.4199999999999998,1,1,113
Videocon Industries Ltd,L99999MH1986PLC103624,Engineering / Manufacturing,defaulter,2017,0.7456699933056429,74.57,High,0.7129564372011012,71.3,High,0.03271355610454163,agree,6,3,urgent_review,62.33,76.92,100.0,0.0,"Interest coverage is below 1, suggesting operating earnings may not comfortably cover finance costs. | Debt-to-equity is above 2, indicating elevated leverage. | Net profit margin is negative.",weak_interest_coverage|excessive_leverage|negative_profit_margin|declining_revenue_trend|declining_cash_flow_trend|margin_drop,"ML probability 0.746 against threshold 0.400. 6 rule-based red flag(s) were triggered. Key reasons: Interest coverage is below 1, suggesting operating earnings may not comfortably cover finance costs.; Debt-to-equity is above 2, indicating elevated leverage.; Net profit margin is negative.",hist_gradient_boosting,logistic_regression,tier1a_v1,tier1a_v1,0.39999999999999986,0.4199999999999998,1,1,114
Gitanjali Gems Limited,L36911MH1986PLC040689,Gems & Jewellery,defaulter,2017,0.7442946644037637,74.43,High,0.5386133942105852,53.86,High,0.2056812701931785,agree,2,1,urgent_review,60.67,55.56,85.71,0.0,Contingent liabilities exceed 50% of net worth. | Borrowings trend over the available years is increasing.,large_contingent_liabilities|rising_borrowings_trend,ML probability 0.744 against threshold 0.400. 2 rule-based red flag(s) were triggered. Key reasons: Contingent liabilities exceed 50% of net worth.; Borrowings trend over the available years is increasing.,hist_gradient_boosting,logistic_regression,tier1a_v1,tier1a_v1,0.39999999999999986,0.4199999999999998,1,1,119
Mawana Sugars Ltd,L15421DL2002PLC118184,FMCG / Foods / Agro,defaulter,2021,0.7435443708135501,74.35,High,0.7063186270440653,70.63,High,0.03722574376948473,agree,3,1,urgent_review,60.0,19.05,33.33,0.0,Contingent liabilities exceed 50% of net worth. | Operating cash flow trend over the available years is negative. | Borrowings trend over the available years is increasing.,large_contingent_liabilities|declining_cash_flow_trend|rising_borrowings_trend,ML probability 0.744 against threshold 0.400. 3 rule-based red flag(s) were triggered. Key reasons: Contingent liabilities exceed 50% of net worth.; Operating cash flow trend over the available years is negative.; Borrowings trend over the available years is increasing.,hist_gradient_boosting,logistic_regression,tier1a_v1,tier1a_v1,0.39999999999999986,0.4199999999999998,1,1,121
Bhushan Steel Limited,L27109DL1990PLC040690,Steel & Metals,defaulter,2015,0.7433319182156555,74.33,High,0.6678675681438427,66.79,High,0.07546435007181274,agree,9,5,urgent_review,59.67,58.33,83.33,0.0,"Interest coverage is below 1, suggesting operating earnings may not comfortably cover finance costs. | Debt-to-equity is above 2, indicating elevated leverage. | Current ratio is below 1, indicating a short-term liquidity deficit.",weak_interest_coverage|excessive_leverage|weak_liquidity|negative_profit_margin|qualified_audit_signal|declining_cash_flow_trend|rising_borrowings_trend|leverage_spike|margin_drop,"ML probability 0.743 against threshold 0.400. 9 rule-based red flag(s) were triggered. Key reasons: Interest coverage is below 1, suggesting operating earnings may not comfortably cover finance costs.; Debt-to-equity is above 2, indicating elevated leverage.; Current ratio is below 1, indicating a short-term liquidity deficit.",hist_gradient_boosting,logistic_regression,tier1a_v1,tier1a_v1,0.39999999999999986,0.4199999999999998,1,1,122
HCC (Hindustan Construction Co Ltd),L26922MH1926PLC000407,Infrastructure,defaulter,2017,0.7424425797968883,74.24,High,0.6033794177959535,60.34,High,0.13906316200093483,agree,1,1,urgent_review,59.0,43.14,20.0,0.0,"A qualified, adverse, or disclaimer audit opinion was detected.",qualified_audit_signal,"ML probability 0.742 against threshold 0.400. 1 rule-based red flag(s) were triggered. Key reasons: A qualified, adverse, or disclaimer audit opinion was detected.",hist_gradient_boosting,logistic_regression,tier1a_v1,tier1a_v1,0.39999999999999986,0.4199999999999998,1,1,124
Suzlon Energy Ltd,L40100GJ1995PLC025447,Oil & Gas / Energy,defaulter,2017,0.7421037588974753,74.21,High,0.6597373985086672,65.97,High,0.08236636038880807,agree,3,1,urgent_review,58.0,16.67,100.0,0.0,"Debt-to-equity is above 2, indicating elevated leverage. | Operating cash flow trend over the available years is negative. | Borrowings trend over the available years is increasing.",excessive_leverage|declining_cash_flow_trend|rising_borrowings_trend,"ML probability 0.742 against threshold 0.400. 3 rule-based red flag(s) were triggered. Key reasons: Debt-to-equity is above 2, indicating elevated leverage.; Operating cash flow trend over the available years is negative.; Borrowings trend over the available years is increasing.",hist_gradient_boosting,logistic_regression,tier1a_v1,tier1a_v1,0.39999999999999986,0.4199999999999998,1,1,127
SpiceJet Ltd,L51909DL1984PLC288239,Travel / Aviation / Hospitality,defaulter,2021,0.7414714620442999,74.15,High,0.650466494461256,65.05,High,0.09100496758304388,agree,4,2,urgent_review,57.33,44.44,100.0,0.0,"Interest coverage is below 1, suggesting operating earnings may not comfortably cover finance costs. | Net profit margin is negative. | Operating cash flow trend over the available years is negative.",weak_interest_coverage|negative_profit_margin|declining_cash_flow_trend|rising_borrowings_trend,"ML probability 0.741 against threshold 0.400. 4 rule-based red flag(s) were triggered. Key reasons: Interest coverage is below 1, suggesting operating earnings may not comfortably cover finance costs.; Net profit margin is negative.; Operating cash flow trend over the available years is negative.",hist_gradient_boosting,logistic_regression,tier1a_v1,tier1a_v1,0.39999999999999986,0.4199999999999998,1,1,129
Bhushan Steel Limited,L27109DL1990PLC040690,Steel & Metals,defaulter,2014,0.7406229475650606,74.06,High,0.6005846424796928,60.06,High,0.14003830508536785,agree,5,3,urgent_review,57.0,54.17,80.0,0.0,"Debt-to-equity is above 2, indicating elevated leverage. | Current ratio is below 1, indicating a short-term liquidity deficit. | A qualified, adverse, or disclaimer audit opinion was detected.",excessive_leverage|weak_liquidity|qualified_audit_signal|declining_cash_flow_trend|rising_borrowings_trend,"ML probability 0.741 against threshold 0.400. 5 rule-based red flag(s) were triggered. Key reasons: Debt-to-equity is above 2, indicating elevated leverage.; Current ratio is below 1, indicating a short-term liquidity deficit.; A qualified, adverse, or disclaimer audit opinion was detected.",hist_gradient_boosting,logistic_regression,tier1a_v1,tier1a_v1,0.39999999999999986,0.4199999999999998,1,1,130
Ruchi Soya Industries Ltd,L15140MH1986PLC038536,FMCG / Foods / Agro,defaulter,2016,0.7326010126130258,73.26,High,0.6705312591728151,67.05,High,0.062069753440210707,agree,7,4,urgent_review,56.33,14.29,25.0,0.0,"Interest coverage is below 1, suggesting operating earnings may not comfortably cover finance costs. | Debt-to-equity is above 2, indicating elevated leverage. | Operating cash flow is negative despite positive revenue.",weak_interest_coverage|excessive_leverage|negative_operating_cash_flow|negative_profit_margin|declining_cash_flow_trend|rising_borrowings_trend|leverage_spike,"ML probability 0.733 against threshold 0.400. 7 rule-based red flag(s) were triggered. Key reasons: Interest coverage is below 1, suggesting operating earnings may not comfortably cover finance costs.; Debt-to-equity is above 2, indicating elevated leverage.; Operating cash flow is negative despite positive revenue.",hist_gradient_boosting,logistic_regression,tier1a_v1,tier1a_v1,0.39999999999999986,0.4199999999999998,1,1,132
Videocon Industries Ltd,L99999MH1986PLC103624,Engineering / Manufacturing,defaulter,2015,0.725186433442609,72.52,High,0.7011499084700572,70.11,High,0.02403652497255182,agree,5,3,urgent_review,55.83,65.38,80.0,0.0,"Interest coverage is below 1, suggesting operating earnings may not comfortably cover finance costs. | Debt-to-equity is above 2, indicating elevated leverage. | Net profit margin is negative.",weak_interest_coverage|excessive_leverage|negative_profit_margin|declining_revenue_trend|declining_cash_flow_trend,"ML probability 0.725 against threshold 0.400. 5 rule-based red flag(s) were triggered. Key reasons: Interest coverage is below 1, suggesting operating earnings may not comfortably cover finance costs.; Debt-to-equity is above 2, indicating elevated leverage.; Net profit margin is negative.",hist_gradient_boosting,logistic_regression,tier1a_v1,tier1a_v1,0.39999999999999986,0.4199999999999998,1,1,133
Videocon Industries Ltd,L99999MH1986PLC103624,Engineering / Manufacturing,defaulter,2016,0.725186433442609,72.52,High,0.7011499084700572,70.11,High,0.02403652497255182,agree,4,2,urgent_review,55.83,65.38,75.0,0.0,"Debt-to-equity is above 2, indicating elevated leverage. | Net profit margin is negative. | Revenue trend over the available years is negative.",excessive_leverage|negative_profit_margin|declining_revenue_trend|declining_cash_flow_trend,"ML probability 0.725 against threshold 0.400. 4 rule-based red flag(s) were triggered. Key reasons: Debt-to-equity is above 2, indicating elevated leverage.; Net profit margin is negative.; Revenue trend over the available years is negative.",hist_gradient_boosting,logistic_regression,tier1a_v1,tier1a_v1,0.39999999999999986,0.4199999999999998,1,1,134
Ruchi Soya Industries Ltd,L15140MH1986PLC038536,FMCG / Foods / Agro,defaulter,2015,0.6983143768122533,69.83,High,0.5578529977910335,55.79,High,0.1404613790212198,agree,4,1,urgent_review,55.0,9.52,33.33,0.0,Operating cash flow is negative despite positive revenue. | Operating cash flow trend over the available years is negative. | Borrowings trend over the available years is increasing.,negative_operating_cash_flow|declining_cash_flow_trend|rising_borrowings_trend|leverage_spike,ML probability 0.698 against threshold 0.400. 4 rule-based red flag(s) were triggered. Key reasons: Operating cash flow is negative despite positive revenue.; Operating cash flow trend over the available years is negative.; Borrowings trend over the available years is increasing.,hist_gradient_boosting,logistic_regression,tier1a_v1,tier1a_v1,0.39999999999999986,0.4199999999999998,1,1,136
Nakoda Limited,L17111GJ1984PLC045995,Textiles,defaulter,2018,0.6770718162347321,67.71,High,0.7034796091749534,70.35,High,0.02640779294022133,agree,3,2,urgent_review,54.33,74.07,100.0,0.0,"Debt-to-equity is above 2, indicating elevated leverage. | Operating cash flow is negative despite positive revenue. | Revenue trend over the available years is negative.",excessive_leverage|negative_operating_cash_flow|declining_revenue_trend,"ML probability 0.677 against threshold 0.400. 3 rule-based red flag(s) were triggered. Key reasons: Debt-to-equity is above 2, indicating elevated leverage.; Operating cash flow is negative despite positive revenue.; Revenue trend over the available years is negative.",hist_gradient_boosting,logistic_regression,tier1a_v1,tier1a_v1,0.39999999999999986,0.4199999999999998,1,1,138
Alok Industries Ltd,L17110DN1986PLC000334,Textiles,defaulter,2016,0.658612489983262,65.86,High,0.445380668322845,44.54,High,0.21323182166041704,agree,9,4,urgent_review,54.0,70.37,71.43,0.0,"Interest coverage is below 1, suggesting operating earnings may not comfortably cover finance costs. | Debt-to-equity is above 2, indicating elevated leverage. | Operating cash flow is negative despite positive revenue.",weak_interest_coverage|excessive_leverage|negative_operating_cash_flow|negative_profit_margin|declining_revenue_trend|declining_cash_flow_trend|rising_borrowings_trend|leverage_spike|margin_drop,"ML probability 0.659 against threshold 0.400. 9 rule-based red flag(s) were triggered. Key reasons: Interest coverage is below 1, suggesting operating earnings may not comfortably cover finance costs.; Debt-to-equity is above 2, indicating elevated leverage.; Operating cash flow is negative despite positive revenue.",hist_gradient_boosting,logistic_regression,tier1a_v1,tier1a_v1,0.39999999999999986,0.4199999999999998,1,1,139
NCC Limited,L72200TG1990PLC011146,Infrastructure,non_defaulter,2014,0.6307484780915538,63.07,High,0.45012024246542165,45.01,High,0.18062823562613212,agree,1,1,urgent_review,53.33,41.18,53.85,0.0,Contingent liabilities exceed 50% of net worth.,large_contingent_liabilities,ML probability 0.631 against threshold 0.400. 1 rule-based red flag(s) were triggered. Key reasons: Contingent liabilities exceed 50% of net worth.,hist_gradient_boosting,logistic_regression,tier1a_v1,tier1a_v1,0.39999999999999986,0.4199999999999998,1,1,141
S Kumars Nationwide,L17120MH1990PLC058361,Textiles,defaulter,2013,0.5778122236055117,57.78,High,0.45939536524533586,45.94,High,0.11841685836017579,agree,6,3,urgent_review,52.33,62.96,100.0,0.0,"Interest coverage is below 1, suggesting operating earnings may not comfortably cover finance costs. | Debt-to-equity is above 2, indicating elevated leverage. | Net profit margin is negative.",weak_interest_coverage|excessive_leverage|negative_profit_margin|rising_borrowings_trend|leverage_spike|margin_drop,"ML probability 0.578 against threshold 0.400. 6 rule-based red flag(s) were triggered. Key reasons: Interest coverage is below 1, suggesting operating earnings may not comfortably cover finance costs.; Debt-to-equity is above 2, indicating elevated leverage.; Net profit margin is negative.",hist_gradient_boosting,logistic_regression,tier1a_v1,tier1a_v1,0.39999999999999986,0.4199999999999998,1,1,144
Dilip Buildcon Limited,L45201MP1987PLC003821,Infrastructure,non_defaulter,2015,0.5067042238055638,50.67,High,0.6746046368778117,67.46,High,0.1679004130722479,agree,3,1,urgent_review,51.0,33.33,35.71,0.0,"Debt-to-equity is above 2, indicating elevated leverage. | Borrowings trend over the available years is increasing. | Debt-to-equity increased materially year over year.",excessive_leverage|rising_borrowings_trend|leverage_spike,"ML probability 0.507 against threshold 0.400. 3 rule-based red flag(s) were triggered. Key reasons: Debt-to-equity is above 2, indicating elevated leverage.; Borrowings trend over the available years is increasing.; Debt-to-equity increased materially year over year.",hist_gradient_boosting,logistic_regression,tier1a_v1,tier1a_v1,0.39999999999999986,0.4199999999999998,1,1,148
Cox & Kings Limited,L63040MH1939PLC011352,Travel / Aviation / Hospitality,defaulter,2018,0.4007679354850794,40.08,High,0.7089425834384577,70.89,High,0.30817464795337834,agree,4,1,urgent_review,49.33,33.33,100.0,0.0,Operating cash flow is negative despite positive revenue. | Revenue trend over the available years is negative. | Operating cash flow trend over the available years is negative.,negative_operating_cash_flow|declining_revenue_trend|declining_cash_flow_trend|rising_borrowings_trend,ML probability 0.401 against threshold 0.400. 4 rule-based red flag(s) were triggered. Key reasons: Operating cash flow is negative despite positive revenue.; Revenue trend over the available years is negative.; Operating cash flow trend over the available years is negative.,hist_gradient_boosting,logistic_regression,tier1a_v1,tier1a_v1,0.39999999999999986,0.4199999999999998,1,1,153
Kwality Ltd,L74899DL1992PLC255519,FMCG / Foods / Agro,defaulter,2015,0.7521822211842707,75.22,High,0.7128278710364664,71.28,High,0.03935435014780431,agree,1,0,review,95.0,66.67,66.67,0.0,Borrowings trend over the available years is increasing.,rising_borrowings_trend,ML probability 0.752 against threshold 0.400. 1 rule-based red flag(s) were triggered. Key reasons: Borrowings trend over the available years is increasing.,hist_gradient_boosting,logistic_regression,tier1a_v1,tier1a_v1,0.39999999999999986,0.4199999999999998,1,1,16
Kwality Ltd,L74899DL1992PLC255519,FMCG / Foods / Agro,defaulter,2016,0.7521299540116476,75.21,High,0.7210103202201722,72.1,High,0.03111963379147542,agree,1,0,review,90.0,52.38,75.0,0.0,Borrowings trend over the available years is increasing.,rising_borrowings_trend,ML probability 0.752 against threshold 0.400. 1 rule-based red flag(s) were triggered. Key reasons: Borrowings trend over the available years is increasing.,hist_gradient_boosting,logistic_regression,tier1a_v1,tier1a_v1,0.39999999999999986,0.4199999999999998,1,1,31
Kwality Ltd,L74899DL1992PLC255519,FMCG / Foods / Agro,defaulter,2017,0.7521232990944967,75.21,High,0.7135352305533147,71.35,High,0.03858806854118202,agree,1,0,review,89.33,47.62,100.0,0.0,Borrowings trend over the available years is increasing.,rising_borrowings_trend,ML probability 0.752 against threshold 0.400. 1 rule-based red flag(s) were triggered. Key reasons: Borrowings trend over the available years is increasing.,hist_gradient_boosting,logistic_regression,tier1a_v1,tier1a_v1,0.39999999999999986,0.4199999999999998,1,1,33
Asian Star Company Ltd,L36910MH1995PLC086017,Gems & Jewellery,defaulter,2015,0.7519482777140187,75.19,High,0.6722962502846297,67.23,High,0.07965202742938904,agree,0,0,review,85.0,94.44,87.5,0.0,,,ML probability 0.752 against threshold 0.400. No explicit rule-based red flags were triggered.,hist_gradient_boosting,logistic_regression,tier1a_v1,tier1a_v1,0.39999999999999986,0.4199999999999998,1,1,46
Asian Star Company Ltd,L36910MH1995PLC086017,Gems & Jewellery,defaulter,2016,0.7516340438448685,75.16,High,0.6568957587422032,65.69,High,0.09473828510266535,agree,0,0,review,80.33,88.89,71.43,0.0,,,ML probability 0.752 against threshold 0.400. No explicit rule-based red flags were triggered.,hist_gradient_boosting,logistic_regression,tier1a_v1,tier1a_v1,0.39999999999999986,0.4199999999999998,1,1,60
C Mahendra Exports Limited,L27205MH2007PLC166717,Gems & Jewellery,defaulter,2013,0.7516140723049456,75.16,High,0.69255925058819,69.26,High,0.05905482171675558,agree,3,0,review,79.67,86.11,100.0,0.0,Revenue trend over the available years is negative. | Operating cash flow trend over the available years is negative. | Borrowings trend over the available years is increasing.,declining_revenue_trend|declining_cash_flow_trend|rising_borrowings_trend,ML probability 0.752 against threshold 0.400. 3 rule-based red flag(s) were triggered. Key reasons: Revenue trend over the available years is negative.; Operating cash flow trend over the available years is negative.; Borrowings trend over the available years is increasing.,hist_gradient_boosting,logistic_regression,tier1a_v1,tier1a_v1,0.39999999999999986,0.4199999999999998,1,1,62
C Mahendra Exports Limited,L27205MH2007PLC166717,Gems & Jewellery,defaulter,2014,0.7515758896831601,75.16,High,0.6967565423603,69.68,High,0.05481934732286009,agree,3,0,review,78.67,80.56,100.0,0.0,Revenue trend over the available years is negative. | Operating cash flow trend over the available years is negative. | Borrowings trend over the available years is increasing.,declining_revenue_trend|declining_cash_flow_trend|rising_borrowings_trend,ML probability 0.752 against threshold 0.400. 3 rule-based red flag(s) were triggered. Key reasons: Revenue trend over the available years is negative.; Operating cash flow trend over the available years is negative.; Borrowings trend over the available years is increasing.,hist_gradient_boosting,logistic_regression,tier1a_v1,tier1a_v1,0.39999999999999986,0.4199999999999998,1,1,65
Jaypee Infratech Ltd,L45203UP2007PLC033119,Infrastructure,defaulter,2015,0.7515734791297206,75.16,High,0.6707171852176568,67.07,High,0.08085629391206384,agree,2,0,review,78.33,66.67,78.57,0.0,Revenue trend over the available years is negative. | Borrowings trend over the available years is increasing.,declining_revenue_trend|rising_borrowings_trend,ML probability 0.752 against threshold 0.400. 2 rule-based red flag(s) were triggered. Key reasons: Revenue trend over the available years is negative.; Borrowings trend over the available years is increasing.,hist_gradient_boosting,logistic_regression,tier1a_v1,tier1a_v1,0.39999999999999986,0.4199999999999998,1,1,66
Jaypee Infratech Ltd,L45203UP2007PLC033119,Infrastructure,defaulter,2014,0.7515308029473443,75.15,High,0.6758873900666373,67.59,High,0.07564341288070697,agree,2,0,review,77.33,64.71,76.92,0.0,Revenue trend over the available years is negative. | Borrowings trend over the available years is increasing.,declining_revenue_trend|rising_borrowings_trend,ML probability 0.752 against threshold 0.400. 2 rule-based red flag(s) were triggered. Key reasons: Revenue trend over the available years is negative.; Borrowings trend over the available years is increasing.,hist_gradient_boosting,logistic_regression,tier1a_v1,tier1a_v1,0.39999999999999986,0.4199999999999998,1,1,69
Sical Logistics Ltd,L51909TN1955PLC002431,Logistics,defaulter,2018,0.7505001280155958,75.05,High,0.7056993858990767,70.57,High,0.04480074211651919,agree,1,0,review,70.33,83.33,100.0,0.0,Revenue trend over the available years is negative.,declining_revenue_trend,ML probability 0.751 against threshold 0.400. 1 rule-based red flag(s) were triggered. Key reasons: Revenue trend over the available years is negative.,hist_gradient_boosting,logistic_regression,tier1a_v1,tier1a_v1,0.39999999999999986,0.4199999999999998,1,1,90
Housing Development and Infra,L70100MH1996PLC101379,Real Estate,defaulter,2017,0.7502688732692903,75.03,High,0.61305171728784,61.31,High,0.13721715598145023,agree,2,0,review,69.33,100.0,100.0,0.0,Revenue trend over the available years is negative. | Operating cash flow trend over the available years is negative.,declining_revenue_trend|declining_cash_flow_trend,ML probability 0.750 against threshold 0.400. 2 rule-based red flag(s) were triggered. Key reasons: Revenue trend over the available years is negative.; Operating cash flow trend over the available years is negative.,hist_gradient_boosting,logistic_regression,tier1a_v1,tier1a_v1,0.39999999999999986,0.4199999999999998,1,1,93
TBZ - The Bride's Jeweller,L27205MH2007PLC167425,Gems & Jewellery,non_defaulter,2015,0.7480515880088932,74.81,High,0.6602322283593787,66.02,High,0.08781935964951448,agree,1,0,review,65.0,66.67,50.0,0.0,Revenue trend over the available years is negative.,declining_revenue_trend,ML probability 0.748 against threshold 0.400. 1 rule-based red flag(s) were triggered. Key reasons: Revenue trend over the available years is negative.,hist_gradient_boosting,logistic_regression,tier1a_v1,tier1a_v1,0.39999999999999986,0.4199999999999998,1,1,106
Parekh Aluminex,L27203MH1994PLC080732,Engineering / Manufacturing,defaulter,2010,0.7472936181753292,74.73,High,0.7242231628830373,72.42,High,0.023070455292291903,agree,2,0,review,64.33,79.49,100.0,0.0,Operating cash flow trend over the available years is negative. | Borrowings trend over the available years is increasing.,declining_cash_flow_trend|rising_borrowings_trend,ML probability 0.747 against threshold 0.400. 2 rule-based red flag(s) were triggered. Key reasons: Operating cash flow trend over the available years is negative.; Borrowings trend over the available years is increasing.,hist_gradient_boosting,logistic_regression,tier1a_v1,tier1a_v1,0.39999999999999986,0.4199999999999998,1,1,108
Housing Development and Infra,L70100MH1996PLC101379,Real Estate,defaulter,2018,0.7471623868455837,74.72,High,0.6796938884191135,67.97,High,0.06746849842647018,agree,2,0,review,64.0,83.33,100.0,0.0,Revenue trend over the available years is negative. | Operating cash flow trend over the available years is negative.,declining_revenue_trend|declining_cash_flow_trend,ML probability 0.747 against threshold 0.400. 2 rule-based red flag(s) were triggered. Key reasons: Revenue trend over the available years is negative.; Operating cash flow trend over the available years is negative.,hist_gradient_boosting,logistic_regression,tier1a_v1,tier1a_v1,0.39999999999999986,0.4199999999999998,1,1,109
TBZ - The Bride's Jeweller,L27205MH2007PLC167425,Gems & Jewellery,non_defaulter,2017,0.7470657998481276,74.71,High,0.6645165402927389,66.45,High,0.08254925955538872,agree,1,0,review,63.67,63.89,100.0,0.0,Revenue trend over the available years is negative.,declining_revenue_trend,ML probability 0.747 against threshold 0.400. 1 rule-based red flag(s) were triggered. Key reasons: Revenue trend over the available years is negative.,hist_gradient_boosting,logistic_regression,tier1a_v1,tier1a_v1,0.39999999999999986,0.4199999999999998,1,1,110
Varun Industries,L28990MH1996PLC097945,Steel & Metals,defaulter,2011,0.7470289501845446,74.7,High,0.4462821138860155,44.63,High,0.3007468362985291,agree,3,0,review,63.33,62.5,100.0,0.0,Revenue trend over the available years is negative. | Operating cash flow trend over the available years is negative. | Borrowings trend over the available years is increasing.,declining_revenue_trend|declining_cash_flow_trend|rising_borrowings_trend,ML probability 0.747 against threshold 0.400. 3 rule-based red flag(s) were triggered. Key reasons: Revenue trend over the available years is negative.; Operating cash flow trend over the available years is negative.; Borrowings trend over the available years is increasing.,hist_gradient_boosting,logistic_regression,tier1a_v1,tier1a_v1,0.39999999999999986,0.4199999999999998,1,1,111
Jyoti Structures Ltd,L45200MH1974PLC017494,Infrastructure,defaulter,2014,0.7455833262424576,74.56,High,0.5238480094799896,52.38,High,0.22173531676246805,agree,3,0,review,61.67,45.1,61.54,0.0,Revenue trend over the available years is negative. | Operating cash flow trend over the available years is negative. | Borrowings trend over the available years is increasing.,declining_revenue_trend|declining_cash_flow_trend|rising_borrowings_trend,ML probability 0.746 against threshold 0.400. 3 rule-based red flag(s) were triggered. Key reasons: Revenue trend over the available years is negative.; Operating cash flow trend over the available years is negative.; Borrowings trend over the available years is increasing.,hist_gradient_boosting,logistic_regression,tier1a_v1,tier1a_v1,0.39999999999999986,0.4199999999999998,1,1,116
Housing Development and Infra,L70100MH1996PLC101379,Real Estate,defaulter,2016,0.7444430799457081,74.44,High,0.5090202902085372,50.9,High,0.2354227897371709,agree,2,0,review,61.0,66.67,100.0,0.0,Revenue trend over the available years is negative. | Operating cash flow trend over the available years is negative.,declining_revenue_trend|declining_cash_flow_trend,ML probability 0.744 against threshold 0.400. 2 rule-based red flag(s) were triggered. Key reasons: Revenue trend over the available years is negative.; Operating cash flow trend over the available years is negative.,hist_gradient_boosting,logistic_regression,tier1a_v1,tier1a_v1,0.39999999999999986,0.4199999999999998,1,1,118
PSL Limited,L67120DD1987PLC002395,Engineering / Manufacturing,defaulter,2017,0.7426808480843586,74.27,High,0.4595124327329056,45.95,High,0.28316841535145304,agree,1,0,review,59.33,71.79,90.0,0.0,Revenue trend over the available years is negative.,declining_revenue_trend,ML probability 0.743 against threshold 0.400. 1 rule-based red flag(s) were triggered. Key reasons: Revenue trend over the available years is negative.,hist_gradient_boosting,logistic_regression,tier1a_v1,tier1a_v1,0.39999999999999986,0.4199999999999998,1,1,123
Winsome Diamonds and Jewellery,L36910GJ1985PLC015915,Gems & Jewellery,defaulter,2010,0.7424101259250829,74.24,High,0.47981204845966846,47.98,High,0.26259807746541447,agree,2,0,review,58.67,50.0,100.0,0.0,Operating cash flow trend over the available years is negative. | Borrowings trend over the available years is increasing.,declining_cash_flow_trend|rising_borrowings_trend,ML probability 0.742 against threshold 0.400. 2 rule-based red flag(s) were triggered. Key reasons: Operating cash flow trend over the available years is negative.; Borrowings trend over the available years is increasing.,hist_gradient_boosting,logistic_regression,tier1a_v1,tier1a_v1,0.39999999999999986,0.4199999999999998,1,1,125
PSL Limited,L67120DD1987PLC002395,Engineering / Manufacturing,defaulter,2018,0.7415840419406127,74.16,High,0.5169166728979249,51.69,High,0.2246673690426878,agree,1,0,review,57.67,69.23,100.0,0.0,Revenue trend over the available years is negative.,declining_revenue_trend,ML probability 0.742 against threshold 0.400. 1 rule-based red flag(s) were triggered. Key reasons: Revenue trend over the available years is negative.,hist_gradient_boosting,logistic_regression,tier1a_v1,tier1a_v1,0.39999999999999986,0.4199999999999998,1,1,128
Asian Star Company Ltd,L36910MH1995PLC086017,Gems & Jewellery,defaulter,2017,0.7390439956626309,73.9,High,0.6202572738977475,62.03,High,0.11878672176488336,agree,0,0,review,56.67,44.44,71.43,0.0,,,ML probability 0.739 against threshold 0.400. No explicit rule-based red flags were triggered.,hist_gradient_boosting,logistic_regression,tier1a_v1,tier1a_v1,0.39999999999999986,0.4199999999999998,1,1,131
Nakoda Limited,L17111GJ1984PLC045995,Textiles,defaulter,2019,0.7048247047678884,70.48,High,0.6346343131004747,63.46,High,0.0701903916674137,agree,1,0,review,55.33,77.78,100.0,0.0,Revenue trend over the available years is negative.,declining_revenue_trend,ML probability 0.705 against threshold 0.400. 1 rule-based red flag(s) were triggered. Key reasons: Revenue trend over the available years is negative.,hist_gradient_boosting,logistic_regression,tier1a_v1,tier1a_v1,0.39999999999999986,0.4199999999999998,1,1,135
Ruchi Soya Industries Ltd,L15140MH1986PLC038536,FMCG / Foods / Agro,defaulter,2014,0.6241247661897144,62.41,High,0.4911683549832136,49.12,High,0.13295641120650076,agree,2,0,review,53.0,4.76,50.0,0.0,Operating cash flow trend over the available years is negative. | Borrowings trend over the available years is increasing.,declining_cash_flow_trend|rising_borrowings_trend,ML probability 0.624 against threshold 0.400. 2 rule-based red flag(s) were triggered. Key reasons: Operating cash flow trend over the available years is negative.; Borrowings trend over the available years is increasing.,hist_gradient_boosting,logistic_regression,tier1a_v1,tier1a_v1,0.39999999999999986,0.4199999999999998,1,1,142
Nakoda Limited,L17111GJ1984PLC045995,Textiles,defaulter,2020,0.5915866967621422,59.16,High,0.7100072538220367,71.0,High,0.11842055705989452,agree,1,0,review,52.67,66.67,100.0,0.0,Revenue trend over the available years is negative.,declining_revenue_trend,ML probability 0.592 against threshold 0.400. 1 rule-based red flag(s) were triggered. Key reasons: Revenue trend over the available years is negative.,hist_gradient_boosting,logistic_regression,tier1a_v1,tier1a_v1,0.39999999999999986,0.4199999999999998,1,1,143
PSL Limited,L67120DD1987PLC002395,Engineering / Manufacturing,defaulter,2016,0.7456644417488087,74.57,High,0.38144314112937594,38.14,Medium,0.3642213006194328,disagree,1,0,manual_check,62.0,74.36,83.33,0.0,Revenue trend over the available years is negative.,declining_revenue_trend,ML probability 0.746 against threshold 0.400. 1 rule-based red flag(s) were triggered. Key reasons: Revenue trend over the available years is negative.,hist_gradient_boosting,logistic_regression,tier1a_v1,tier1a_v1,0.39999999999999986,0.4199999999999998,1,0,115
Shree Ganesh Jewellery House,L36911WB2002PLC095086,Gems & Jewellery,defaulter,2013,0.7454297180021809,74.54,High,0.3389821343006481,33.9,Medium,0.40644758370153283,disagree,4,1,manual_check,61.33,58.33,50.0,0.0,Contingent liabilities exceed 50% of net worth. | Revenue trend over the available years is negative. | Operating cash flow trend over the available years is negative.,large_contingent_liabilities|declining_revenue_trend|declining_cash_flow_trend|rising_borrowings_trend,ML probability 0.745 against threshold 0.400. 4 rule-based red flag(s) were triggered. Key reasons: Contingent liabilities exceed 50% of net worth.; Revenue trend over the available years is negative.; Operating cash flow trend over the available years is negative.,hist_gradient_boosting,logistic_regression,tier1a_v1,tier1a_v1,0.39999999999999986,0.4199999999999998,1,0,117
Winsome Diamonds and Jewellery,L36910GJ1985PLC015915,Gems & Jewellery,defaulter,2012,0.7436898003517382,74.37,High,0.38151163552744827,38.15,Medium,0.3621781648242899,disagree,3,1,manual_check,60.33,52.78,100.0,0.0,Operating cash flow is negative despite positive revenue. | Operating cash flow trend over the available years is negative. | Borrowings trend over the available years is increasing.,negative_operating_cash_flow|declining_cash_flow_trend|rising_borrowings_trend,ML probability 0.744 against threshold 0.400. 3 rule-based red flag(s) were triggered. Key reasons: Operating cash flow is negative despite positive revenue.; Operating cash flow trend over the available years is negative.; Borrowings trend over the available years is increasing.,hist_gradient_boosting,logistic_regression,tier1a_v1,tier1a_v1,0.39999999999999986,0.4199999999999998,1,0,120
Winsome Diamonds and Jewellery,L36910GJ1985PLC015915,Gems & Jewellery,defaulter,2011,0.7421969213730384,74.22,High,0.41801485646346126,41.8,Medium,0.32418206490957713,disagree,2,0,manual_check,58.33,47.22,100.0,0.0,Operating cash flow trend over the available years is negative. | Borrowings trend over the available years is increasing.,declining_cash_flow_trend|rising_borrowings_trend,ML probability 0.742 against threshold 0.400. 2 rule-based red flag(s) were triggered. Key reasons: Operating cash flow trend over the available years is negative.; Borrowings trend over the available years is increasing.,hist_gradient_boosting,logistic_regression,tier1a_v1,tier1a_v1,0.39999999999999986,0.4199999999999998,1,0,126
Elder Pharmaceuticals Ltd,L24239MH1983PLC029714,Pharma,defaulter,2014,0.6918084764258701,69.18,High,0.4134080328721899,41.34,Medium,0.27840044355368015,disagree,3,1,manual_check,54.67,75.0,66.67,0.0,"Current ratio is below 1, indicating a short-term liquidity deficit. | Revenue trend over the available years is negative. | Net profit margin deteriorated materially year over year.",weak_liquidity|declining_revenue_trend|margin_drop,"ML probability 0.692 against threshold 0.400. 3 rule-based red flag(s) were triggered. Key reasons: Current ratio is below 1, indicating a short-term liquidity deficit.; Revenue trend over the available years is negative.; Net profit margin deteriorated materially year over year.",hist_gradient_boosting,logistic_regression,tier1a_v1,tier1a_v1,0.39999999999999986,0.4199999999999998,1,0,137
Elder Pharmaceuticals Ltd,L24239MH1983PLC029714,Pharma,defaulter,2013,0.6418863628422083,64.19,High,0.3440974263078961,34.41,Medium,0.29778893653431227,disagree,3,2,manual_check,53.67,66.67,50.0,0.0,"Current ratio is below 1, indicating a short-term liquidity deficit. | Operating cash flow is negative despite positive revenue. | Revenue trend over the available years is negative.",weak_liquidity|negative_operating_cash_flow|declining_revenue_trend,"ML probability 0.642 against threshold 0.400. 3 rule-based red flag(s) were triggered. Key reasons: Current ratio is below 1, indicating a short-term liquidity deficit.; Operating cash flow is negative despite positive revenue.; Revenue trend over the available years is negative.",hist_gradient_boosting,logistic_regression,tier1a_v1,tier1a_v1,0.39999999999999986,0.4199999999999998,1,0,140
Kalpataru Projects International Limited,L45203GJ1981PLC103919,Infrastructure,non_defaulter,2014,0.5521457045008813,55.21,High,0.3890666652916491,38.91,Medium,0.16307903920923217,disagree,0,0,manual_check,52.0,39.22,46.15,0.0,,,ML probability 0.552 against threshold 0.400. No explicit rule-based red flags were triggered.,hist_gradient_boosting,logistic_regression,tier1a_v1,tier1a_v1,0.39999999999999986,0.4199999999999998,1,0,145
KEC International Limited,L45200MH2005PLC152061,Infrastructure,non_defaulter,2015,0.5173178775670301,51.73,High,0.3955396476471023,39.55,Medium,0.12177822991992776,disagree,3,1,manual_check,51.67,37.25,50.0,0.0,Contingent liabilities exceed 50% of net worth. | Operating cash flow trend over the available years is negative. | Borrowings trend over the available years is increasing.,large_contingent_liabilities|declining_cash_flow_trend|rising_borrowings_trend,ML probability 0.517 against threshold 0.400. 3 rule-based red flag(s) were triggered. Key reasons: Contingent liabilities exceed 50% of net worth.; Operating cash flow trend over the available years is negative.; Borrowings trend over the available years is increasing.,hist_gradient_boosting,logistic_regression,tier1a_v1,tier1a_v1,0.39999999999999986,0.4199999999999998,1,0,146
Kalpataru Projects International Limited,L45203GJ1981PLC103919,Infrastructure,non_defaulter,2015,0.5073519013922663,50.74,High,0.3944577560263323,39.45,Medium,0.11289414536593395,disagree,0,0,manual_check,51.33,35.29,42.86,0.0,,,ML probability 0.507 against threshold 0.400. No explicit rule-based red flags were triggered.,hist_gradient_boosting,logistic_regression,tier1a_v1,tier1a_v1,0.39999999999999986,0.4199999999999998,1,0,147
KEC International Limited,L45200MH2005PLC152061,Infrastructure,non_defaulter,2014,0.49384825191632353,49.38,High,0.3933147237914166,39.33,Medium,0.10053352812490696,disagree,3,1,manual_check,50.67,31.37,38.46,0.0,Operating cash flow is negative despite positive revenue. | Operating cash flow trend over the available years is negative. | Borrowings trend over the available years is increasing.,negative_operating_cash_flow|declining_cash_flow_trend|rising_borrowings_trend,ML probability 0.494 against threshold 0.400. 3 rule-based red flag(s) were triggered. Key reasons: Operating cash flow is negative despite positive revenue.; Operating cash flow trend over the available years is negative.; Borrowings trend over the available years is increasing.,hist_gradient_boosting,logistic_regression,tier1a_v1,tier1a_v1,0.39999999999999986,0.4199999999999998,1,0,149
Elder Pharmaceuticals Ltd,L24239MH1983PLC029714,Pharma,defaulter,2012,0.4914184212315941,49.14,High,0.3415396770287724,34.15,Medium,0.1498787442028217,disagree,1,0,manual_check,50.33,58.33,50.0,0.0,Revenue trend over the available years is negative.,declining_revenue_trend,ML probability 0.491 against threshold 0.400. 1 rule-based red flag(s) were triggered. Key reasons: Revenue trend over the available years is negative.,hist_gradient_boosting,logistic_regression,tier1a_v1,tier1a_v1,0.39999999999999986,0.4199999999999998,1,0,150
Deccan Chronicle Holdings,L22122TG2002PLC040110,Media,defaulter,2010,0.47214282176990635,47.21,High,0.3257231538937258,32.57,Medium,0.14641966787618055,disagree,3,0,manual_check,50.0,83.33,100.0,0.0,Revenue trend over the available years is negative. | Operating cash flow trend over the available years is negative. | Borrowings trend over the available years is increasing.,declining_revenue_trend|declining_cash_flow_trend|rising_borrowings_trend,ML probability 0.472 against threshold 0.400. 3 rule-based red flag(s) were triggered. Key reasons: Revenue trend over the available years is negative.; Operating cash flow trend over the available years is negative.; Borrowings trend over the available years is increasing.,hist_gradient_boosting,logistic_regression,tier1a_v1,tier1a_v1,0.39999999999999986,0.4199999999999998,1,0,151
S Kumars Nationwide,L17120MH1990PLC058361,Textiles,defaulter,2011,0.4409753987057956,44.1,High,0.36209575179355896,36.21,Medium,0.07887964691223665,disagree,2,1,manual_check,49.67,59.26,100.0,0.0,Operating cash flow is negative despite positive revenue. | Borrowings trend over the available years is increasing.,negative_operating_cash_flow|rising_borrowings_trend,ML probability 0.441 against threshold 0.400. 2 rule-based red flag(s) were triggered. Key reasons: Operating cash flow is negative despite positive revenue.; Borrowings trend over the available years is increasing.,hist_gradient_boosting,logistic_regression,tier1a_v1,tier1a_v1,0.39999999999999986,0.4199999999999998,1,0,152
Cox & Kings Limited,L63040MH1939PLC011352,Travel / Aviation / Hospitality,defaulter,2017,0.39745913943897915,39.75,High,0.643835826034001,64.38,High,0.24637668659502188,disagree,4,1,manual_check,49.0,22.22,100.0,0.0,Operating cash flow is negative despite positive revenue. | Revenue trend over the available years is negative. | Operating cash flow trend over the available years is negative.,negative_operating_cash_flow|declining_revenue_trend|declining_cash_flow_trend|rising_borrowings_trend,ML probability 0.397 against threshold 0.400. 4 rule-based red flag(s) were triggered. Key reasons: Operating cash flow is negative despite positive revenue.; Revenue trend over the available years is negative.; Operating cash flow trend over the available years is negative.,hist_gradient_boosting,logistic_regression,tier1a_v1,tier1a_v1,0.39999999999999986,0.4199999999999998,0,1,154
Dilip Buildcon Limited,L45201MP1987PLC003821,Infrastructure,non_defaulter,2016,0.37542210605723053,37.54,High,0.5533391748820238,55.33,High,0.17791706882479325,disagree,2,1,manual_check,48.0,25.49,29.41,0.0,"Debt-to-equity is above 2, indicating elevated leverage. | Borrowings trend over the available years is increasing.",excessive_leverage|rising_borrowings_trend,"ML probability 0.375 against threshold 0.400. 2 rule-based red flag(s) were triggered. Key reasons: Debt-to-equity is above 2, indicating elevated leverage.; Borrowings trend over the available years is increasing.",hist_gradient_boosting,logistic_regression,tier1a_v1,tier1a_v1,0.39999999999999986,0.4199999999999998,0,1,157
Sun Pharmaceutical Industries Limited,L24230GJ1993PLC019050,Pharma,non_defaulter,2014,0.35268436644476164,35.27,High,0.42357352385130886,42.36,High,0.07088915740654722,disagree,4,3,manual_check,46.67,50.0,33.33,0.0,"Interest coverage is below 1, suggesting operating earnings may not comfortably cover finance costs. | Operating cash flow is negative despite positive revenue. | Net profit margin is negative.",weak_interest_coverage|negative_operating_cash_flow|negative_profit_margin|rising_borrowings_trend,"ML probability 0.353 against threshold 0.400. 4 rule-based red flag(s) were triggered. Key reasons: Interest coverage is below 1, suggesting operating earnings may not comfortably cover finance costs.; Operating cash flow is negative despite positive revenue.; Net profit margin is negative.",hist_gradient_boosting,logistic_regression,tier1a_v1,tier1a_v1,0.39999999999999986,0.4199999999999998,0,1,161
Kalyan Jewellers India Limited,L36911KL2009PLC024641,Gems & Jewellery,non_defaulter,2016,0.3522905430413339,35.23,Medium,0.5448240570515122,54.48,High,0.19253351401017826,disagree,0,0,manual_check,46.33,41.67,57.14,0.3333333333333333,,,ML probability 0.352 against threshold 0.400. No explicit rule-based red flags were triggered.,hist_gradient_boosting,logistic_regression,tier1a_v1,tier1a_v1,0.39999999999999986,0.4199999999999998,0,1,162
Dilip Buildcon Limited,L45201MP1987PLC003821,Infrastructure,non_defaulter,2014,0.34341478041104173,34.34,Medium,0.5837412540332054,58.37,High,0.2403264736221637,disagree,1,0,manual_check,45.0,21.57,30.77,0.0,Borrowings trend over the available years is increasing.,rising_borrowings_trend,ML probability 0.343 against threshold 0.400. 1 rule-based red flag(s) were triggered. Key reasons: Borrowings trend over the available years is increasing.,hist_gradient_boosting,logistic_regression,tier1a_v1,tier1a_v1,0.39999999999999986,0.4199999999999998,0,1,166
Vaibhav Global Limited,L36911RJ1989PLC004945,Gems & Jewellery,non_defaulter,2016,0.3383224328574442,33.83,High,0.6727936695718122,67.28,High,0.334471236714368,disagree,3,1,manual_check,42.67,38.89,42.86,0.0,Operating cash flow is negative despite positive revenue. | Operating cash flow trend over the available years is negative. | Borrowings trend over the available years is increasing.,negative_operating_cash_flow|declining_cash_flow_trend|rising_borrowings_trend,ML probability 0.338 against threshold 0.400. 3 rule-based red flag(s) were triggered. Key reasons: Operating cash flow is negative despite positive revenue.; Operating cash flow trend over the available years is negative.; Borrowings trend over the available years is increasing.,hist_gradient_boosting,logistic_regression,tier1a_v1,tier1a_v1,0.39999999999999986,0.4199999999999998,0,1,173
DLF Limited,L70101DL1963PLC004462,Real Estate,non_defaulter,2018,0.3362587335233788,33.63,Medium,0.4481938978036842,44.82,High,0.11193516428030537,disagree,2,0,manual_check,42.33,50.0,50.0,0.0,Revenue trend over the available years is negative. | Operating cash flow trend over the available years is negative.,declining_revenue_trend|declining_cash_flow_trend,ML probability 0.336 against threshold 0.400. 2 rule-based red flag(s) were triggered. Key reasons: Revenue trend over the available years is negative.; Operating cash flow trend over the available years is negative.,hist_gradient_boosting,logistic_regression,tier1a_v1,tier1a_v1,0.39999999999999986,0.4199999999999998,0,1,174
Cox & Kings Limited,L63040MH1939PLC011352,Travel / Aviation / Hospitality,defaulter,2016,0.3353816931119083,33.54,Medium,0.6537192180570263,65.37,High,0.31833752494511797,disagree,3,0,manual_check,41.67,11.11,100.0,0.0,Revenue trend over the available years is negative. | Operating cash flow trend over the available years is negative. | Borrowings trend over the available years is increasing.,declining_revenue_trend|declining_cash_flow_trend|rising_borrowings_trend,ML probability 0.335 against threshold 0.400. 3 rule-based red flag(s) were triggered. Key reasons: Revenue trend over the available years is negative.; Operating cash flow trend over the available years is negative.; Borrowings trend over the available years is increasing.,hist_gradient_boosting,logistic_regression,tier1a_v1,tier1a_v1,0.39999999999999986,0.4199999999999998,0,1,176
Senco Gold Limited,L36911WB1994PLC063674,Gems & Jewellery,non_defaulter,2018,0.3349716359525711,33.5,High,0.6444845162007906,64.45,High,0.3095128802482195,disagree,2,1,manual_check,41.0,36.11,100.0,0.0,Operating cash flow is negative despite positive revenue. | Borrowings trend over the available years is increasing.,negative_operating_cash_flow|rising_borrowings_trend,ML probability 0.335 against threshold 0.400. 2 rule-based red flag(s) were triggered. Key reasons: Operating cash flow is negative despite positive revenue.; Borrowings trend over the available years is increasing.,hist_gradient_boosting,logistic_regression,tier1a_v1,tier1a_v1,0.39999999999999986,0.4199999999999998,0,1,178
IRB Infrastructure Developers Limited,L65910MH1998PLC115967,Infrastructure,non_defaulter,2015,0.33294397774941914,33.29,High,0.645117230470294,64.51,High,0.31217325272087487,disagree,4,2,manual_check,39.0,17.65,21.43,0.0,"Current ratio is below 1, indicating a short-term liquidity deficit. | Contingent liabilities exceed 50% of net worth. | Borrowings trend over the available years is increasing.",weak_liquidity|large_contingent_liabilities|rising_borrowings_trend|margin_drop,"ML probability 0.333 against threshold 0.400. 4 rule-based red flag(s) were triggered. Key reasons: Current ratio is below 1, indicating a short-term liquidity deficit.; Contingent liabilities exceed 50% of net worth.; Borrowings trend over the available years is increasing.",hist_gradient_boosting,logistic_regression,tier1a_v1,tier1a_v1,0.39999999999999986,0.4199999999999998,0,1,184
Vaibhav Global Limited,L36911RJ1989PLC004945,Gems & Jewellery,non_defaulter,2017,0.33275298528655645,33.28,Medium,0.6170349157619783,61.7,High,0.2842819304754219,disagree,2,0,manual_check,38.67,30.56,57.14,0.0,Operating cash flow trend over the available years is negative. | Borrowings trend over the available years is increasing.,declining_cash_flow_trend|rising_borrowings_trend,ML probability 0.333 against threshold 0.400. 2 rule-based red flag(s) were triggered. Key reasons: Operating cash flow trend over the available years is negative.; Borrowings trend over the available years is increasing.,hist_gradient_boosting,logistic_regression,tier1a_v1,tier1a_v1,0.39999999999999986,0.4199999999999998,0,1,185
Senco Gold Limited,L36911WB1994PLC063674,Gems & Jewellery,non_defaulter,2020,0.33235656273084,33.24,Medium,0.5374093047592433,53.74,High,0.2050527420284033,disagree,1,0,manual_check,37.67,27.78,50.0,0.0,Borrowings trend over the available years is increasing.,rising_borrowings_trend,ML probability 0.332 against threshold 0.400. 1 rule-based red flag(s) were triggered. Key reasons: Borrowings trend over the available years is increasing.,hist_gradient_boosting,logistic_regression,tier1a_v1,tier1a_v1,0.39999999999999986,0.4199999999999998,0,1,188
Jindal Steel & Power Limited,L27105HR1979PLC009913,Steel & Metals,non_defaulter,2015,0.33235524475869105,33.24,High,0.538339393301311,53.83,High,0.20598414854261993,disagree,2,2,manual_check,37.33,45.83,66.67,0.0,"Debt-to-equity is above 2, indicating elevated leverage. | Net profit margin is negative.",excessive_leverage|negative_profit_margin,"ML probability 0.332 against threshold 0.400. 2 rule-based red flag(s) were triggered. Key reasons: Debt-to-equity is above 2, indicating elevated leverage.; Net profit margin is negative.",hist_gradient_boosting,logistic_regression,tier1a_v1,tier1a_v1,0.39999999999999986,0.4199999999999998,0,1,189
IRB Infrastructure Developers Limited,L65910MH1998PLC115967,Infrastructure,non_defaulter,2016,0.3318030601359347,33.18,High,0.5988406150148352,59.88,High,0.2670375548789005,disagree,3,2,manual_check,36.67,15.69,17.65,0.0,"Current ratio is below 1, indicating a short-term liquidity deficit. | Contingent liabilities exceed 50% of net worth. | Borrowings trend over the available years is increasing.",weak_liquidity|large_contingent_liabilities|rising_borrowings_trend,"ML probability 0.332 against threshold 0.400. 3 rule-based red flag(s) were triggered. Key reasons: Current ratio is below 1, indicating a short-term liquidity deficit.; Contingent liabilities exceed 50% of net worth.; Borrowings trend over the available years is increasing.",hist_gradient_boosting,logistic_regression,tier1a_v1,tier1a_v1,0.39999999999999986,0.4199999999999998,0,1,191
DLF Limited,L70101DL1963PLC004462,Real Estate,non_defaulter,2017,0.33142246957374627,33.14,High,0.49028529017950995,49.03,High,0.15886282060576368,disagree,5,2,manual_check,35.0,33.33,50.0,0.0,Operating cash flow is negative despite positive revenue. | Contingent liabilities exceed 50% of net worth. | Revenue trend over the available years is negative.,negative_operating_cash_flow|large_contingent_liabilities|declining_revenue_trend|declining_cash_flow_trend|margin_drop,ML probability 0.331 against threshold 0.400. 5 rule-based red flag(s) were triggered. Key reasons: Operating cash flow is negative despite positive revenue.; Contingent liabilities exceed 50% of net worth.; Revenue trend over the available years is negative.,hist_gradient_boosting,logistic_regression,tier1a_v1,tier1a_v1,0.39999999999999986,0.4199999999999998,0,1,196
Senco Gold Limited,L36911WB1994PLC063674,Gems & Jewellery,non_defaulter,2019,0.33043037721178076,33.04,Medium,0.5579725240340254,55.8,High,0.22754214682224466,disagree,1,0,manual_check,32.67,19.44,100.0,0.0,Borrowings trend over the available years is increasing.,rising_borrowings_trend,ML probability 0.330 against threshold 0.400. 1 rule-based red flag(s) were triggered. Key reasons: Borrowings trend over the available years is increasing.,hist_gradient_boosting,logistic_regression,tier1a_v1,tier1a_v1,0.39999999999999986,0.4199999999999998,0,1,203
Kalyan Jewellers India Limited,L36911KL2009PLC024641,Gems & Jewellery,non_defaulter,2017,0.32976916127724965,32.98,Medium,0.5478221254179841,54.78,High,0.2180529641407345,disagree,0,0,manual_check,27.0,16.67,42.86,0.3333333333333333,,,ML probability 0.330 against threshold 0.400. No explicit rule-based red flags were triggered.,hist_gradient_boosting,logistic_regression,tier1a_v1,tier1a_v1,0.39999999999999986,0.4199999999999998,0,1,220
Carborundum Universal Limited,L99999TN1954PLC000759,Engineering / Manufacturing,non_defaulter,2016,0.3296846994278284,32.97,Medium,0.4387236832657152,43.87,High,0.1090389838378868,disagree,0,0,manual_check,26.33,25.64,41.67,0.0,,,ML probability 0.330 against threshold 0.400. No explicit rule-based red flags were triggered.,hist_gradient_boosting,logistic_regression,tier1a_v1,tier1a_v1,0.39999999999999986,0.4199999999999998,0,1,222
IRB Infrastructure Developers Limited,L65910MH1998PLC115967,Infrastructure,non_defaulter,2014,0.32949565659506497,32.95,High,0.5931750953389124,59.32,High,0.26367943874384747,disagree,2,1,manual_check,24.67,13.73,23.08,0.0,Contingent liabilities exceed 50% of net worth. | Borrowings trend over the available years is increasing.,large_contingent_liabilities|rising_borrowings_trend,ML probability 0.329 against threshold 0.400. 2 rule-based red flag(s) were triggered. Key reasons: Contingent liabilities exceed 50% of net worth.; Borrowings trend over the available years is increasing.,hist_gradient_boosting,logistic_regression,tier1a_v1,tier1a_v1,0.39999999999999986,0.4199999999999998,0,1,227
DLF Limited,L70101DL1963PLC004462,Real Estate,non_defaulter,2016,0.3292224950761255,32.92,High,0.4505582021809435,45.06,High,0.121335707104818,disagree,3,1,manual_check,21.33,16.67,50.0,0.0,Contingent liabilities exceed 50% of net worth. | Revenue trend over the available years is negative. | Operating cash flow trend over the available years is negative.,large_contingent_liabilities|declining_revenue_trend|declining_cash_flow_trend,ML probability 0.329 against threshold 0.400. 3 rule-based red flag(s) were triggered. Key reasons: Contingent liabilities exceed 50% of net worth.; Revenue trend over the available years is negative.; Operating cash flow trend over the available years is negative.,hist_gradient_boosting,logistic_regression,tier1a_v1,tier1a_v1,0.39999999999999986,0.4199999999999998,0,1,237
Jindal Steel & Power Limited,L27105HR1979PLC009913,Steel & Metals,non_defaulter,2016,0.32921416546082305,32.92,High,0.44090556406056897,44.09,High,0.11169139859974592,disagree,3,2,manual_check,21.0,33.33,16.67,0.0,"Interest coverage is below 1, suggesting operating earnings may not comfortably cover finance costs. | Net profit margin is negative. | Net profit margin deteriorated materially year over year.",weak_interest_coverage|negative_profit_margin|margin_drop,"ML probability 0.329 against threshold 0.400. 3 rule-based red flag(s) were triggered. Key reasons: Interest coverage is below 1, suggesting operating earnings may not comfortably cover finance costs.; Net profit margin is negative.; Net profit margin deteriorated materially year over year.",hist_gradient_boosting,logistic_regression,tier1a_v1,tier1a_v1,0.39999999999999986,0.4199999999999998,0,1,238
Vaibhav Global Limited,L36911RJ1989PLC004945,Gems & Jewellery,non_defaulter,2015,0.32917826285370133,32.92,Medium,0.6209340360614162,62.09,High,0.29175577320771484,disagree,2,0,manual_check,20.0,13.89,25.0,0.0,Operating cash flow trend over the available years is negative. | Borrowings trend over the available years is increasing.,declining_cash_flow_trend|rising_borrowings_trend,ML probability 0.329 against threshold 0.400. 2 rule-based red flag(s) were triggered. Key reasons: Operating cash flow trend over the available years is negative.; Borrowings trend over the available years is increasing.,hist_gradient_boosting,logistic_regression,tier1a_v1,tier1a_v1,0.39999999999999986,0.4199999999999998,0,1,241
Jindal Steel & Power Limited,L27105HR1979PLC009913,Steel & Metals,non_defaulter,2017,0.3290476455506948,32.9,High,0.42336958376805534,42.34,High,0.09432193821736051,disagree,2,2,manual_check,19.0,29.17,100.0,0.0,"Interest coverage is below 1, suggesting operating earnings may not comfortably cover finance costs. | Net profit margin is negative.",weak_interest_coverage|negative_profit_margin,"ML probability 0.329 against threshold 0.400. 2 rule-based red flag(s) were triggered. Key reasons: Interest coverage is below 1, suggesting operating earnings may not comfortably cover finance costs.; Net profit margin is negative.",hist_gradient_boosting,logistic_regression,tier1a_v1,tier1a_v1,0.39999999999999986,0.4199999999999998,0,1,244
PNC Infratech Limited,L45201UP1999PLC024640,Infrastructure,non_defaulter,2014,0.3288170135123397,32.88,High,0.4964954633082259,49.65,High,0.1676784497958862,disagree,2,1,manual_check,16.67,11.76,15.38,0.0,Contingent liabilities exceed 50% of net worth. | Operating cash flow trend over the available years is negative.,large_contingent_liabilities|declining_cash_flow_trend,ML probability 0.329 against threshold 0.400. 2 rule-based red flag(s) were triggered. Key reasons: Contingent liabilities exceed 50% of net worth.; Operating cash flow trend over the available years is negative.,hist_gradient_boosting,logistic_regression,tier1a_v1,tier1a_v1,0.39999999999999986,0.4199999999999998,0,1,251
Alok Industries Ltd,L17110DN1986PLC000334,Textiles,defaulter,2013,0.32841341478902014,32.84,High,0.31428862974230226,31.43,Medium,0.01412478504671788,agree,5,2,manual_check,11.67,7.41,50.0,0.3333333333333333,"Debt-to-equity is above 2, indicating elevated leverage. | Contingent liabilities exceed 50% of net worth. | Revenue trend over the available years is negative.",excessive_leverage|large_contingent_liabilities|declining_revenue_trend|declining_cash_flow_trend|rising_borrowings_trend,"ML probability 0.328 against threshold 0.400. 5 rule-based red flag(s) were triggered. Key reasons: Debt-to-equity is above 2, indicating elevated leverage.; Contingent liabilities exceed 50% of net worth.; Revenue trend over the available years is negative.",hist_gradient_boosting,logistic_regression,tier1a_v1,tier1a_v1,0.39999999999999986,0.4199999999999998,0,0,266
PNC Infratech Limited,L45201UP1999PLC024640,Infrastructure,non_defaulter,2015,0.32833536767948485,32.83,High,0.4264956157960822,42.65,High,0.09816024811659735,disagree,2,1,manual_check,9.33,5.88,14.29,0.0,Contingent liabilities exceed 50% of net worth. | Operating cash flow trend over the available years is negative.,large_contingent_liabilities|declining_cash_flow_trend,ML probability 0.328 against threshold 0.400. 2 rule-based red flag(s) were triggered. Key reasons: Contingent liabilities exceed 50% of net worth.; Operating cash flow trend over the available years is negative.,hist_gradient_boosting,logistic_regression,tier1a_v1,tier1a_v1,0.39999999999999986,0.4199999999999998,0,1,273
KEC International Limited,L45200MH2005PLC152061,Infrastructure,non_defaulter,2016,0.39635190804891657,39.64,High,0.4137420147300163,41.37,Medium,0.01739010668109975,agree,5,2,watchlist,48.67,29.41,41.18,0.0,Operating cash flow is negative despite positive revenue. | Contingent liabilities exceed 50% of net worth. | Operating cash flow trend over the available years is negative.,negative_operating_cash_flow|large_contingent_liabilities|declining_cash_flow_trend|rising_borrowings_trend|leverage_spike,ML probability 0.396 against threshold 0.400. 5 rule-based red flag(s) were triggered. Key reasons: Operating cash flow is negative despite positive revenue.; Contingent liabilities exceed 50% of net worth.; Operating cash flow trend over the available years is negative.,hist_gradient_boosting,logistic_regression,tier1a_v1,tier1a_v1,0.39999999999999986,0.4199999999999998,0,0,155
JSW Steel Limited,L27102MH1994PLC152925,Steel & Metals,non_defaulter,2016,0.3674250415359169,36.74,High,0.37154464695853795,37.15,Medium,0.004119605422621075,agree,6,2,watchlist,47.67,50.0,66.67,0.0,"Interest coverage is below 1, suggesting operating earnings may not comfortably cover finance costs. | Net profit margin is negative. | Revenue trend over the available years is negative.",weak_interest_coverage|negative_profit_margin|declining_revenue_trend|rising_borrowings_trend|leverage_spike|margin_drop,"ML probability 0.367 against threshold 0.400. 6 rule-based red flag(s) were triggered. Key reasons: Interest coverage is below 1, suggesting operating earnings may not comfortably cover finance costs.; Net profit margin is negative.; Revenue trend over the available years is negative.",hist_gradient_boosting,logistic_regression,tier1a_v1,tier1a_v1,0.39999999999999986,0.4199999999999998,0,0,158
Deccan Chronicle Holdings,L22122TG2002PLC040110,Media,defaulter,2011,0.34374973957168975,34.37,Medium,0.3745716674986754,37.46,Medium,0.030821927926985626,agree,5,0,watchlist,45.67,66.67,100.0,0.0,Revenue trend over the available years is negative. | Operating cash flow trend over the available years is negative. | Borrowings trend over the available years is increasing.,declining_revenue_trend|declining_cash_flow_trend|rising_borrowings_trend|leverage_spike|margin_drop,ML probability 0.344 against threshold 0.400. 5 rule-based red flag(s) were triggered. Key reasons: Revenue trend over the available years is negative.; Operating cash flow trend over the available years is negative.; Borrowings trend over the available years is increasing.,hist_gradient_boosting,logistic_regression,tier1a_v1,tier1a_v1,0.39999999999999986,0.4199999999999998,0,0,164
Indian Hotels Company Limited,L74999MH1902PLC000183,Travel / Hospitality,non_defaulter,2015,0.3436916668116143,34.37,High,0.3287549838373344,32.88,Medium,0.014936682974279858,agree,3,3,watchlist,45.33,100.0,100.0,0.0,"Current ratio is below 1, indicating a short-term liquidity deficit. | Net profit margin is negative. | Contingent liabilities exceed 50% of net worth.",weak_liquidity|negative_profit_margin|large_contingent_liabilities,"ML probability 0.344 against threshold 0.400. 3 rule-based red flag(s) were triggered. Key reasons: Current ratio is below 1, indicating a short-term liquidity deficit.; Net profit margin is negative.; Contingent liabilities exceed 50% of net worth.",hist_gradient_boosting,logistic_regression,tier1a_v1,tier1a_v1,0.39999999999999986,0.4199999999999998,0,0,165
Coal India Limited,L23109WB1973GOI028844,Mining,non_defaulter,2017,0.3411862119950515,34.12,High,0.3098857707042676,30.99,Medium,0.03130044129078391,agree,5,2,watchlist,44.0,100.0,100.0,0.0,"Interest coverage is below 1, suggesting operating earnings may not comfortably cover finance costs. | Operating cash flow is negative despite positive revenue. | Revenue trend over the available years is negative.",weak_interest_coverage|negative_operating_cash_flow|declining_revenue_trend|declining_cash_flow_trend|margin_drop,"ML probability 0.341 against threshold 0.400. 5 rule-based red flag(s) were triggered. Key reasons: Interest coverage is below 1, suggesting operating earnings may not comfortably cover finance costs.; Operating cash flow is negative despite positive revenue.; Revenue trend over the available years is negative.",hist_gradient_boosting,logistic_regression,tier1a_v1,tier1a_v1,0.39999999999999986,0.4199999999999998,0,0,169
Cochin Shipyard Limited,L63032KL1972GOI002414,Shipbuilding,non_defaulter,2015,0.33836279196666574,33.84,High,0.40503448517803303,40.5,Medium,0.06667169321136729,agree,2,1,watchlist,43.0,50.0,50.0,0.0,"A qualified, adverse, or disclaimer audit opinion was detected. | Net profit margin deteriorated materially year over year.",qualified_audit_signal|margin_drop,"ML probability 0.338 against threshold 0.400. 2 rule-based red flag(s) were triggered. Key reasons: A qualified, adverse, or disclaimer audit opinion was detected.; Net profit margin deteriorated materially year over year.",hist_gradient_boosting,logistic_regression,tier1a_v1,tier1a_v1,0.39999999999999986,0.4199999999999998,0,0,172
Blue Dart Express Limited,L66000MH1991PLC062329,Logistics,non_defaulter,2020,0.334990301037492,33.5,High,0.3379229555485147,33.79,Medium,0.002932654511022703,agree,4,3,watchlist,41.33,50.0,50.0,0.0,"Interest coverage is below 1, suggesting operating earnings may not comfortably cover finance costs. | Current ratio is below 1, indicating a short-term liquidity deficit. | Net profit margin is negative.",weak_interest_coverage|weak_liquidity|negative_profit_margin|declining_cash_flow_trend,"ML probability 0.335 against threshold 0.400. 4 rule-based red flag(s) were triggered. Key reasons: Interest coverage is below 1, suggesting operating earnings may not comfortably cover finance costs.; Current ratio is below 1, indicating a short-term liquidity deficit.; Net profit margin is negative.",hist_gradient_boosting,logistic_regression,tier1a_v1,tier1a_v1,0.39999999999999986,0.4199999999999998,0,0,177
Welspun India Limited,L17119GJ1985PLC033347,Textiles,non_defaulter,2017,0.3348202429100383,33.48,Medium,0.3150144794068715,31.5,Medium,0.019805763503166818,agree,2,0,watchlist,40.67,40.74,66.67,0.0,Borrowings trend over the available years is increasing. | Net profit margin deteriorated materially year over year.,rising_borrowings_trend|margin_drop,ML probability 0.335 against threshold 0.400. 2 rule-based red flag(s) were triggered. Key reasons: Borrowings trend over the available years is increasing.; Net profit margin deteriorated materially year over year.,hist_gradient_boosting,logistic_regression,tier1a_v1,tier1a_v1,0.39999999999999986,0.4199999999999998,0,0,179
Lemon Tree Hotels Limited,L74899DL1992PLC049022,Travel / Hospitality,non_defaulter,2016,0.3337832016762678,33.38,High,0.38042499190359313,38.04,Medium,0.04664179022732534,agree,2,2,watchlist,40.0,66.67,100.0,0.0,"Interest coverage is below 1, suggesting operating earnings may not comfortably cover finance costs. | Net profit margin is negative.",weak_interest_coverage|negative_profit_margin,"ML probability 0.334 against threshold 0.400. 2 rule-based red flag(s) were triggered. Key reasons: Interest coverage is below 1, suggesting operating earnings may not comfortably cover finance costs.; Net profit margin is negative.",hist_gradient_boosting,logistic_regression,tier1a_v1,tier1a_v1,0.39999999999999986,0.4199999999999998,0,0,181
HT Media Limited,L22121DL2002PLC117874,Media,non_defaulter,2015,0.3323019948693874,33.23,High,0.32091741964178494,32.09,Medium,0.011384575227602445,agree,3,1,watchlist,37.0,50.0,100.0,0.0,"Current ratio is below 1, indicating a short-term liquidity deficit. | Operating cash flow trend over the available years is negative. | Borrowings trend over the available years is increasing.",weak_liquidity|declining_cash_flow_trend|rising_borrowings_trend,"ML probability 0.332 against threshold 0.400. 3 rule-based red flag(s) were triggered. Key reasons: Current ratio is below 1, indicating a short-term liquidity deficit.; Operating cash flow trend over the available years is negative.; Borrowings trend over the available years is increasing.",hist_gradient_boosting,logistic_regression,tier1a_v1,tier1a_v1,0.39999999999999986,0.4199999999999998,0,0,190
Rajesh Exports Limited,L36911KA1990PLC020815,Gems & Jewellery,non_defaulter,2016,0.3316989208275907,33.17,Medium,0.3287748145880189,32.88,Medium,0.0029241062395718442,agree,2,0,watchlist,36.0,25.0,28.57,0.0,Operating cash flow trend over the available years is negative. | Borrowings trend over the available years is increasing.,declining_cash_flow_trend|rising_borrowings_trend,ML probability 0.332 against threshold 0.400. 2 rule-based red flag(s) were triggered. Key reasons: Operating cash flow trend over the available years is negative.; Borrowings trend over the available years is increasing.,hist_gradient_boosting,logistic_regression,tier1a_v1,tier1a_v1,0.39999999999999986,0.4199999999999998,0,0,193
HT Media Limited,L22121DL2002PLC117874,Media,non_defaulter,2016,0.3315573894127576,33.16,High,0.3540911605266296,35.41,Medium,0.022533771113872003,agree,4,1,watchlist,35.67,33.33,100.0,0.0,"Current ratio is below 1, indicating a short-term liquidity deficit. | Operating cash flow trend over the available years is negative. | Borrowings trend over the available years is increasing.",weak_liquidity|declining_cash_flow_trend|rising_borrowings_trend|leverage_spike,"ML probability 0.332 against threshold 0.400. 4 rule-based red flag(s) were triggered. Key reasons: Current ratio is below 1, indicating a short-term liquidity deficit.; Operating cash flow trend over the available years is negative.; Borrowings trend over the available years is increasing.",hist_gradient_boosting,logistic_regression,tier1a_v1,tier1a_v1,0.39999999999999986,0.4199999999999998,0,0,194
Rajesh Exports Limited,L36911KA1990PLC020815,Gems & Jewellery,non_defaulter,2015,0.33103211418450695,33.1,Medium,0.3466598973031817,34.67,Medium,0.015627783118674743,agree,2,0,watchlist,34.33,22.22,37.5,0.0,Operating cash flow trend over the available years is negative. | Borrowings trend over the available years is increasing.,declining_cash_flow_trend|rising_borrowings_trend,ML probability 0.331 against threshold 0.400. 2 rule-based red flag(s) were triggered. Key reasons: Operating cash flow trend over the available years is negative.; Borrowings trend over the available years is increasing.,hist_gradient_boosting,logistic_regression,tier1a_v1,tier1a_v1,0.39999999999999986,0.4199999999999998,0,0,198
Bharat Heavy Electricals Limited,L74899DL1964GOI004281,Engineering / Manufacturing,non_defaulter,2017,0.3307575099563467,33.08,Medium,0.3363623953280344,33.64,Medium,0.00560488537168774,agree,3,0,watchlist,33.67,51.28,50.0,0.0,Revenue trend over the available years is negative. | Operating cash flow trend over the available years is negative. | Borrowings trend over the available years is increasing.,declining_revenue_trend|declining_cash_flow_trend|rising_borrowings_trend,ML probability 0.331 against threshold 0.400. 3 rule-based red flag(s) were triggered. Key reasons: Revenue trend over the available years is negative.; Operating cash flow trend over the available years is negative.; Borrowings trend over the available years is increasing.,hist_gradient_boosting,logistic_regression,tier1a_v1,tier1a_v1,0.39999999999999986,0.4199999999999998,0,0,200
Dabur India Limited,L24230UP1975PLC003919,FMCG / Foods,non_defaulter,2018,0.33063044504333783,33.06,Medium,0.31059931846452166,31.06,Medium,0.020031126578816172,agree,2,0,watchlist,33.0,100.0,100.0,0.0,Operating cash flow trend over the available years is negative. | Borrowings trend over the available years is increasing.,declining_cash_flow_trend|rising_borrowings_trend,ML probability 0.331 against threshold 0.400. 2 rule-based red flag(s) were triggered. Key reasons: Operating cash flow trend over the available years is negative.; Borrowings trend over the available years is increasing.,hist_gradient_boosting,logistic_regression,tier1a_v1,tier1a_v1,0.39999999999999986,0.4199999999999998,0,0,202
Coal India Limited,L23109WB1973GOI028844,Mining,non_defaulter,2015,0.33025961975156454,33.03,High,0.31007151053029913,31.01,Medium,0.020188109221265405,agree,3,1,watchlist,31.0,66.67,100.0,0.0,Contingent liabilities exceed 50% of net worth. | Revenue trend over the available years is negative. | Operating cash flow trend over the available years is negative.,large_contingent_liabilities|declining_revenue_trend|declining_cash_flow_trend,ML probability 0.330 against threshold 0.400. 3 rule-based red flag(s) were triggered. Key reasons: Contingent liabilities exceed 50% of net worth.; Revenue trend over the available years is negative.; Operating cash flow trend over the available years is negative.,hist_gradient_boosting,logistic_regression,tier1a_v1,tier1a_v1,0.39999999999999986,0.4199999999999998,0,0,208
Bharat Heavy Electricals Limited,L74899DL1964GOI004281,Engineering / Manufacturing,non_defaulter,2015,0.3302384255496544,33.02,Medium,0.32935451386182457,32.94,Medium,0.0008839116878298081,agree,3,0,watchlist,30.67,43.59,50.0,0.0,Revenue trend over the available years is negative. | Operating cash flow trend over the available years is negative. | Borrowings trend over the available years is increasing.,declining_revenue_trend|declining_cash_flow_trend|rising_borrowings_trend,ML probability 0.330 against threshold 0.400. 3 rule-based red flag(s) were triggered. Key reasons: Revenue trend over the available years is negative.; Operating cash flow trend over the available years is negative.; Borrowings trend over the available years is increasing.,hist_gradient_boosting,logistic_regression,tier1a_v1,tier1a_v1,0.39999999999999986,0.4199999999999998,0,0,209
Dr Reddy's Laboratories Limited,L85195TG1984PLC004507,Pharma,non_defaulter,2016,0.3300643171925845,33.01,Medium,0.3097520931361887,30.98,Medium,0.020312224056395822,agree,2,0,watchlist,29.67,41.67,100.0,0.0,Revenue trend over the available years is negative. | Operating cash flow trend over the available years is negative.,declining_revenue_trend|declining_cash_flow_trend,ML probability 0.330 against threshold 0.400. 2 rule-based red flag(s) were triggered. Key reasons: Revenue trend over the available years is negative.; Operating cash flow trend over the available years is negative.,hist_gradient_boosting,logistic_regression,tier1a_v1,tier1a_v1,0.39999999999999986,0.4199999999999998,0,0,212
Steel Authority of India Limited,L27109DL1973GOI006454,Steel & Metals,non_defaulter,2016,0.33006040274332243,33.01,High,0.3458538713242344,34.59,Medium,0.015793468580911962,agree,6,2,watchlist,29.33,41.67,50.0,0.0,"Interest coverage is below 1, suggesting operating earnings may not comfortably cover finance costs. | Net profit margin is negative. | Revenue trend over the available years is negative.",weak_interest_coverage|negative_profit_margin|declining_revenue_trend|declining_cash_flow_trend|rising_borrowings_trend|margin_drop,"ML probability 0.330 against threshold 0.400. 6 rule-based red flag(s) were triggered. Key reasons: Interest coverage is below 1, suggesting operating earnings may not comfortably cover finance costs.; Net profit margin is negative.; Revenue trend over the available years is negative.",hist_gradient_boosting,logistic_regression,tier1a_v1,tier1a_v1,0.39999999999999986,0.4199999999999998,0,0,213
Sun Pharmaceutical Industries Limited,L24230GJ1993PLC019050,Pharma,non_defaulter,2015,0.3299896448304617,33.0,High,0.316141465100354,31.61,Medium,0.013848179730107713,agree,3,2,watchlist,28.67,33.33,100.0,0.0,"Interest coverage is below 1, suggesting operating earnings may not comfortably cover finance costs. | Net profit margin is negative. | Borrowings trend over the available years is increasing.",weak_interest_coverage|negative_profit_margin|rising_borrowings_trend,"ML probability 0.330 against threshold 0.400. 3 rule-based red flag(s) were triggered. Key reasons: Interest coverage is below 1, suggesting operating earnings may not comfortably cover finance costs.; Net profit margin is negative.; Borrowings trend over the available years is increasing.",hist_gradient_boosting,logistic_regression,tier1a_v1,tier1a_v1,0.39999999999999986,0.4199999999999998,0,0,215
Bajaj Finance Limited,L65910MH1987PLC042961,NBFC / Leasing,non_defaulter,2021,0.3299189017989627,32.99,High,0.3638296440122337,36.38,Medium,0.033910742213271006,agree,3,1,watchlist,28.33,50.0,100.0,0.0,"Debt-to-equity is above 2, indicating elevated leverage. | Operating cash flow trend over the available years is negative. | Borrowings trend over the available years is increasing.",excessive_leverage|declining_cash_flow_trend|rising_borrowings_trend,"ML probability 0.330 against threshold 0.400. 3 rule-based red flag(s) were triggered. Key reasons: Debt-to-equity is above 2, indicating elevated leverage.; Operating cash flow trend over the available years is negative.; Borrowings trend over the available years is increasing.",hist_gradient_boosting,logistic_regression,tier1a_v1,tier1a_v1,0.39999999999999986,0.4199999999999998,0,0,216
ABB India Limited,L32202KA1949PLC032923,Engineering / Manufacturing,non_defaulter,2015,0.329911747256726,32.99,Medium,0.3693121405910714,36.93,Medium,0.03940039333434542,agree,2,0,watchlist,27.67,33.33,30.0,0.0,Revenue trend over the available years is negative. | Borrowings trend over the available years is increasing.,declining_revenue_trend|rising_borrowings_trend,ML probability 0.330 against threshold 0.400. 2 rule-based red flag(s) were triggered. Key reasons: Revenue trend over the available years is negative.; Borrowings trend over the available years is increasing.,hist_gradient_boosting,logistic_regression,tier1a_v1,tier1a_v1,0.39999999999999986,0.4199999999999998,0,0,218
ABB India Limited,L32202KA1949PLC032923,Engineering / Manufacturing,non_defaulter,2017,0.3296955500796574,32.97,Medium,0.38699589860394973,38.7,Medium,0.05730034852429233,agree,2,0,watchlist,26.67,28.21,30.0,0.0,Revenue trend over the available years is negative. | Borrowings trend over the available years is increasing.,declining_revenue_trend|rising_borrowings_trend,ML probability 0.330 against threshold 0.400. 2 rule-based red flag(s) were triggered. Key reasons: Revenue trend over the available years is negative.; Borrowings trend over the available years is increasing.,hist_gradient_boosting,logistic_regression,tier1a_v1,tier1a_v1,0.39999999999999986,0.4199999999999998,0,0,221
SKF India Limited,L29130MH1961PLC011980,Engineering / Manufacturing,non_defaulter,2016,0.3295909733146747,32.96,Medium,0.33713595989447703,33.71,Medium,0.0075449865798023485,agree,2,0,watchlist,26.0,23.08,33.33,0.0,Operating cash flow trend over the available years is negative. | Borrowings trend over the available years is increasing.,declining_cash_flow_trend|rising_borrowings_trend,ML probability 0.330 against threshold 0.400. 2 rule-based red flag(s) were triggered. Key reasons: Operating cash flow trend over the available years is negative.; Borrowings trend over the available years is increasing.,hist_gradient_boosting,logistic_regression,tier1a_v1,tier1a_v1,0.39999999999999986,0.4199999999999998,0,0,223
Dabur India Limited,L24230UP1975PLC003919,FMCG / Foods,non_defaulter,2017,0.3295560847078241,32.96,Medium,0.31038471285115293,31.04,Medium,0.01917137185667117,agree,2,0,watchlist,25.33,94.44,100.0,0.0,Operating cash flow trend over the available years is negative. | Borrowings trend over the available years is increasing.,declining_cash_flow_trend|rising_borrowings_trend,ML probability 0.330 against threshold 0.400. 2 rule-based red flag(s) were triggered. Key reasons: Operating cash flow trend over the available years is negative.; Borrowings trend over the available years is increasing.,hist_gradient_boosting,logistic_regression,tier1a_v1,tier1a_v1,0.39999999999999986,0.4199999999999998,0,0,225
Bajaj Finance Limited,L65910MH1987PLC042961,NBFC / Leasing,non_defaulter,2022,0.3295410772263545,32.95,High,0.3731512419018599,37.32,Medium,0.04361016467550538,agree,4,2,watchlist,25.0,33.33,100.0,0.0,"Debt-to-equity is above 2, indicating elevated leverage. | Operating cash flow is negative despite positive revenue. | Operating cash flow trend over the available years is negative.",excessive_leverage|negative_operating_cash_flow|declining_cash_flow_trend|rising_borrowings_trend,"ML probability 0.330 against threshold 0.400. 4 rule-based red flag(s) were triggered. Key reasons: Debt-to-equity is above 2, indicating elevated leverage.; Operating cash flow is negative despite positive revenue.; Operating cash flow trend over the available years is negative.",hist_gradient_boosting,logistic_regression,tier1a_v1,tier1a_v1,0.39999999999999986,0.4199999999999998,0,0,226
ABB India Limited,L32202KA1949PLC032923,Engineering / Manufacturing,non_defaulter,2016,0.32949370766572034,32.95,Medium,0.36179712504901423,36.18,Medium,0.0323034173832939,agree,2,0,watchlist,24.33,20.51,25.0,0.0,Revenue trend over the available years is negative. | Borrowings trend over the available years is increasing.,declining_revenue_trend|rising_borrowings_trend,ML probability 0.329 against threshold 0.400. 2 rule-based red flag(s) were triggered. Key reasons: Revenue trend over the available years is negative.; Borrowings trend over the available years is increasing.,hist_gradient_boosting,logistic_regression,tier1a_v1,tier1a_v1,0.39999999999999986,0.4199999999999998,0,0,228
Bharat Heavy Electricals Limited,L74899DL1964GOI004281,Engineering / Manufacturing,non_defaulter,2016,0.3294555466482025,32.95,High,0.35133007261148724,35.13,Medium,0.021874525963284763,agree,6,2,watchlist,23.67,17.95,16.67,0.0,"Interest coverage is below 1, suggesting operating earnings may not comfortably cover finance costs. | Net profit margin is negative. | Revenue trend over the available years is negative.",weak_interest_coverage|negative_profit_margin|declining_revenue_trend|declining_cash_flow_trend|rising_borrowings_trend|margin_drop,"ML probability 0.329 against threshold 0.400. 6 rule-based red flag(s) were triggered. Key reasons: Interest coverage is below 1, suggesting operating earnings may not comfortably cover finance costs.; Net profit margin is negative.; Revenue trend over the available years is negative.",hist_gradient_boosting,logistic_regression,tier1a_v1,tier1a_v1,0.39999999999999986,0.4199999999999998,0,0,230
Tata Steel Limited,L27100WB1907PLC001473,Steel & Metals,non_defaulter,2016,0.32944959356300313,32.94,Medium,0.32386296397214454,32.39,Medium,0.005586629590858594,agree,4,0,watchlist,23.33,37.5,33.33,0.0,Revenue trend over the available years is negative. | Operating cash flow trend over the available years is negative. | Borrowings trend over the available years is increasing.,declining_revenue_trend|declining_cash_flow_trend|rising_borrowings_trend|margin_drop,ML probability 0.329 against threshold 0.400. 4 rule-based red flag(s) were triggered. Key reasons: Revenue trend over the available years is negative.; Operating cash flow trend over the available years is negative.; Borrowings trend over the available years is increasing.,hist_gradient_boosting,logistic_regression,tier1a_v1,tier1a_v1,0.39999999999999986,0.4199999999999998,0,0,231
Bajaj Finance Limited,L65910MH1987PLC042961,NBFC / Leasing,non_defaulter,2023,0.32942743641955524,32.94,High,0.35533515114522846,35.53,Medium,0.025907714725673214,agree,4,2,watchlist,22.67,16.67,100.0,0.0,"Debt-to-equity is above 2, indicating elevated leverage. | Operating cash flow is negative despite positive revenue. | Operating cash flow trend over the available years is negative.",excessive_leverage|negative_operating_cash_flow|declining_cash_flow_trend|rising_borrowings_trend,"ML probability 0.329 against threshold 0.400. 4 rule-based red flag(s) were triggered. Key reasons: Debt-to-equity is above 2, indicating elevated leverage.; Operating cash flow is negative despite positive revenue.; Operating cash flow trend over the available years is negative.",hist_gradient_boosting,logistic_regression,tier1a_v1,tier1a_v1,0.39999999999999986,0.4199999999999998,0,0,233
Cochin Shipyard Limited,L63032KL1972GOI002414,Shipbuilding,non_defaulter,2014,0.32912133852231773,32.91,High,0.35266152734814327,35.27,Medium,0.023540188825825537,agree,2,2,watchlist,19.33,16.67,50.0,0.0,"Operating cash flow is negative despite positive revenue. | A qualified, adverse, or disclaimer audit opinion was detected.",negative_operating_cash_flow|qualified_audit_signal,"ML probability 0.329 against threshold 0.400. 2 rule-based red flag(s) were triggered. Key reasons: Operating cash flow is negative despite positive revenue.; A qualified, adverse, or disclaimer audit opinion was detected.",hist_gradient_boosting,logistic_regression,tier1a_v1,tier1a_v1,0.39999999999999986,0.4199999999999998,0,0,243
Dabur India Limited,L24230UP1975PLC003919,FMCG / Foods,non_defaulter,2016,0.3290196856794779,32.9,Medium,0.30986107000640645,30.99,Medium,0.019158615673071477,agree,2,0,watchlist,18.67,72.22,83.33,0.0,Operating cash flow trend over the available years is negative. | Borrowings trend over the available years is increasing.,declining_cash_flow_trend|rising_borrowings_trend,ML probability 0.329 against threshold 0.400. 2 rule-based red flag(s) were triggered. Key reasons: Operating cash flow trend over the available years is negative.; Borrowings trend over the available years is increasing.,hist_gradient_boosting,logistic_regression,tier1a_v1,tier1a_v1,0.39999999999999986,0.4199999999999998,0,0,245
Coal India Limited,L23109WB1973GOI028844,Mining,non_defaulter,2016,0.32900830005025417,32.9,High,0.3104985091599472,31.05,Medium,0.018509790890306965,agree,4,2,watchlist,18.33,33.33,100.0,0.0,"Interest coverage is below 1, suggesting operating earnings may not comfortably cover finance costs. | Operating cash flow is negative despite positive revenue. | Revenue trend over the available years is negative.",weak_interest_coverage|negative_operating_cash_flow|declining_revenue_trend|declining_cash_flow_trend,"ML probability 0.329 against threshold 0.400. 4 rule-based red flag(s) were triggered. Key reasons: Interest coverage is below 1, suggesting operating earnings may not comfortably cover finance costs.; Operating cash flow is negative despite positive revenue.; Revenue trend over the available years is negative.",hist_gradient_boosting,logistic_regression,tier1a_v1,tier1a_v1,0.39999999999999986,0.4199999999999998,0,0,246
Sun Pharmaceutical Industries Limited,L24230GJ1993PLC019050,Pharma,non_defaulter,2016,0.32891284612286054,32.89,High,0.31296411487870535,31.3,Medium,0.01594873124415519,agree,4,3,watchlist,17.67,25.0,50.0,0.0,"Interest coverage is below 1, suggesting operating earnings may not comfortably cover finance costs. | Operating cash flow is negative despite positive revenue. | Net profit margin is negative.",weak_interest_coverage|negative_operating_cash_flow|negative_profit_margin|rising_borrowings_trend,"ML probability 0.329 against threshold 0.400. 4 rule-based red flag(s) were triggered. Key reasons: Interest coverage is below 1, suggesting operating earnings may not comfortably cover finance costs.; Operating cash flow is negative despite positive revenue.; Net profit margin is negative.",hist_gradient_boosting,logistic_regression,tier1a_v1,tier1a_v1,0.39999999999999986,0.4199999999999998,0,0,248
Alok Industries Ltd,L17110DN1986PLC000334,Textiles,defaulter,2015,0.3288831313598158,32.89,High,0.31193963266667357,31.19,Medium,0.01694349869314221,agree,4,1,watchlist,17.33,14.81,14.29,0.0,"Debt-to-equity is above 2, indicating elevated leverage. | Revenue trend over the available years is negative. | Operating cash flow trend over the available years is negative.",excessive_leverage|declining_revenue_trend|declining_cash_flow_trend|rising_borrowings_trend,"ML probability 0.329 against threshold 0.400. 4 rule-based red flag(s) were triggered. Key reasons: Debt-to-equity is above 2, indicating elevated leverage.; Revenue trend over the available years is negative.; Operating cash flow trend over the available years is negative.",hist_gradient_boosting,logistic_regression,tier1a_v1,tier1a_v1,0.39999999999999986,0.4199999999999998,0,0,249
Titan Company Limited,L74999TZ1984PLC001456,Gems & Jewellery,non_defaulter,2017,0.32883835063345956,32.88,Medium,0.33364178290693725,33.36,Medium,0.004803432273477681,agree,2,0,watchlist,17.0,11.11,28.57,0.0,Borrowings trend over the available years is increasing. | Debt-to-equity increased materially year over year.,rising_borrowings_trend|leverage_spike,ML probability 0.329 against threshold 0.400. 2 rule-based red flag(s) were triggered. Key reasons: Borrowings trend over the available years is increasing.; Debt-to-equity increased materially year over year.,hist_gradient_boosting,logistic_regression,tier1a_v1,tier1a_v1,0.39999999999999986,0.4199999999999998,0,0,250
Dr Reddy's Laboratories Limited,L85195TG1984PLC004507,Pharma,non_defaulter,2017,0.32875366066619066,32.88,Medium,0.3096967237101992,30.97,Medium,0.019056936955991477,agree,2,0,watchlist,15.67,16.67,100.0,0.0,Revenue trend over the available years is negative. | Operating cash flow trend over the available years is negative.,declining_revenue_trend|declining_cash_flow_trend,ML probability 0.329 against threshold 0.400. 2 rule-based red flag(s) were triggered. Key reasons: Revenue trend over the available years is negative.; Operating cash flow trend over the available years is negative.,hist_gradient_boosting,logistic_regression,tier1a_v1,tier1a_v1,0.39999999999999986,0.4199999999999998,0,0,254
JSW Steel Limited,L27102MH1994PLC152925,Steel & Metals,non_defaulter,2014,0.3286715579249696,32.87,Medium,0.32413168805426595,32.41,Medium,0.00453986987070365,agree,2,0,watchlist,15.33,25.0,60.0,0.0,Revenue trend over the available years is negative. | Borrowings trend over the available years is increasing.,declining_revenue_trend|rising_borrowings_trend,ML probability 0.329 against threshold 0.400. 2 rule-based red flag(s) were triggered. Key reasons: Revenue trend over the available years is negative.; Borrowings trend over the available years is increasing.,hist_gradient_boosting,logistic_regression,tier1a_v1,tier1a_v1,0.39999999999999986,0.4199999999999998,0,0,255
SKF India Limited,L29130MH1961PLC011980,Engineering / Manufacturing,non_defaulter,2017,0.3286614937237265,32.87,Medium,0.3644112281665391,36.44,Medium,0.0357497344428126,agree,2,0,watchlist,15.0,12.82,20.0,0.0,Operating cash flow trend over the available years is negative. | Borrowings trend over the available years is increasing.,declining_cash_flow_trend|rising_borrowings_trend,ML probability 0.329 against threshold 0.400. 2 rule-based red flag(s) were triggered. Key reasons: Operating cash flow trend over the available years is negative.; Borrowings trend over the available years is increasing.,hist_gradient_boosting,logistic_regression,tier1a_v1,tier1a_v1,0.39999999999999986,0.4199999999999998,0,0,256
Dr Reddy's Laboratories Limited,L85195TG1984PLC004507,Pharma,non_defaulter,2015,0.32860284148227964,32.86,Medium,0.3096825248796661,30.97,Medium,0.018920316602613563,agree,2,0,watchlist,14.67,8.33,50.0,0.0,Revenue trend over the available years is negative. | Operating cash flow trend over the available years is negative.,declining_revenue_trend|declining_cash_flow_trend,ML probability 0.329 against threshold 0.400. 2 rule-based red flag(s) were triggered. Key reasons: Revenue trend over the available years is negative.; Operating cash flow trend over the available years is negative.,hist_gradient_boosting,logistic_regression,tier1a_v1,tier1a_v1,0.39999999999999986,0.4199999999999998,0,0,257
SKF India Limited,L29130MH1961PLC011980,Engineering / Manufacturing,non_defaulter,2014,0.32860054799382177,32.86,Medium,0.3559281317660335,35.59,Medium,0.027327583772211728,agree,2,0,watchlist,14.33,10.26,50.0,0.0,Operating cash flow trend over the available years is negative. | Borrowings trend over the available years is increasing.,declining_cash_flow_trend|rising_borrowings_trend,ML probability 0.329 against threshold 0.400. 2 rule-based red flag(s) were triggered. Key reasons: Operating cash flow trend over the available years is negative.; Borrowings trend over the available years is increasing.,hist_gradient_boosting,logistic_regression,tier1a_v1,tier1a_v1,0.39999999999999986,0.4199999999999998,0,0,258
HT Media Limited,L22121DL2002PLC117874,Media,non_defaulter,2014,0.328591557624883,32.86,Medium,0.3237790290922257,32.38,Medium,0.00481252853265729,agree,2,0,watchlist,14.0,16.67,100.0,0.0,Operating cash flow trend over the available years is negative. | Borrowings trend over the available years is increasing.,declining_cash_flow_trend|rising_borrowings_trend,ML probability 0.329 against threshold 0.400. 2 rule-based red flag(s) were triggered. Key reasons: Operating cash flow trend over the available years is negative.; Borrowings trend over the available years is increasing.,hist_gradient_boosting,logistic_regression,tier1a_v1,tier1a_v1,0.39999999999999986,0.4199999999999998,0,0,259
JSW Steel Limited,L27102MH1994PLC152925,Steel & Metals,non_defaulter,2015,0.3285563962911816,32.86,Medium,0.32057827466880795,32.06,Medium,0.007978121622373657,agree,2,0,watchlist,13.33,20.83,50.0,0.0,Revenue trend over the available years is negative. | Borrowings trend over the available years is increasing.,declining_revenue_trend|rising_borrowings_trend,ML probability 0.329 against threshold 0.400. 2 rule-based red flag(s) were triggered. Key reasons: Revenue trend over the available years is negative.; Borrowings trend over the available years is increasing.,hist_gradient_boosting,logistic_regression,tier1a_v1,tier1a_v1,0.39999999999999986,0.4199999999999998,0,0,261
Siemens Limited,L28920MH1957PLC010839,Engineering / Manufacturing,non_defaulter,2017,0.3284549962616964,32.85,Medium,0.3385059910321848,33.85,Medium,0.01005099477048843,agree,2,0,watchlist,12.67,2.56,10.0,0.0,Operating cash flow trend over the available years is negative. | Net profit margin deteriorated materially year over year.,declining_cash_flow_trend|margin_drop,ML probability 0.328 against threshold 0.400. 2 rule-based red flag(s) were triggered. Key reasons: Operating cash flow trend over the available years is negative.; Net profit margin deteriorated materially year over year.,hist_gradient_boosting,logistic_regression,tier1a_v1,tier1a_v1,0.39999999999999986,0.4199999999999998,0,0,263
PNC Infratech Limited,L45201UP1999PLC024640,Infrastructure,non_defaulter,2016,0.3284396507433971,32.84,High,0.32900991835377247,32.9,Medium,0.0005702676103753745,agree,2,1,watchlist,12.33,9.8,11.76,0.0,Contingent liabilities exceed 50% of net worth. | Operating cash flow trend over the available years is negative.,large_contingent_liabilities|declining_cash_flow_trend,ML probability 0.328 against threshold 0.400. 2 rule-based red flag(s) were triggered. Key reasons: Contingent liabilities exceed 50% of net worth.; Operating cash flow trend over the available years is negative.,hist_gradient_boosting,logistic_regression,tier1a_v1,tier1a_v1,0.39999999999999986,0.4199999999999998,0,0,264
Steel Authority of India Limited,L27109DL1973GOI006454,Steel & Metals,non_defaulter,2015,0.32843059178241923,32.84,Medium,0.319550002917899,31.96,Medium,0.008880588864520256,agree,3,0,watchlist,12.0,16.67,33.33,0.0,Revenue trend over the available years is negative. | Operating cash flow trend over the available years is negative. | Borrowings trend over the available years is increasing.,declining_revenue_trend|declining_cash_flow_trend|rising_borrowings_trend,ML probability 0.328 against threshold 0.400. 3 rule-based red flag(s) were triggered. Key reasons: Revenue trend over the available years is negative.; Operating cash flow trend over the available years is negative.; Borrowings trend over the available years is increasing.,hist_gradient_boosting,logistic_regression,tier1a_v1,tier1a_v1,0.39999999999999986,0.4199999999999998,0,0,265
Rajesh Exports Limited,L36911KA1990PLC020815,Gems & Jewellery,non_defaulter,2017,0.3283575209885597,32.84,Medium,0.33406985225462466,33.41,Medium,0.005712331266064963,agree,2,0,watchlist,10.33,8.33,14.29,0.0,Operating cash flow trend over the available years is negative. | Borrowings trend over the available years is increasing.,declining_cash_flow_trend|rising_borrowings_trend,ML probability 0.328 against threshold 0.400. 2 rule-based red flag(s) were triggered. Key reasons: Operating cash flow trend over the available years is negative.; Borrowings trend over the available years is increasing.,hist_gradient_boosting,logistic_regression,tier1a_v1,tier1a_v1,0.39999999999999986,0.4199999999999998,0,0,270
Steel Authority of India Limited,L27109DL1973GOI006454,Steel & Metals,non_defaulter,2014,0.3283213745491941,32.83,Medium,0.31612626178581016,31.61,Medium,0.01219511276338392,agree,3,0,watchlist,7.67,12.5,40.0,0.0,Revenue trend over the available years is negative. | Operating cash flow trend over the available years is negative. | Borrowings trend over the available years is increasing.,declining_revenue_trend|declining_cash_flow_trend|rising_borrowings_trend,ML probability 0.328 against threshold 0.400. 3 rule-based red flag(s) were triggered. Key reasons: Revenue trend over the available years is negative.; Operating cash flow trend over the available years is negative.; Borrowings trend over the available years is increasing.,hist_gradient_boosting,logistic_regression,tier1a_v1,tier1a_v1,0.39999999999999986,0.4199999999999998,0,0,278
Tata Steel Limited,L27100WB1907PLC001473,Steel & Metals,non_defaulter,2015,0.32827553717599006,32.83,Medium,0.3151862490960943,31.52,Medium,0.013089288079895789,agree,3,0,watchlist,4.67,8.33,16.67,0.0,Revenue trend over the available years is negative. | Operating cash flow trend over the available years is negative. | Borrowings trend over the available years is increasing.,declining_revenue_trend|declining_cash_flow_trend|rising_borrowings_trend,ML probability 0.328 against threshold 0.400. 3 rule-based red flag(s) were triggered. Key reasons: Revenue trend over the available years is negative.; Operating cash flow trend over the available years is negative.; Borrowings trend over the available years is increasing.,hist_gradient_boosting,logistic_regression,tier1a_v1,tier1a_v1,0.39999999999999986,0.4199999999999998,0,0,287
Larsen & Toubro Limited,L99999MH1946PLC004768,Infrastructure,non_defaulter,2015,0.32826417145718073,32.83,High,0.31489601980515886,31.49,Medium,0.013368151652021876,agree,2,1,watchlist,3.67,1.96,7.14,0.0,Contingent liabilities exceed 50% of net worth. | Borrowings trend over the available years is increasing.,large_contingent_liabilities|rising_borrowings_trend,ML probability 0.328 against threshold 0.400. 2 rule-based red flag(s) were triggered. Key reasons: Contingent liabilities exceed 50% of net worth.; Borrowings trend over the available years is increasing.,hist_gradient_boosting,logistic_regression,tier1a_v1,tier1a_v1,0.39999999999999986,0.4199999999999998,0,0,290
Tata Steel Limited,L27100WB1907PLC001473,Steel & Metals,non_defaulter,2014,0.32825007577332305,32.83,Medium,0.3142703176722111,31.43,Medium,0.013979758101111961,agree,3,0,watchlist,2.67,4.17,20.0,0.0,Revenue trend over the available years is negative. | Operating cash flow trend over the available years is negative. | Borrowings trend over the available years is increasing.,declining_revenue_trend|declining_cash_flow_trend|rising_borrowings_trend,ML probability 0.328 against threshold 0.400. 3 rule-based red flag(s) were triggered. Key reasons: Revenue trend over the available years is negative.; Operating cash flow trend over the available years is negative.; Borrowings trend over the available years is increasing.,hist_gradient_boosting,logistic_regression,tier1a_v1,tier1a_v1,0.39999999999999986,0.4199999999999998,0,0,293
Kalpataru Projects International Limited,L45203GJ1981PLC103919,Infrastructure,non_defaulter,2016,0.38959104241286807,38.96,Medium,0.3541052706170305,35.41,Medium,0.03548577179583756,agree,0,0,monitor,48.33,27.45,35.29,0.0,,,ML probability 0.390 against threshold 0.400. No explicit rule-based red flags were triggered.,hist_gradient_boosting,logistic_regression,tier1a_v1,tier1a_v1,0.39999999999999986,0.4199999999999998,0,0,156
Welspun India Limited,L17119GJ1985PLC033347,Textiles,non_defaulter,2015,0.3656766073008385,36.57,Medium,0.31467778473015917,31.47,Medium,0.050998822570679336,agree,1,0,monitor,47.33,55.56,71.43,0.0,Borrowings trend over the available years is increasing.,rising_borrowings_trend,ML probability 0.366 against threshold 0.400. 1 rule-based red flag(s) were triggered. Key reasons: Borrowings trend over the available years is increasing.,hist_gradient_boosting,logistic_regression,tier1a_v1,tier1a_v1,0.39999999999999986,0.4199999999999998,0,0,159
NCC Limited,L72200TG1990PLC011146,Infrastructure,non_defaulter,2015,0.3604124553272008,36.04,Medium,0.3727792083503252,37.28,Medium,0.0123667530231244,agree,1,1,monitor,47.0,23.53,28.57,0.0,Contingent liabilities exceed 50% of net worth.,large_contingent_liabilities,ML probability 0.360 against threshold 0.400. 1 rule-based red flag(s) were triggered. Key reasons: Contingent liabilities exceed 50% of net worth.,hist_gradient_boosting,logistic_regression,tier1a_v1,tier1a_v1,0.39999999999999986,0.4199999999999998,0,0,160
S Kumars Nationwide,L17120MH1990PLC058361,Textiles,defaulter,2012,0.3497023312296838,34.97,Medium,0.33915318777880177,33.92,Medium,0.010549143450882037,agree,1,0,monitor,46.0,51.85,100.0,0.0,Borrowings trend over the available years is increasing.,rising_borrowings_trend,ML probability 0.350 against threshold 0.400. 1 rule-based red flag(s) were triggered. Key reasons: Borrowings trend over the available years is increasing.,hist_gradient_boosting,logistic_regression,tier1a_v1,tier1a_v1,0.39999999999999986,0.4199999999999998,0,0,163
NCC Limited,L72200TG1990PLC011146,Infrastructure,non_defaulter,2016,0.34231627061535636,34.23,Medium,0.3636933967211997,36.37,Medium,0.021377126105843358,agree,1,1,monitor,44.67,19.61,23.53,0.0,Contingent liabilities exceed 50% of net worth.,large_contingent_liabilities,ML probability 0.342 against threshold 0.400. 1 rule-based red flag(s) were triggered. Key reasons: Contingent liabilities exceed 50% of net worth.,hist_gradient_boosting,logistic_regression,tier1a_v1,tier1a_v1,0.39999999999999986,0.4199999999999998,0,0,167
Thermax Limited,L29299PN1980PLC022787,Engineering / Manufacturing,non_defaulter,2017,0.3420442501344689,34.2,Medium,0.3958630540343142,39.59,Medium,0.053818803899845336,agree,1,0,monitor,44.33,61.54,80.0,0.0,Revenue trend over the available years is negative.,declining_revenue_trend,ML probability 0.342 against threshold 0.400. 1 rule-based red flag(s) were triggered. Key reasons: Revenue trend over the available years is negative.,hist_gradient_boosting,logistic_regression,tier1a_v1,tier1a_v1,0.39999999999999986,0.4199999999999998,0,0,168
Lemon Tree Hotels Limited,L74899DL1992PLC049022,Travel / Hospitality,non_defaulter,2018,0.3392149446457421,33.92,Medium,0.34495178200985976,34.5,Medium,0.005736837364117675,agree,0,0,monitor,43.67,83.33,100.0,0.0,,,ML probability 0.339 against threshold 0.400. No explicit rule-based red flags were triggered.,hist_gradient_boosting,logistic_regression,tier1a_v1,tier1a_v1,0.39999999999999986,0.4199999999999998,0,0,170
Welspun India Limited,L17119GJ1985PLC033347,Textiles,non_defaulter,2016,0.33848185322570384,33.85,Medium,0.31181346565456536,31.18,Medium,0.026668387571138485,agree,1,0,monitor,43.33,48.15,57.14,0.0,Borrowings trend over the available years is increasing.,rising_borrowings_trend,ML probability 0.338 against threshold 0.400. 1 rule-based red flag(s) were triggered. Key reasons: Borrowings trend over the available years is increasing.,hist_gradient_boosting,logistic_regression,tier1a_v1,tier1a_v1,0.39999999999999986,0.4199999999999998,0,0,171
Trident Limited,L17119PB1990PLC010365,Textiles,non_defaulter,2015,0.3358866637721681,33.59,Medium,0.3343748974845608,33.44,Medium,0.0015117662876072968,agree,1,0,monitor,42.0,44.44,57.14,0.0,Borrowings trend over the available years is increasing.,rising_borrowings_trend,ML probability 0.336 against threshold 0.400. 1 rule-based red flag(s) were triggered. Key reasons: Borrowings trend over the available years is increasing.,hist_gradient_boosting,logistic_regression,tier1a_v1,tier1a_v1,0.39999999999999986,0.4199999999999998,0,0,175
Schaeffler India Limited,L29130GJ1962PLC001167,Engineering / Manufacturing,non_defaulter,2017,0.3341953738633202,33.42,Medium,0.33226980449439114,33.23,Medium,0.0019255693689290698,agree,1,0,monitor,40.33,58.97,70.0,0.0,Borrowings trend over the available years is increasing.,rising_borrowings_trend,ML probability 0.334 against threshold 0.400. 1 rule-based red flag(s) were triggered. Key reasons: Borrowings trend over the available years is increasing.,hist_gradient_boosting,logistic_regression,tier1a_v1,tier1a_v1,0.39999999999999986,0.4199999999999998,0,0,180
Kalyan Jewellers India Limited,L36911KL2009PLC024641,Gems & Jewellery,non_defaulter,2018,0.33343505165686305,33.34,Medium,0.4080002955495642,40.8,Medium,0.07456524389270114,agree,0,0,monitor,39.67,33.33,50.0,0.0,,,ML probability 0.333 against threshold 0.400. No explicit rule-based red flags were triggered.,hist_gradient_boosting,logistic_regression,tier1a_v1,tier1a_v1,0.39999999999999986,0.4199999999999998,0,0,182
Trident Limited,L17119PB1990PLC010365,Textiles,non_defaulter,2016,0.3331242106983216,33.31,Medium,0.33464079219349563,33.46,Medium,0.0015165814951740297,agree,1,0,monitor,39.33,37.04,42.86,0.0,Borrowings trend over the available years is increasing.,rising_borrowings_trend,ML probability 0.333 against threshold 0.400. 1 rule-based red flag(s) were triggered. Key reasons: Borrowings trend over the available years is increasing.,hist_gradient_boosting,logistic_regression,tier1a_v1,tier1a_v1,0.39999999999999986,0.4199999999999998,0,0,183
Lemon Tree Hotels Limited,L74899DL1992PLC049022,Travel / Hospitality,non_defaulter,2017,0.33268634321802165,33.27,Medium,0.3532284262822705,35.32,Medium,0.020542083064248873,agree,0,0,monitor,38.33,50.0,100.0,0.0,,,ML probability 0.333 against threshold 0.400. No explicit rule-based red flags were triggered.,hist_gradient_boosting,logistic_regression,tier1a_v1,tier1a_v1,0.39999999999999986,0.4199999999999998,0,0,186
Indian Hotels Company Limited,L74999MH1902PLC000183,Travel / Hospitality,non_defaulter,2017,0.3326431729649064,33.26,Medium,0.31294999994496364,31.29,Medium,0.019693173019942778,agree,1,1,monitor,38.0,33.33,50.0,0.0,"Current ratio is below 1, indicating a short-term liquidity deficit.",weak_liquidity,"ML probability 0.333 against threshold 0.400. 1 rule-based red flag(s) were triggered. Key reasons: Current ratio is below 1, indicating a short-term liquidity deficit.",hist_gradient_boosting,logistic_regression,tier1a_v1,tier1a_v1,0.39999999999999986,0.4199999999999998,0,0,187
Timken India Limited,L29130KA1996PLC048230,Engineering / Manufacturing,non_defaulter,2015,0.3317932906426343,33.18,Medium,0.3614533998155652,36.15,Medium,0.029660109172930882,agree,1,0,monitor,36.33,56.41,70.0,0.0,Borrowings trend over the available years is increasing.,rising_borrowings_trend,ML probability 0.332 against threshold 0.400. 1 rule-based red flag(s) were triggered. Key reasons: Borrowings trend over the available years is increasing.,hist_gradient_boosting,logistic_regression,tier1a_v1,tier1a_v1,0.39999999999999986,0.4199999999999998,0,0,192
Raymond Limited,L17117MH1925PLC001208,Textiles,non_defaulter,2017,0.3315266461767407,33.15,Medium,0.33003711072437963,33.0,Medium,0.0014895354523610793,agree,1,0,monitor,35.33,33.33,50.0,0.0,Borrowings trend over the available years is increasing.,rising_borrowings_trend,ML probability 0.332 against threshold 0.400. 1 rule-based red flag(s) were triggered. Key reasons: Borrowings trend over the available years is increasing.,hist_gradient_boosting,logistic_regression,tier1a_v1,tier1a_v1,0.39999999999999986,0.4199999999999998,0,0,195
Grasim Industries Limited,L17124MP1947PLC000410,Textiles,non_defaulter,2015,0.33114987944800794,33.11,Medium,0.31042680484567764,31.04,Medium,0.020723074602330305,agree,0,0,monitor,34.67,29.63,42.86,0.0,,,ML probability 0.331 against threshold 0.400. No explicit rule-based red flags were triggered.,hist_gradient_boosting,logistic_regression,tier1a_v1,tier1a_v1,0.39999999999999986,0.4199999999999998,0,0,197
Carborundum Universal Limited,L99999TN1954PLC000759,Engineering / Manufacturing,non_defaulter,2017,0.330919400685388,33.09,Medium,0.37752193695492076,37.75,Medium,0.04660253626953276,agree,0,0,monitor,34.0,53.85,60.0,0.0,,,ML probability 0.331 against threshold 0.400. No explicit rule-based red flags were triggered.,hist_gradient_boosting,logistic_regression,tier1a_v1,tier1a_v1,0.39999999999999986,0.4199999999999998,0,0,199
Timken India Limited,L29130KA1996PLC048230,Engineering / Manufacturing,non_defaulter,2016,0.33074327570189915,33.07,Medium,0.37076702860853394,37.08,Medium,0.04002375290663479,agree,1,0,monitor,33.33,48.72,66.67,0.0,Borrowings trend over the available years is increasing.,rising_borrowings_trend,ML probability 0.331 against threshold 0.400. 1 rule-based red flag(s) were triggered. Key reasons: Borrowings trend over the available years is increasing.,hist_gradient_boosting,logistic_regression,tier1a_v1,tier1a_v1,0.39999999999999986,0.4199999999999998,0,0,201
Thermax Limited,L29299PN1980PLC022787,Engineering / Manufacturing,non_defaulter,2015,0.3304221455940248,33.04,Medium,0.35821167840020773,35.82,Medium,0.02778953280618296,agree,1,0,monitor,32.33,46.15,60.0,0.0,Revenue trend over the available years is negative.,declining_revenue_trend,ML probability 0.330 against threshold 0.400. 1 rule-based red flag(s) were triggered. Key reasons: Revenue trend over the available years is negative.,hist_gradient_boosting,logistic_regression,tier1a_v1,tier1a_v1,0.39999999999999986,0.4199999999999998,0,0,204
Raymond Limited,L17117MH1925PLC001208,Textiles,non_defaulter,2016,0.33040155348916683,33.04,Medium,0.32884480836741464,32.88,Medium,0.00155674512175219,agree,1,0,monitor,32.0,25.93,28.57,0.0,Borrowings trend over the available years is increasing.,rising_borrowings_trend,ML probability 0.330 against threshold 0.400. 1 rule-based red flag(s) were triggered. Key reasons: Borrowings trend over the available years is increasing.,hist_gradient_boosting,logistic_regression,tier1a_v1,tier1a_v1,0.39999999999999986,0.4199999999999998,0,0,205
Raymond Limited,L17117MH1925PLC001208,Textiles,non_defaulter,2015,0.33034547276642845,33.03,Medium,0.32405571170278924,32.41,Medium,0.00628976106363921,agree,1,0,monitor,31.67,22.22,28.57,0.0,Borrowings trend over the available years is increasing.,rising_borrowings_trend,ML probability 0.330 against threshold 0.400. 1 rule-based red flag(s) were triggered. Key reasons: Borrowings trend over the available years is increasing.,hist_gradient_boosting,logistic_regression,tier1a_v1,tier1a_v1,0.39999999999999986,0.4199999999999998,0,0,206
Indian Hotels Company Limited,L74999MH1902PLC000183,Travel / Hospitality,non_defaulter,2016,0.3302820954929092,33.03,Medium,0.3136032924770905,31.36,Medium,0.0166788030158187,agree,1,1,monitor,31.33,16.67,50.0,0.0,Contingent liabilities exceed 50% of net worth.,large_contingent_liabilities,ML probability 0.330 against threshold 0.400. 1 rule-based red flag(s) were triggered. Key reasons: Contingent liabilities exceed 50% of net worth.,hist_gradient_boosting,logistic_regression,tier1a_v1,tier1a_v1,0.39999999999999986,0.4199999999999998,0,0,207
Thermax Limited,L29299PN1980PLC022787,Engineering / Manufacturing,non_defaulter,2016,0.33021152216434657,33.02,Medium,0.3600471901824629,36.0,Medium,0.029835668018116324,agree,1,0,monitor,30.33,41.03,58.33,0.0,Revenue trend over the available years is negative.,declining_revenue_trend,ML probability 0.330 against threshold 0.400. 1 rule-based red flag(s) were triggered. Key reasons: Revenue trend over the available years is negative.,hist_gradient_boosting,logistic_regression,tier1a_v1,tier1a_v1,0.39999999999999986,0.4199999999999998,0,0,210
Cochin Shipyard Limited,L63032KL1972GOI002414,Shipbuilding,non_defaulter,2016,0.3301288405142029,33.01,Medium,0.34119858944327547,34.12,Medium,0.011069748929072587,agree,0,0,monitor,30.0,33.33,50.0,0.0,,,ML probability 0.330 against threshold 0.400. No explicit rule-based red flags were triggered.,hist_gradient_boosting,logistic_regression,tier1a_v1,tier1a_v1,0.39999999999999986,0.4199999999999998,0,0,211
Timken India Limited,L29130KA1996PLC048230,Engineering / Manufacturing,non_defaulter,2017,0.3299948908317465,33.0,Medium,0.38591543817129026,38.59,Medium,0.05592054733954377,agree,1,0,monitor,29.0,38.46,40.0,0.0,Borrowings trend over the available years is increasing.,rising_borrowings_trend,ML probability 0.330 against threshold 0.400. 1 rule-based red flag(s) were triggered. Key reasons: Borrowings trend over the available years is increasing.,hist_gradient_boosting,logistic_regression,tier1a_v1,tier1a_v1,0.39999999999999986,0.4199999999999998,0,0,214
Carborundum Universal Limited,L99999TN1954PLC000759,Engineering / Manufacturing,non_defaulter,2015,0.3299118146805894,32.99,Medium,0.3993735572339224,39.94,Medium,0.06946174255333304,agree,0,0,monitor,28.0,35.9,40.0,0.0,,,ML probability 0.330 against threshold 0.400. No explicit rule-based red flags were triggered.,hist_gradient_boosting,logistic_regression,tier1a_v1,tier1a_v1,0.39999999999999986,0.4199999999999998,0,0,217
Siemens Limited,L28920MH1957PLC010839,Engineering / Manufacturing,non_defaulter,2016,0.3298970501838458,32.99,Medium,0.31111272265074813,31.11,Medium,0.018784327533097667,agree,1,0,monitor,27.33,30.77,50.0,0.0,Operating cash flow trend over the available years is negative.,declining_cash_flow_trend,ML probability 0.330 against threshold 0.400. 1 rule-based red flag(s) were triggered. Key reasons: Operating cash flow trend over the available years is negative.,hist_gradient_boosting,logistic_regression,tier1a_v1,tier1a_v1,0.39999999999999986,0.4199999999999998,0,0,219
Trident Limited,L17119PB1990PLC010365,Textiles,non_defaulter,2017,0.3295896741278787,32.96,Medium,0.31693159524785935,31.69,Medium,0.012658078880019352,agree,1,0,monitor,25.67,18.52,33.33,0.0,Borrowings trend over the available years is increasing.,rising_borrowings_trend,ML probability 0.330 against threshold 0.400. 1 rule-based red flag(s) were triggered. Key reasons: Borrowings trend over the available years is increasing.,hist_gradient_boosting,logistic_regression,tier1a_v1,tier1a_v1,0.39999999999999986,0.4199999999999998,0,0,224
Tata Elxsi Limited,L85110KA1989PLC009968,IT / Services,non_defaulter,2016,0.3294919937368012,32.95,Medium,0.31086624351735453,31.09,Medium,0.01862575021944668,agree,0,0,monitor,24.0,100.0,100.0,0.0,,,ML probability 0.329 against threshold 0.400. No explicit rule-based red flags were triggered.,hist_gradient_boosting,logistic_regression,tier1a_v1,tier1a_v1,0.39999999999999986,0.4199999999999998,0,0,229
Tata Elxsi Limited,L85110KA1989PLC009968,IT / Services,non_defaulter,2017,0.32942845796052644,32.94,Medium,0.3117881400180855,31.18,Medium,0.01764031794244092,agree,0,0,monitor,23.0,83.33,100.0,0.0,,,ML probability 0.329 against threshold 0.400. No explicit rule-based red flags were triggered.,hist_gradient_boosting,logistic_regression,tier1a_v1,tier1a_v1,0.39999999999999986,0.4199999999999998,0,0,232
Marico Limited,L15140MH1988PLC049208,FMCG / Foods,non_defaulter,2016,0.3292750144740472,32.93,Medium,0.3101566167065981,31.02,Medium,0.019118397767449113,agree,1,0,monitor,22.33,88.89,100.0,0.0,Operating cash flow trend over the available years is negative.,declining_cash_flow_trend,ML probability 0.329 against threshold 0.400. 1 rule-based red flag(s) were triggered. Key reasons: Operating cash flow trend over the available years is negative.,hist_gradient_boosting,logistic_regression,tier1a_v1,tier1a_v1,0.39999999999999986,0.4199999999999998,0,0,234
Blue Dart Express Limited,L66000MH1991PLC062329,Logistics,non_defaulter,2018,0.3292644970735183,32.93,Medium,0.321363921320601,32.14,Medium,0.007900575752917305,agree,1,0,monitor,22.0,33.33,50.0,0.0,Operating cash flow trend over the available years is negative.,declining_cash_flow_trend,ML probability 0.329 against threshold 0.400. 1 rule-based red flag(s) were triggered. Key reasons: Operating cash flow trend over the available years is negative.,hist_gradient_boosting,logistic_regression,tier1a_v1,tier1a_v1,0.39999999999999986,0.4199999999999998,0,0,235
Marico Limited,L15140MH1988PLC049208,FMCG / Foods,non_defaulter,2017,0.32922810911151923,32.92,Medium,0.3099314355119426,30.99,Medium,0.019296673599576653,agree,1,0,monitor,21.67,83.33,83.33,0.0,Operating cash flow trend over the available years is negative.,declining_cash_flow_trend,ML probability 0.329 against threshold 0.400. 1 rule-based red flag(s) were triggered. Key reasons: Operating cash flow trend over the available years is negative.,hist_gradient_boosting,logistic_regression,tier1a_v1,tier1a_v1,0.39999999999999986,0.4199999999999998,0,0,236
Marico Limited,L15140MH1988PLC049208,FMCG / Foods,non_defaulter,2018,0.3291936272093258,32.92,Medium,0.3104029697380523,31.04,Medium,0.01879065747127351,agree,1,0,monitor,20.67,77.78,83.33,0.0,Operating cash flow trend over the available years is negative.,declining_cash_flow_trend,ML probability 0.329 against threshold 0.400. 1 rule-based red flag(s) were triggered. Key reasons: Operating cash flow trend over the available years is negative.,hist_gradient_boosting,logistic_regression,tier1a_v1,tier1a_v1,0.39999999999999986,0.4199999999999998,0,0,239
Tata Elxsi Limited,L85110KA1989PLC009968,IT / Services,non_defaulter,2015,0.32918359285306975,32.92,Medium,0.3131993587263453,31.32,Medium,0.01598423412672445,agree,0,0,monitor,20.33,66.67,100.0,0.0,,,ML probability 0.329 against threshold 0.400. No explicit rule-based red flags were triggered.,hist_gradient_boosting,logistic_regression,tier1a_v1,tier1a_v1,0.39999999999999986,0.4199999999999998,0,0,240
Oil and Natural Gas Corporation Limited,L74899DL1993GOI054155,Oil & Gas,non_defaulter,2017,0.329147367557642,32.91,Medium,0.31004277188530394,31.0,Medium,0.019104595672338076,agree,1,0,monitor,19.67,100.0,100.0,0.0,Revenue trend over the available years is negative.,declining_revenue_trend,ML probability 0.329 against threshold 0.400. 1 rule-based red flag(s) were triggered. Key reasons: Revenue trend over the available years is negative.,hist_gradient_boosting,logistic_regression,tier1a_v1,tier1a_v1,0.39999999999999986,0.4199999999999998,0,0,242
Blue Dart Express Limited,L66000MH1991PLC062329,Logistics,non_defaulter,2019,0.3289910889838469,32.9,Medium,0.3320854515980907,33.21,Medium,0.0030943626142438396,agree,1,0,monitor,18.0,16.67,50.0,0.0,Operating cash flow trend over the available years is negative.,declining_cash_flow_trend,ML probability 0.329 against threshold 0.400. 1 rule-based red flag(s) were triggered. Key reasons: Operating cash flow trend over the available years is negative.,hist_gradient_boosting,logistic_regression,tier1a_v1,tier1a_v1,0.39999999999999986,0.4199999999999998,0,0,247
Grasim Industries Limited,L17124MP1947PLC000410,Textiles,non_defaulter,2016,0.3288064568439849,32.88,Medium,0.3099153698985867,30.99,Medium,0.018891086945398206,agree,0,0,monitor,16.33,11.11,14.29,0.0,,,ML probability 0.329 against threshold 0.400. No explicit rule-based red flags were triggered.,hist_gradient_boosting,logistic_regression,tier1a_v1,tier1a_v1,0.39999999999999986,0.4199999999999998,0,0,252
Schaeffler India Limited,L29130GJ1962PLC001167,Engineering / Manufacturing,non_defaulter,2016,0.32877363308024127,32.88,Medium,0.36913216462086157,36.91,Medium,0.0403585315406203,agree,1,0,monitor,16.0,15.38,8.33,0.0,Borrowings trend over the available years is increasing.,rising_borrowings_trend,ML probability 0.329 against threshold 0.400. 1 rule-based red flag(s) were triggered. Key reasons: Borrowings trend over the available years is increasing.,hist_gradient_boosting,logistic_regression,tier1a_v1,tier1a_v1,0.39999999999999986,0.4199999999999998,0,0,253
Schaeffler India Limited,L29130GJ1962PLC001167,Engineering / Manufacturing,non_defaulter,2015,0.32856248869463706,32.86,Medium,0.3503298197137651,35.03,Medium,0.021767331019128033,agree,1,0,monitor,13.67,7.69,20.0,0.0,Borrowings trend over the available years is increasing.,rising_borrowings_trend,ML probability 0.329 against threshold 0.400. 1 rule-based red flag(s) were triggered. Key reasons: Borrowings trend over the available years is increasing.,hist_gradient_boosting,logistic_regression,tier1a_v1,tier1a_v1,0.39999999999999986,0.4199999999999998,0,0,260
Siemens Limited,L28920MH1957PLC010839,Engineering / Manufacturing,non_defaulter,2015,0.32851578056889036,32.85,Medium,0.3264721873728892,32.65,Medium,0.00204359319600117,agree,1,0,monitor,13.0,5.13,10.0,0.0,Operating cash flow trend over the available years is negative.,declining_cash_flow_trend,ML probability 0.329 against threshold 0.400. 1 rule-based red flag(s) were triggered. Key reasons: Operating cash flow trend over the available years is negative.,hist_gradient_boosting,logistic_regression,tier1a_v1,tier1a_v1,0.39999999999999986,0.4199999999999998,0,0,262
Britannia Industries Limited,L15412WB1918PLC002964,FMCG / Foods,non_defaulter,2018,0.32838761910609704,32.84,Medium,0.30949331971119803,30.95,Medium,0.018894299394899006,agree,1,0,monitor,11.33,66.67,66.67,0.0,Borrowings trend over the available years is increasing.,rising_borrowings_trend,ML probability 0.328 against threshold 0.400. 1 rule-based red flag(s) were triggered. Key reasons: Borrowings trend over the available years is increasing.,hist_gradient_boosting,logistic_regression,tier1a_v1,tier1a_v1,0.39999999999999986,0.4199999999999998,0,0,267
Britannia Industries Limited,L15412WB1918PLC002964,FMCG / Foods,non_defaulter,2016,0.3283685732210893,32.84,Medium,0.3093855926452611,30.94,Medium,0.0189829805758282,agree,1,0,monitor,11.0,61.11,66.67,0.0,Borrowings trend over the available years is increasing.,rising_borrowings_trend,ML probability 0.328 against threshold 0.400. 1 rule-based red flag(s) were triggered. Key reasons: Borrowings trend over the available years is increasing.,hist_gradient_boosting,logistic_regression,tier1a_v1,tier1a_v1,0.39999999999999986,0.4199999999999998,0,0,268
Britannia Industries Limited,L15412WB1918PLC002964,FMCG / Foods,non_defaulter,2017,0.3283598717153235,32.84,Medium,0.3094790802871971,30.95,Medium,0.018880791428126376,agree,1,0,monitor,10.67,55.56,66.67,0.0,Borrowings trend over the available years is increasing.,rising_borrowings_trend,ML probability 0.328 against threshold 0.400. 1 rule-based red flag(s) were triggered. Key reasons: Borrowings trend over the available years is increasing.,hist_gradient_boosting,logistic_regression,tier1a_v1,tier1a_v1,0.39999999999999986,0.4199999999999998,0,0,269
Larsen & Toubro Limited,L99999MH1946PLC004768,Infrastructure,non_defaulter,2016,0.3283497054986444,32.83,Medium,0.31460114104129516,31.46,Medium,0.013748564457349233,agree,1,0,monitor,10.0,7.84,5.88,0.0,Borrowings trend over the available years is increasing.,rising_borrowings_trend,ML probability 0.328 against threshold 0.400. 1 rule-based red flag(s) were triggered. Key reasons: Borrowings trend over the available years is increasing.,hist_gradient_boosting,logistic_regression,tier1a_v1,tier1a_v1,0.39999999999999986,0.4199999999999998,0,0,271
Nestle India Limited,L15202DL1959PLC003786,FMCG / Foods,non_defaulter,2017,0.3283424619694851,32.83,Medium,0.3099521761263043,31.0,Medium,0.018390285843180754,agree,1,0,monitor,9.67,50.0,50.0,0.0,Borrowings trend over the available years is increasing.,rising_borrowings_trend,ML probability 0.328 against threshold 0.400. 1 rule-based red flag(s) were triggered. Key reasons: Borrowings trend over the available years is increasing.,hist_gradient_boosting,logistic_regression,tier1a_v1,tier1a_v1,0.39999999999999986,0.4199999999999998,0,0,272
Titan Company Limited,L74999TZ1984PLC001456,Gems & Jewellery,non_defaulter,2016,0.328332422405951,32.83,Medium,0.3142394390965595,31.42,Medium,0.014092983309391516,agree,1,0,monitor,9.0,5.56,14.29,0.0,Borrowings trend over the available years is increasing.,rising_borrowings_trend,ML probability 0.328 against threshold 0.400. 1 rule-based red flag(s) were triggered. Key reasons: Borrowings trend over the available years is increasing.,hist_gradient_boosting,logistic_regression,tier1a_v1,tier1a_v1,0.39999999999999986,0.4199999999999998,0,0,274
Grasim Industries Limited,L17124MP1947PLC000410,Textiles,non_defaulter,2017,0.3283302473917165,32.83,Medium,0.3095139256419715,30.95,Medium,0.018816321749745013,agree,0,0,monitor,8.67,3.7,16.67,0.0,,,ML probability 0.328 against threshold 0.400. No explicit rule-based red flags were triggered.,hist_gradient_boosting,logistic_regression,tier1a_v1,tier1a_v1,0.39999999999999986,0.4199999999999998,0,0,275
InterGlobe Aviation Limited,L62100DL2004PLC129768,Travel / Aviation,non_defaulter,2016,0.32832640658401885,32.83,Medium,0.31147039795027087,31.15,Medium,0.016856008633747976,agree,0,0,monitor,8.33,100.0,100.0,0.0,,,ML probability 0.328 against threshold 0.400. No explicit rule-based red flags were triggered.,hist_gradient_boosting,logistic_regression,tier1a_v1,tier1a_v1,0.39999999999999986,0.4199999999999998,0,0,276
Nestle India Limited,L15202DL1959PLC003786,FMCG / Foods,non_defaulter,2016,0.32832628166302424,32.83,Medium,0.3103020973429622,31.03,Medium,0.01802418432006203,agree,1,0,monitor,8.0,44.44,50.0,0.0,Borrowings trend over the available years is increasing.,rising_borrowings_trend,ML probability 0.328 against threshold 0.400. 1 rule-based red flag(s) were triggered. Key reasons: Borrowings trend over the available years is increasing.,hist_gradient_boosting,logistic_regression,tier1a_v1,tier1a_v1,0.39999999999999986,0.4199999999999998,0,0,277
Nestle India Limited,L15202DL1959PLC003786,FMCG / Foods,non_defaulter,2018,0.32831307981525343,32.83,Medium,0.30964787147299844,30.96,Medium,0.01866520834225499,agree,1,0,monitor,7.33,38.89,50.0,0.0,Borrowings trend over the available years is increasing.,rising_borrowings_trend,ML probability 0.328 against threshold 0.400. 1 rule-based red flag(s) were triggered. Key reasons: Borrowings trend over the available years is increasing.,hist_gradient_boosting,logistic_regression,tier1a_v1,tier1a_v1,0.39999999999999986,0.4199999999999998,0,0,279
InterGlobe Aviation Limited,L62100DL2004PLC129768,Travel / Aviation,non_defaulter,2017,0.3283063529683017,32.83,Medium,0.3106191751591885,31.06,Medium,0.017687177809113164,agree,0,0,monitor,7.0,66.67,100.0,0.0,,,ML probability 0.328 against threshold 0.400. No explicit rule-based red flags were triggered.,hist_gradient_boosting,logistic_regression,tier1a_v1,tier1a_v1,0.39999999999999986,0.4199999999999998,0,0,280
Larsen & Toubro Limited,L99999MH1946PLC004768,Infrastructure,non_defaulter,2014,0.32830559762672634,32.83,Medium,0.3141553929701201,31.42,Medium,0.014150204656606269,agree,1,0,monitor,6.67,3.92,7.69,0.0,Borrowings trend over the available years is increasing.,rising_borrowings_trend,ML probability 0.328 against threshold 0.400. 1 rule-based red flag(s) were triggered. Key reasons: Borrowings trend over the available years is increasing.,hist_gradient_boosting,logistic_regression,tier1a_v1,tier1a_v1,0.39999999999999986,0.4199999999999998,0,0,281
Oil and Natural Gas Corporation Limited,L74899DL1993GOI054155,Oil & Gas,non_defaulter,2016,0.3282996016324741,32.83,Medium,0.309922466390897,30.99,Medium,0.018377135241577136,agree,1,0,monitor,6.33,66.67,100.0,0.0,Revenue trend over the available years is negative.,declining_revenue_trend,ML probability 0.328 against threshold 0.400. 1 rule-based red flag(s) were triggered. Key reasons: Revenue trend over the available years is negative.,hist_gradient_boosting,logistic_regression,tier1a_v1,tier1a_v1,0.39999999999999986,0.4199999999999998,0,0,282
ITC Limited,L16005WB1910PLC001985,FMCG / Foods,non_defaulter,2016,0.3282851811288201,32.83,Medium,0.3094310428643423,30.94,Medium,0.018854138264477793,agree,0,0,monitor,6.0,33.33,33.33,0.0,,,ML probability 0.328 against threshold 0.400. No explicit rule-based red flags were triggered.,hist_gradient_boosting,logistic_regression,tier1a_v1,tier1a_v1,0.39999999999999986,0.4199999999999998,0,0,283
Hindustan Unilever Limited,L15140MH1933PLC002030,FMCG / Foods,non_defaulter,2017,0.32827903714446405,32.83,Medium,0.30927013657577634,30.93,Medium,0.019008900568687703,agree,0,0,monitor,5.67,27.78,33.33,0.0,,,ML probability 0.328 against threshold 0.400. No explicit rule-based red flags were triggered.,hist_gradient_boosting,logistic_regression,tier1a_v1,tier1a_v1,0.39999999999999986,0.4199999999999998,0,0,284
Titan Company Limited,L74999TZ1984PLC001456,Gems & Jewellery,non_defaulter,2015,0.32827706329020334,32.83,Medium,0.31121790843494707,31.12,Medium,0.017059154855256276,agree,1,0,monitor,5.33,2.78,12.5,0.0,Borrowings trend over the available years is increasing.,rising_borrowings_trend,ML probability 0.328 against threshold 0.400. 1 rule-based red flag(s) were triggered. Key reasons: Borrowings trend over the available years is increasing.,hist_gradient_boosting,logistic_regression,tier1a_v1,tier1a_v1,0.39999999999999986,0.4199999999999998,0,0,285
Hindustan Unilever Limited,L15140MH1933PLC002030,FMCG / Foods,non_defaulter,2016,0.3282765687700091,32.83,Medium,0.30927343295534493,30.93,Medium,0.019003135814664174,agree,0,0,monitor,5.0,22.22,16.67,0.0,,,ML probability 0.328 against threshold 0.400. No explicit rule-based red flags were triggered.,hist_gradient_boosting,logistic_regression,tier1a_v1,tier1a_v1,0.39999999999999986,0.4199999999999998,0,0,286
ITC Limited,L16005WB1910PLC001985,FMCG / Foods,non_defaulter,2018,0.3282734511143963,32.83,Medium,0.3094332359065684,30.94,Medium,0.018840215207827915,agree,0,0,monitor,4.33,16.67,33.33,0.0,,,ML probability 0.328 against threshold 0.400. No explicit rule-based red flags were triggered.,hist_gradient_boosting,logistic_regression,tier1a_v1,tier1a_v1,0.39999999999999986,0.4199999999999998,0,0,288
Oil and Natural Gas Corporation Limited,L74899DL1993GOI054155,Oil & Gas,non_defaulter,2015,0.328269921483231,32.83,Medium,0.30982335881576556,30.98,Medium,0.018446562667465416,agree,1,0,monitor,4.0,33.33,100.0,0.0,Revenue trend over the available years is negative.,declining_revenue_trend,ML probability 0.328 against threshold 0.400. 1 rule-based red flag(s) were triggered. Key reasons: Revenue trend over the available years is negative.,hist_gradient_boosting,logistic_regression,tier1a_v1,tier1a_v1,0.39999999999999986,0.4199999999999998,0,0,289
ITC Limited,L16005WB1910PLC001985,FMCG / Foods,non_defaulter,2017,0.3282603032602067,32.83,Medium,0.30941203552306673,30.94,Medium,0.01884826773713999,agree,0,0,monitor,3.33,11.11,16.67,0.0,,,ML probability 0.328 against threshold 0.400. No explicit rule-based red flags were triggered.,hist_gradient_boosting,logistic_regression,tier1a_v1,tier1a_v1,0.39999999999999986,0.4199999999999998,0,0,291
Hindustan Unilever Limited,L15140MH1933PLC002030,FMCG / Foods,non_defaulter,2018,0.3282544308516982,32.83,Medium,0.30926954733476597,30.93,Medium,0.018984883516932227,agree,0,0,monitor,3.0,5.56,16.67,0.0,,,ML probability 0.328 against threshold 0.400. No explicit rule-based red flags were triggered.,hist_gradient_boosting,logistic_regression,tier1a_v1,tier1a_v1,0.39999999999999986,0.4199999999999998,0,0,292
Infosys Limited,L85110KA1981PLC013115,IT / Services,non_defaulter,2017,0.32824845742656455,32.82,Medium,0.3093349774878649,30.93,Medium,0.01891347993869963,agree,0,0,monitor,2.33,50.0,50.0,0.0,,,ML probability 0.328 against threshold 0.400. No explicit rule-based red flags were triggered.,hist_gradient_boosting,logistic_regression,tier1a_v1,tier1a_v1,0.39999999999999986,0.4199999999999998,0,0,294
Infosys Limited,L85110KA1981PLC013115,IT / Services,non_defaulter,2016,0.32824086810317693,32.82,Medium,0.30942596219650603,30.94,Medium,0.018814905906670898,agree,0,0,monitor,2.0,33.33,50.0,0.0,,,ML probability 0.328 against threshold 0.400. No explicit rule-based red flags were triggered.,hist_gradient_boosting,logistic_regression,tier1a_v1,tier1a_v1,0.39999999999999986,0.4199999999999998,0,0,295
Infosys Limited,L85110KA1981PLC013115,IT / Services,non_defaulter,2015,0.32822846921068227,32.82,Medium,0.30943029236851305,30.94,Medium,0.018798176842169223,agree,0,0,monitor,1.67,16.67,50.0,0.0,,,ML probability 0.328 against threshold 0.400. No explicit rule-based red flags were triggered.,hist_gradient_boosting,logistic_regression,tier1a_v1,tier1a_v1,0.39999999999999986,0.4199999999999998,0,0,296
UltraTech Cement Limited,L26940MH2000PLC128420,Cement,non_defaulter,2014,0.328227219076973,32.82,Medium,0.33224241651043346,33.22,Medium,0.00401519743346046,agree,1,0,monitor,1.33,50.0,50.0,0.0,Borrowings trend over the available years is increasing.,rising_borrowings_trend,ML probability 0.328 against threshold 0.400. 1 rule-based red flag(s) were triggered. Key reasons: Borrowings trend over the available years is increasing.,hist_gradient_boosting,logistic_regression,tier1a_v1,tier1a_v1,0.39999999999999986,0.4199999999999998,0,0,297
UltraTech Cement Limited,L26940MH2000PLC128420,Cement,non_defaulter,2016,0.3282242375707699,32.82,Medium,0.3368928551240602,33.69,Medium,0.008668617553290292,agree,1,0,monitor,1.0,33.33,50.0,0.0,Borrowings trend over the available years is increasing.,rising_borrowings_trend,ML probability 0.328 against threshold 0.400. 1 rule-based red flag(s) were triggered. Key reasons: Borrowings trend over the available years is increasing.,hist_gradient_boosting,logistic_regression,tier1a_v1,tier1a_v1,0.39999999999999986,0.4199999999999998,0,0,298
UltraTech Cement Limited,L26940MH2000PLC128420,Cement,non_defaulter,2015,0.32822139454391763,32.82,Medium,0.3390824996633259,33.91,Medium,0.010861105119408243,agree,1,0,monitor,0.67,16.67,50.0,0.0,Borrowings trend over the available years is increasing.,rising_borrowings_trend,ML probability 0.328 against threshold 0.400. 1 rule-based red flag(s) were triggered. Key reasons: Borrowings trend over the available years is increasing.,hist_gradient_boosting,logistic_regression,tier1a_v1,tier1a_v1,0.39999999999999986,0.4199999999999998,0,0,299
InterGlobe Aviation Limited,L62100DL2004PLC129768,Travel / Aviation,non_defaulter,2018,0.32821436199751464,32.82,Medium,0.3106241241663649,31.06,Medium,0.017590237831149713,agree,0,0,monitor,0.33,33.33,100.0,0.0,,,ML probability 0.328 against threshold 0.400. No explicit rule-based red flags were triggered.,hist_gradient_boosting,logistic_regression,tier1a_v1,tier1a_v1,0.39999999999999986,0.4199999999999998,0,0,300
