company_name,cin,model_name,model_version,latest_financial_year,financial_year,ml_probability,model_threshold,ml_class,risk_band,rule_flag_count,rule_flags_triggered,top_reasons,support_summary,framing_message,imputed_feature_fraction
ABG Shipyard Ltd,L61200GJ1985PLC007730,hist_gradient_boosting,tier1a_v1,2016,2014,0.7513238028086736,0.39999999999999986,1,High,8,weak_interest_coverage|excessive_leverage|negative_operating_cash_flow|negative_profit_margin|large_contingent_liabilities|declining_revenue_trend|declining_cash_flow_trend|rising_borrowings_trend,"Interest coverage is below 1, suggesting operating earnings may not comfortably cover finance costs. | Debt-to-equity is above 2, indicating elevated leverage. | Operating cash flow is negative despite positive revenue.","ML probability 0.751 against threshold 0.400. 8 rule-based red flag(s) were triggered. Key reasons: Interest coverage is below 1, suggesting operating earnings may not comfortably cover finance costs.; Debt-to-equity is above 2, indicating elevated leverage.; Operating cash flow is negative despite positive revenue.",This score estimates how closely the company's financial pattern resembles historical wilful defaulter cases in the training dataset.,0.0
ABG Shipyard Ltd,L61200GJ1985PLC007730,hist_gradient_boosting,tier1a_v1,2016,2015,0.7518057636257858,0.39999999999999986,1,High,10,weak_interest_coverage|excessive_leverage|negative_operating_cash_flow|negative_profit_margin|large_contingent_liabilities|declining_revenue_trend|declining_cash_flow_trend|rising_borrowings_trend|leverage_spike|margin_drop,"Interest coverage is below 1, suggesting operating earnings may not comfortably cover finance costs. | Debt-to-equity is above 2, indicating elevated leverage. | Operating cash flow is negative despite positive revenue.","ML probability 0.752 against threshold 0.400. 10 rule-based red flag(s) were triggered. Key reasons: Interest coverage is below 1, suggesting operating earnings may not comfortably cover finance costs.; Debt-to-equity is above 2, indicating elevated leverage.; Operating cash flow is negative despite positive revenue.",This score estimates how closely the company's financial pattern resembles historical wilful defaulter cases in the training dataset.,0.0
ABG Shipyard Ltd,L61200GJ1985PLC007730,hist_gradient_boosting,tier1a_v1,2016,2016,0.752130758736122,0.39999999999999986,1,High,8,weak_interest_coverage|weak_liquidity|negative_operating_cash_flow|negative_profit_margin|declining_revenue_trend|declining_cash_flow_trend|rising_borrowings_trend|margin_drop,"Interest coverage is below 1, suggesting operating earnings may not comfortably cover finance costs. | Current ratio is below 1, indicating a short-term liquidity deficit. | Operating cash flow is negative despite positive revenue.","ML probability 0.752 against threshold 0.400. 8 rule-based red flag(s) were triggered. Key reasons: Interest coverage is below 1, suggesting operating earnings may not comfortably cover finance costs.; Current ratio is below 1, indicating a short-term liquidity deficit.; Operating cash flow is negative despite positive revenue.",This score estimates how closely the company's financial pattern resembles historical wilful defaulter cases in the training dataset.,0.0
Alok Industries Ltd,L17110DN1986PLC000334,hist_gradient_boosting,tier1a_v1,2016,2013,0.32841341478902014,0.39999999999999986,0,High,5,excessive_leverage|large_contingent_liabilities|declining_revenue_trend|declining_cash_flow_trend|rising_borrowings_trend,"Debt-to-equity is above 2, indicating elevated leverage. | Contingent liabilities exceed 50% of net worth. | Revenue trend over the available years is negative.","ML probability 0.328 against threshold 0.400. 5 rule-based red flag(s) were triggered. Key reasons: Debt-to-equity is above 2, indicating elevated leverage.; Contingent liabilities exceed 50% of net worth.; Revenue trend over the available years is negative.",This score estimates how closely the company's financial pattern resembles historical wilful defaulter cases in the training dataset.,0.3333333333333333
Alok Industries Ltd,L17110DN1986PLC000334,hist_gradient_boosting,tier1a_v1,2016,2015,0.3288831313598158,0.39999999999999986,0,High,4,excessive_leverage|declining_revenue_trend|declining_cash_flow_trend|rising_borrowings_trend,"Debt-to-equity is above 2, indicating elevated leverage. | Revenue trend over the available years is negative. | Operating cash flow trend over the available years is negative.","ML probability 0.329 against threshold 0.400. 4 rule-based red flag(s) were triggered. Key reasons: Debt-to-equity is above 2, indicating elevated leverage.; Revenue trend over the available years is negative.; Operating cash flow trend over the available years is negative.",This score estimates how closely the company's financial pattern resembles historical wilful defaulter cases in the training dataset.,0.0
Alok Industries Ltd,L17110DN1986PLC000334,hist_gradient_boosting,tier1a_v1,2016,2016,0.658612489983262,0.39999999999999986,1,High,9,weak_interest_coverage|excessive_leverage|negative_operating_cash_flow|negative_profit_margin|declining_revenue_trend|declining_cash_flow_trend|rising_borrowings_trend|leverage_spike|margin_drop,"Interest coverage is below 1, suggesting operating earnings may not comfortably cover finance costs. | Debt-to-equity is above 2, indicating elevated leverage. | Operating cash flow is negative despite positive revenue.","ML probability 0.659 against threshold 0.400. 9 rule-based red flag(s) were triggered. Key reasons: Interest coverage is below 1, suggesting operating earnings may not comfortably cover finance costs.; Debt-to-equity is above 2, indicating elevated leverage.; Operating cash flow is negative despite positive revenue.",This score estimates how closely the company's financial pattern resembles historical wilful defaulter cases in the training dataset.,0.0
Asian Star Company Ltd,L36910MH1995PLC086017,hist_gradient_boosting,tier1a_v1,2017,2015,0.7519482777140187,0.39999999999999986,1,High,0,,,ML probability 0.752 against threshold 0.400. No explicit rule-based red flags were triggered.,This score estimates how closely the company's financial pattern resembles historical wilful defaulter cases in the training dataset.,0.0
Asian Star Company Ltd,L36910MH1995PLC086017,hist_gradient_boosting,tier1a_v1,2017,2016,0.7516340438448685,0.39999999999999986,1,High,0,,,ML probability 0.752 against threshold 0.400. No explicit rule-based red flags were triggered.,This score estimates how closely the company's financial pattern resembles historical wilful defaulter cases in the training dataset.,0.0
Asian Star Company Ltd,L36910MH1995PLC086017,hist_gradient_boosting,tier1a_v1,2017,2017,0.7390439956626309,0.39999999999999986,1,High,0,,,ML probability 0.739 against threshold 0.400. No explicit rule-based red flags were triggered.,This score estimates how closely the company's financial pattern resembles historical wilful defaulter cases in the training dataset.,0.0
Bhushan Steel Limited,L27109DL1990PLC040690,hist_gradient_boosting,tier1a_v1,2016,2014,0.7406229475650606,0.39999999999999986,1,High,5,excessive_leverage|weak_liquidity|qualified_audit_signal|declining_cash_flow_trend|rising_borrowings_trend,"Debt-to-equity is above 2, indicating elevated leverage. | Current ratio is below 1, indicating a short-term liquidity deficit. | A qualified, adverse, or disclaimer audit opinion was detected.","ML probability 0.741 against threshold 0.400. 5 rule-based red flag(s) were triggered. Key reasons: Debt-to-equity is above 2, indicating elevated leverage.; Current ratio is below 1, indicating a short-term liquidity deficit.; A qualified, adverse, or disclaimer audit opinion was detected.",This score estimates how closely the company's financial pattern resembles historical wilful defaulter cases in the training dataset.,0.0
Bhushan Steel Limited,L27109DL1990PLC040690,hist_gradient_boosting,tier1a_v1,2016,2015,0.7433319182156555,0.39999999999999986,1,High,9,weak_interest_coverage|excessive_leverage|weak_liquidity|negative_profit_margin|qualified_audit_signal|declining_cash_flow_trend|rising_borrowings_trend|leverage_spike|margin_drop,"Interest coverage is below 1, suggesting operating earnings may not comfortably cover finance costs. | Debt-to-equity is above 2, indicating elevated leverage. | Current ratio is below 1, indicating a short-term liquidity deficit.","ML probability 0.743 against threshold 0.400. 9 rule-based red flag(s) were triggered. Key reasons: Interest coverage is below 1, suggesting operating earnings may not comfortably cover finance costs.; Debt-to-equity is above 2, indicating elevated leverage.; Current ratio is below 1, indicating a short-term liquidity deficit.",This score estimates how closely the company's financial pattern resembles historical wilful defaulter cases in the training dataset.,0.0
Bhushan Steel Limited,L27109DL1990PLC040690,hist_gradient_boosting,tier1a_v1,2016,2016,0.7498371125555043,0.39999999999999986,1,High,11,weak_interest_coverage|excessive_leverage|weak_liquidity|negative_operating_cash_flow|negative_profit_margin|qualified_audit_signal|large_contingent_liabilities|declining_cash_flow_trend|rising_borrowings_trend|leverage_spike|margin_drop,"Interest coverage is below 1, suggesting operating earnings may not comfortably cover finance costs. | Debt-to-equity is above 2, indicating elevated leverage. | Current ratio is below 1, indicating a short-term liquidity deficit.","ML probability 0.750 against threshold 0.400. 11 rule-based red flag(s) were triggered. Key reasons: Interest coverage is below 1, suggesting operating earnings may not comfortably cover finance costs.; Debt-to-equity is above 2, indicating elevated leverage.; Current ratio is below 1, indicating a short-term liquidity deficit.",This score estimates how closely the company's financial pattern resembles historical wilful defaulter cases in the training dataset.,0.0
Cox & Kings Limited,L63040MH1939PLC011352,hist_gradient_boosting,tier1a_v1,2018,2016,0.3353816931119083,0.39999999999999986,0,Medium,3,declining_revenue_trend|declining_cash_flow_trend|rising_borrowings_trend,Revenue trend over the available years is negative. | Operating cash flow trend over the available years is negative. | Borrowings trend over the available years is increasing.,ML probability 0.335 against threshold 0.400. 3 rule-based red flag(s) were triggered. Key reasons: Revenue trend over the available years is negative.; Operating cash flow trend over the available years is negative.; Borrowings trend over the available years is increasing.,This score estimates how closely the company's financial pattern resembles historical wilful defaulter cases in the training dataset.,0.0
Cox & Kings Limited,L63040MH1939PLC011352,hist_gradient_boosting,tier1a_v1,2018,2017,0.39745913943897915,0.39999999999999986,0,High,4,negative_operating_cash_flow|declining_revenue_trend|declining_cash_flow_trend|rising_borrowings_trend,Operating cash flow is negative despite positive revenue. | Revenue trend over the available years is negative. | Operating cash flow trend over the available years is negative.,ML probability 0.397 against threshold 0.400. 4 rule-based red flag(s) were triggered. Key reasons: Operating cash flow is negative despite positive revenue.; Revenue trend over the available years is negative.; Operating cash flow trend over the available years is negative.,This score estimates how closely the company's financial pattern resembles historical wilful defaulter cases in the training dataset.,0.0
Cox & Kings Limited,L63040MH1939PLC011352,hist_gradient_boosting,tier1a_v1,2018,2018,0.4007679354850794,0.39999999999999986,1,High,4,negative_operating_cash_flow|declining_revenue_trend|declining_cash_flow_trend|rising_borrowings_trend,Operating cash flow is negative despite positive revenue. | Revenue trend over the available years is negative. | Operating cash flow trend over the available years is negative.,ML probability 0.401 against threshold 0.400. 4 rule-based red flag(s) were triggered. Key reasons: Operating cash flow is negative despite positive revenue.; Revenue trend over the available years is negative.; Operating cash flow trend over the available years is negative.,This score estimates how closely the company's financial pattern resembles historical wilful defaulter cases in the training dataset.,0.0
Deccan Chronicle Holdings,L22122TG2002PLC040110,hist_gradient_boosting,tier1a_v1,2012,2010,0.47214282176990635,0.39999999999999986,1,High,3,declining_revenue_trend|declining_cash_flow_trend|rising_borrowings_trend,Revenue trend over the available years is negative. | Operating cash flow trend over the available years is negative. | Borrowings trend over the available years is increasing.,ML probability 0.472 against threshold 0.400. 3 rule-based red flag(s) were triggered. Key reasons: Revenue trend over the available years is negative.; Operating cash flow trend over the available years is negative.; Borrowings trend over the available years is increasing.,This score estimates how closely the company's financial pattern resembles historical wilful defaulter cases in the training dataset.,0.0
Deccan Chronicle Holdings,L22122TG2002PLC040110,hist_gradient_boosting,tier1a_v1,2012,2011,0.34374973957168975,0.39999999999999986,0,Medium,5,declining_revenue_trend|declining_cash_flow_trend|rising_borrowings_trend|leverage_spike|margin_drop,Revenue trend over the available years is negative. | Operating cash flow trend over the available years is negative. | Borrowings trend over the available years is increasing.,ML probability 0.344 against threshold 0.400. 5 rule-based red flag(s) were triggered. Key reasons: Revenue trend over the available years is negative.; Operating cash flow trend over the available years is negative.; Borrowings trend over the available years is increasing.,This score estimates how closely the company's financial pattern resembles historical wilful defaulter cases in the training dataset.,0.0
Deccan Chronicle Holdings,L22122TG2002PLC040110,hist_gradient_boosting,tier1a_v1,2012,2012,0.7521225998325616,0.39999999999999986,1,High,10,weak_interest_coverage|excessive_leverage|weak_liquidity|negative_profit_margin|large_contingent_liabilities|declining_revenue_trend|declining_cash_flow_trend|rising_borrowings_trend|leverage_spike|margin_drop,"Interest coverage is below 1, suggesting operating earnings may not comfortably cover finance costs. | Debt-to-equity is above 2, indicating elevated leverage. | Current ratio is below 1, indicating a short-term liquidity deficit.","ML probability 0.752 against threshold 0.400. 10 rule-based red flag(s) were triggered. Key reasons: Interest coverage is below 1, suggesting operating earnings may not comfortably cover finance costs.; Debt-to-equity is above 2, indicating elevated leverage.; Current ratio is below 1, indicating a short-term liquidity deficit.",This score estimates how closely the company's financial pattern resembles historical wilful defaulter cases in the training dataset.,0.0
Elder Pharmaceuticals Ltd,L24239MH1983PLC029714,hist_gradient_boosting,tier1a_v1,2014,2012,0.4914184212315941,0.39999999999999986,1,High,1,declining_revenue_trend,Revenue trend over the available years is negative.,ML probability 0.491 against threshold 0.400. 1 rule-based red flag(s) were triggered. Key reasons: Revenue trend over the available years is negative.,This score estimates how closely the company's financial pattern resembles historical wilful defaulter cases in the training dataset.,0.0
Elder Pharmaceuticals Ltd,L24239MH1983PLC029714,hist_gradient_boosting,tier1a_v1,2014,2013,0.6418863628422083,0.39999999999999986,1,High,3,weak_liquidity|negative_operating_cash_flow|declining_revenue_trend,"Current ratio is below 1, indicating a short-term liquidity deficit. | Operating cash flow is negative despite positive revenue. | Revenue trend over the available years is negative.","ML probability 0.642 against threshold 0.400. 3 rule-based red flag(s) were triggered. Key reasons: Current ratio is below 1, indicating a short-term liquidity deficit.; Operating cash flow is negative despite positive revenue.; Revenue trend over the available years is negative.",This score estimates how closely the company's financial pattern resembles historical wilful defaulter cases in the training dataset.,0.0
Elder Pharmaceuticals Ltd,L24239MH1983PLC029714,hist_gradient_boosting,tier1a_v1,2014,2014,0.6918084764258701,0.39999999999999986,1,High,3,weak_liquidity|declining_revenue_trend|margin_drop,"Current ratio is below 1, indicating a short-term liquidity deficit. | Revenue trend over the available years is negative. | Net profit margin deteriorated materially year over year.","ML probability 0.692 against threshold 0.400. 3 rule-based red flag(s) were triggered. Key reasons: Current ratio is below 1, indicating a short-term liquidity deficit.; Revenue trend over the available years is negative.; Net profit margin deteriorated materially year over year.",This score estimates how closely the company's financial pattern resembles historical wilful defaulter cases in the training dataset.,0.0
Era Infra Engineering,L74899DL1990PLC041350,hist_gradient_boosting,tier1a_v1,2017,2015,0.7520907136387496,0.39999999999999986,1,High,5,weak_interest_coverage|excessive_leverage|negative_profit_margin|declining_revenue_trend|rising_borrowings_trend,"Interest coverage is below 1, suggesting operating earnings may not comfortably cover finance costs. | Debt-to-equity is above 2, indicating elevated leverage. | Net profit margin is negative.","ML probability 0.752 against threshold 0.400. 5 rule-based red flag(s) were triggered. Key reasons: Interest coverage is below 1, suggesting operating earnings may not comfortably cover finance costs.; Debt-to-equity is above 2, indicating elevated leverage.; Net profit margin is negative.",This score estimates how closely the company's financial pattern resembles historical wilful defaulter cases in the training dataset.,0.0
Era Infra Engineering,L74899DL1990PLC041350,hist_gradient_boosting,tier1a_v1,2017,2016,0.7521827009507678,0.39999999999999986,1,High,5,weak_interest_coverage|negative_profit_margin|declining_revenue_trend|rising_borrowings_trend|margin_drop,"Interest coverage is below 1, suggesting operating earnings may not comfortably cover finance costs. | Net profit margin is negative. | Revenue trend over the available years is negative.","ML probability 0.752 against threshold 0.400. 5 rule-based red flag(s) were triggered. Key reasons: Interest coverage is below 1, suggesting operating earnings may not comfortably cover finance costs.; Net profit margin is negative.; Revenue trend over the available years is negative.",This score estimates how closely the company's financial pattern resembles historical wilful defaulter cases in the training dataset.,0.0
Era Infra Engineering,L74899DL1990PLC041350,hist_gradient_boosting,tier1a_v1,2017,2017,0.752183726167995,0.39999999999999986,1,High,4,weak_interest_coverage|negative_profit_margin|declining_revenue_trend|rising_borrowings_trend,"Interest coverage is below 1, suggesting operating earnings may not comfortably cover finance costs. | Net profit margin is negative. | Revenue trend over the available years is negative.","ML probability 0.752 against threshold 0.400. 4 rule-based red flag(s) were triggered. Key reasons: Interest coverage is below 1, suggesting operating earnings may not comfortably cover finance costs.; Net profit margin is negative.; Revenue trend over the available years is negative.",This score estimates how closely the company's financial pattern resembles historical wilful defaulter cases in the training dataset.,0.0
Gammon India Ltd,L74999DL1922PLC000997,hist_gradient_boosting,tier1a_v1,2017,2014,0.7521609080212727,0.39999999999999986,1,High,4,excessive_leverage|negative_operating_cash_flow|large_contingent_liabilities|declining_revenue_trend,"Debt-to-equity is above 2, indicating elevated leverage. | Operating cash flow is negative despite positive revenue. | Contingent liabilities exceed 50% of net worth.","ML probability 0.752 against threshold 0.400. 4 rule-based red flag(s) were triggered. Key reasons: Debt-to-equity is above 2, indicating elevated leverage.; Operating cash flow is negative despite positive revenue.; Contingent liabilities exceed 50% of net worth.",This score estimates how closely the company's financial pattern resembles historical wilful defaulter cases in the training dataset.,0.0
Gammon India Ltd,L74999DL1922PLC000997,hist_gradient_boosting,tier1a_v1,2017,2016,0.7518945502482061,0.39999999999999986,1,High,4,excessive_leverage|weak_liquidity|large_contingent_liabilities|declining_revenue_trend,"Debt-to-equity is above 2, indicating elevated leverage. | Current ratio is below 1, indicating a short-term liquidity deficit. | Contingent liabilities exceed 50% of net worth.","ML probability 0.752 against threshold 0.400. 4 rule-based red flag(s) were triggered. Key reasons: Debt-to-equity is above 2, indicating elevated leverage.; Current ratio is below 1, indicating a short-term liquidity deficit.; Contingent liabilities exceed 50% of net worth.",This score estimates how closely the company's financial pattern resembles historical wilful defaulter cases in the training dataset.,0.0
Gammon India Ltd,L74999DL1922PLC000997,hist_gradient_boosting,tier1a_v1,2017,2017,0.7513897607250297,0.39999999999999986,1,High,8,weak_interest_coverage|excessive_leverage|weak_liquidity|negative_profit_margin|large_contingent_liabilities|declining_revenue_trend|leverage_spike|margin_drop,"Interest coverage is below 1, suggesting operating earnings may not comfortably cover finance costs. | Debt-to-equity is above 2, indicating elevated leverage. | Current ratio is below 1, indicating a short-term liquidity deficit.","ML probability 0.751 against threshold 0.400. 8 rule-based red flag(s) were triggered. Key reasons: Interest coverage is below 1, suggesting operating earnings may not comfortably cover finance costs.; Debt-to-equity is above 2, indicating elevated leverage.; Current ratio is below 1, indicating a short-term liquidity deficit.",This score estimates how closely the company's financial pattern resembles historical wilful defaulter cases in the training dataset.,0.0
Gitanjali Gems Limited,L36911MH1986PLC040689,hist_gradient_boosting,tier1a_v1,2017,2015,0.7510368368951938,0.39999999999999986,1,High,2,large_contingent_liabilities|rising_borrowings_trend,Contingent liabilities exceed 50% of net worth. | Borrowings trend over the available years is increasing.,ML probability 0.751 against threshold 0.400. 2 rule-based red flag(s) were triggered. Key reasons: Contingent liabilities exceed 50% of net worth.; Borrowings trend over the available years is increasing.,This score estimates how closely the company's financial pattern resembles historical wilful defaulter cases in the training dataset.,0.0
Gitanjali Gems Limited,L36911MH1986PLC040689,hist_gradient_boosting,tier1a_v1,2017,2016,0.7520186165254155,0.39999999999999986,1,High,2,large_contingent_liabilities|rising_borrowings_trend,Contingent liabilities exceed 50% of net worth. | Borrowings trend over the available years is increasing.,ML probability 0.752 against threshold 0.400. 2 rule-based red flag(s) were triggered. Key reasons: Contingent liabilities exceed 50% of net worth.; Borrowings trend over the available years is increasing.,This score estimates how closely the company's financial pattern resembles historical wilful defaulter cases in the training dataset.,0.0
Gitanjali Gems Limited,L36911MH1986PLC040689,hist_gradient_boosting,tier1a_v1,2017,2017,0.7442946644037637,0.39999999999999986,1,High,2,large_contingent_liabilities|rising_borrowings_trend,Contingent liabilities exceed 50% of net worth. | Borrowings trend over the available years is increasing.,ML probability 0.744 against threshold 0.400. 2 rule-based red flag(s) were triggered. Key reasons: Contingent liabilities exceed 50% of net worth.; Borrowings trend over the available years is increasing.,This score estimates how closely the company's financial pattern resembles historical wilful defaulter cases in the training dataset.,0.0
HCC (Hindustan Construction Co Ltd),L26922MH1926PLC000407,hist_gradient_boosting,tier1a_v1,2018,2016,0.7513500857723739,0.39999999999999986,1,High,4,excessive_leverage|weak_liquidity|qualified_audit_signal|large_contingent_liabilities,"Debt-to-equity is above 2, indicating elevated leverage. | Current ratio is below 1, indicating a short-term liquidity deficit. | A qualified, adverse, or disclaimer audit opinion was detected.","ML probability 0.751 against threshold 0.400. 4 rule-based red flag(s) were triggered. Key reasons: Debt-to-equity is above 2, indicating elevated leverage.; Current ratio is below 1, indicating a short-term liquidity deficit.; A qualified, adverse, or disclaimer audit opinion was detected.",This score estimates how closely the company's financial pattern resembles historical wilful defaulter cases in the training dataset.,0.0
HCC (Hindustan Construction Co Ltd),L26922MH1926PLC000407,hist_gradient_boosting,tier1a_v1,2018,2017,0.7424425797968883,0.39999999999999986,1,High,1,qualified_audit_signal,"A qualified, adverse, or disclaimer audit opinion was detected.","ML probability 0.742 against threshold 0.400. 1 rule-based red flag(s) were triggered. Key reasons: A qualified, adverse, or disclaimer audit opinion was detected.",This score estimates how closely the company's financial pattern resembles historical wilful defaulter cases in the training dataset.,0.0
HCC (Hindustan Construction Co Ltd),L26922MH1926PLC000407,hist_gradient_boosting,tier1a_v1,2018,2018,0.7506028807028585,0.39999999999999986,1,High,2,weak_liquidity|qualified_audit_signal,"Current ratio is below 1, indicating a short-term liquidity deficit. | A qualified, adverse, or disclaimer audit opinion was detected.","ML probability 0.751 against threshold 0.400. 2 rule-based red flag(s) were triggered. Key reasons: Current ratio is below 1, indicating a short-term liquidity deficit.; A qualified, adverse, or disclaimer audit opinion was detected.",This score estimates how closely the company's financial pattern resembles historical wilful defaulter cases in the training dataset.,0.0
Hanung Toys and Textiles,L74999DL1990PLC041722,hist_gradient_boosting,tier1a_v1,2017,2015,0.7509875716700063,0.39999999999999986,1,High,4,weak_interest_coverage|negative_operating_cash_flow|negative_profit_margin|declining_revenue_trend,"Interest coverage is below 1, suggesting operating earnings may not comfortably cover finance costs. | Operating cash flow is negative despite positive revenue. | Net profit margin is negative.","ML probability 0.751 against threshold 0.400. 4 rule-based red flag(s) were triggered. Key reasons: Interest coverage is below 1, suggesting operating earnings may not comfortably cover finance costs.; Operating cash flow is negative despite positive revenue.; Net profit margin is negative.",This score estimates how closely the company's financial pattern resembles historical wilful defaulter cases in the training dataset.,0.0
Hanung Toys and Textiles,L74999DL1990PLC041722,hist_gradient_boosting,tier1a_v1,2017,2016,0.7505204408145281,0.39999999999999986,1,High,5,weak_interest_coverage|negative_operating_cash_flow|negative_profit_margin|declining_revenue_trend|margin_drop,"Interest coverage is below 1, suggesting operating earnings may not comfortably cover finance costs. | Operating cash flow is negative despite positive revenue. | Net profit margin is negative.","ML probability 0.751 against threshold 0.400. 5 rule-based red flag(s) were triggered. Key reasons: Interest coverage is below 1, suggesting operating earnings may not comfortably cover finance costs.; Operating cash flow is negative despite positive revenue.; Net profit margin is negative.",This score estimates how closely the company's financial pattern resembles historical wilful defaulter cases in the training dataset.,0.0
Hanung Toys and Textiles,L74999DL1990PLC041722,hist_gradient_boosting,tier1a_v1,2017,2017,0.7516020079455756,0.39999999999999986,1,High,3,negative_profit_margin|declining_revenue_trend|margin_drop,Net profit margin is negative. | Revenue trend over the available years is negative. | Net profit margin deteriorated materially year over year.,ML probability 0.752 against threshold 0.400. 3 rule-based red flag(s) were triggered. Key reasons: Net profit margin is negative.; Revenue trend over the available years is negative.; Net profit margin deteriorated materially year over year.,This score estimates how closely the company's financial pattern resembles historical wilful defaulter cases in the training dataset.,0.0
IVRCL Limited,L45201AP1987PLC007959,hist_gradient_boosting,tier1a_v1,2016,2014,0.7518932453817914,0.39999999999999986,1,High,6,weak_interest_coverage|excessive_leverage|negative_operating_cash_flow|negative_profit_margin|declining_revenue_trend|rising_borrowings_trend,"Interest coverage is below 1, suggesting operating earnings may not comfortably cover finance costs. | Debt-to-equity is above 2, indicating elevated leverage. | Operating cash flow is negative despite positive revenue.","ML probability 0.752 against threshold 0.400. 6 rule-based red flag(s) were triggered. Key reasons: Interest coverage is below 1, suggesting operating earnings may not comfortably cover finance costs.; Debt-to-equity is above 2, indicating elevated leverage.; Operating cash flow is negative despite positive revenue.",This score estimates how closely the company's financial pattern resembles historical wilful defaulter cases in the training dataset.,0.0
IVRCL Limited,L45201AP1987PLC007959,hist_gradient_boosting,tier1a_v1,2016,2015,0.7520959279452228,0.39999999999999986,1,High,7,weak_interest_coverage|excessive_leverage|negative_operating_cash_flow|negative_profit_margin|declining_revenue_trend|rising_borrowings_trend|leverage_spike,"Interest coverage is below 1, suggesting operating earnings may not comfortably cover finance costs. | Debt-to-equity is above 2, indicating elevated leverage. | Operating cash flow is negative despite positive revenue.","ML probability 0.752 against threshold 0.400. 7 rule-based red flag(s) were triggered. Key reasons: Interest coverage is below 1, suggesting operating earnings may not comfortably cover finance costs.; Debt-to-equity is above 2, indicating elevated leverage.; Operating cash flow is negative despite positive revenue.",This score estimates how closely the company's financial pattern resembles historical wilful defaulter cases in the training dataset.,0.0
IVRCL Limited,L45201AP1987PLC007959,hist_gradient_boosting,tier1a_v1,2016,2016,0.7521966615934788,0.39999999999999986,1,High,8,weak_interest_coverage|excessive_leverage|negative_operating_cash_flow|negative_profit_margin|declining_revenue_trend|rising_borrowings_trend|leverage_spike|margin_drop,"Interest coverage is below 1, suggesting operating earnings may not comfortably cover finance costs. | Debt-to-equity is above 2, indicating elevated leverage. | Operating cash flow is negative despite positive revenue.","ML probability 0.752 against threshold 0.400. 8 rule-based red flag(s) were triggered. Key reasons: Interest coverage is below 1, suggesting operating earnings may not comfortably cover finance costs.; Debt-to-equity is above 2, indicating elevated leverage.; Operating cash flow is negative despite positive revenue.",This score estimates how closely the company's financial pattern resembles historical wilful defaulter cases in the training dataset.,0.0
JVL Agro Industries,L15140UP1989PLC011396,hist_gradient_boosting,tier1a_v1,2018,2016,0.7491096305774705,0.39999999999999986,1,High,4,negative_operating_cash_flow|declining_revenue_trend|declining_cash_flow_trend|rising_borrowings_trend,Operating cash flow is negative despite positive revenue. | Revenue trend over the available years is negative. | Operating cash flow trend over the available years is negative.,ML probability 0.749 against threshold 0.400. 4 rule-based red flag(s) were triggered. Key reasons: Operating cash flow is negative despite positive revenue.; Revenue trend over the available years is negative.; Operating cash flow trend over the available years is negative.,This score estimates how closely the company's financial pattern resembles historical wilful defaulter cases in the training dataset.,0.0
JVL Agro Industries,L15140UP1989PLC011396,hist_gradient_boosting,tier1a_v1,2018,2017,0.7517453062730363,0.39999999999999986,1,High,4,negative_operating_cash_flow|declining_revenue_trend|declining_cash_flow_trend|rising_borrowings_trend,Operating cash flow is negative despite positive revenue. | Revenue trend over the available years is negative. | Operating cash flow trend over the available years is negative.,ML probability 0.752 against threshold 0.400. 4 rule-based red flag(s) were triggered. Key reasons: Operating cash flow is negative despite positive revenue.; Revenue trend over the available years is negative.; Operating cash flow trend over the available years is negative.,This score estimates how closely the company's financial pattern resembles historical wilful defaulter cases in the training dataset.,0.0
JVL Agro Industries,L15140UP1989PLC011396,hist_gradient_boosting,tier1a_v1,2018,2018,0.7521601957011319,0.39999999999999986,1,High,5,weak_interest_coverage|negative_operating_cash_flow|declining_revenue_trend|declining_cash_flow_trend|rising_borrowings_trend,"Interest coverage is below 1, suggesting operating earnings may not comfortably cover finance costs. | Operating cash flow is negative despite positive revenue. | Revenue trend over the available years is negative.","ML probability 0.752 against threshold 0.400. 5 rule-based red flag(s) were triggered. Key reasons: Interest coverage is below 1, suggesting operating earnings may not comfortably cover finance costs.; Operating cash flow is negative despite positive revenue.; Revenue trend over the available years is negative.",This score estimates how closely the company's financial pattern resembles historical wilful defaulter cases in the training dataset.,0.0
Jaiprakash Associates Ltd,L14106UP1995PLC019017,hist_gradient_boosting,tier1a_v1,2016,2014,0.7506492645167231,0.39999999999999986,1,High,2,excessive_leverage|declining_revenue_trend,"Debt-to-equity is above 2, indicating elevated leverage. | Revenue trend over the available years is negative.","ML probability 0.751 against threshold 0.400. 2 rule-based red flag(s) were triggered. Key reasons: Debt-to-equity is above 2, indicating elevated leverage.; Revenue trend over the available years is negative.",This score estimates how closely the company's financial pattern resembles historical wilful defaulter cases in the training dataset.,0.0
Jaiprakash Associates Ltd,L14106UP1995PLC019017,hist_gradient_boosting,tier1a_v1,2016,2015,0.7505312353049832,0.39999999999999986,1,High,4,weak_interest_coverage|negative_profit_margin|declining_revenue_trend|margin_drop,"Interest coverage is below 1, suggesting operating earnings may not comfortably cover finance costs. | Net profit margin is negative. | Revenue trend over the available years is negative.","ML probability 0.751 against threshold 0.400. 4 rule-based red flag(s) were triggered. Key reasons: Interest coverage is below 1, suggesting operating earnings may not comfortably cover finance costs.; Net profit margin is negative.; Revenue trend over the available years is negative.",This score estimates how closely the company's financial pattern resembles historical wilful defaulter cases in the training dataset.,0.0
Jaiprakash Associates Ltd,L14106UP1995PLC019017,hist_gradient_boosting,tier1a_v1,2016,2016,0.7487574713860325,0.39999999999999986,1,High,6,weak_interest_coverage|excessive_leverage|negative_profit_margin|declining_revenue_trend|leverage_spike|margin_drop,"Interest coverage is below 1, suggesting operating earnings may not comfortably cover finance costs. | Debt-to-equity is above 2, indicating elevated leverage. | Net profit margin is negative.","ML probability 0.749 against threshold 0.400. 6 rule-based red flag(s) were triggered. Key reasons: Interest coverage is below 1, suggesting operating earnings may not comfortably cover finance costs.; Debt-to-equity is above 2, indicating elevated leverage.; Net profit margin is negative.",This score estimates how closely the company's financial pattern resembles historical wilful defaulter cases in the training dataset.,0.0
Jaypee Infratech Ltd,L45203UP2007PLC033119,hist_gradient_boosting,tier1a_v1,2016,2014,0.7515308029473443,0.39999999999999986,1,High,2,declining_revenue_trend|rising_borrowings_trend,Revenue trend over the available years is negative. | Borrowings trend over the available years is increasing.,ML probability 0.752 against threshold 0.400. 2 rule-based red flag(s) were triggered. Key reasons: Revenue trend over the available years is negative.; Borrowings trend over the available years is increasing.,This score estimates how closely the company's financial pattern resembles historical wilful defaulter cases in the training dataset.,0.0
Jaypee Infratech Ltd,L45203UP2007PLC033119,hist_gradient_boosting,tier1a_v1,2016,2015,0.7515734791297206,0.39999999999999986,1,High,2,declining_revenue_trend|rising_borrowings_trend,Revenue trend over the available years is negative. | Borrowings trend over the available years is increasing.,ML probability 0.752 against threshold 0.400. 2 rule-based red flag(s) were triggered. Key reasons: Revenue trend over the available years is negative.; Borrowings trend over the available years is increasing.,This score estimates how closely the company's financial pattern resembles historical wilful defaulter cases in the training dataset.,0.0
Jaypee Infratech Ltd,L45203UP2007PLC033119,hist_gradient_boosting,tier1a_v1,2016,2016,0.7502656141149879,0.39999999999999986,1,High,5,weak_interest_coverage|negative_profit_margin|declining_revenue_trend|rising_borrowings_trend|margin_drop,"Interest coverage is below 1, suggesting operating earnings may not comfortably cover finance costs. | Net profit margin is negative. | Revenue trend over the available years is negative.","ML probability 0.750 against threshold 0.400. 5 rule-based red flag(s) were triggered. Key reasons: Interest coverage is below 1, suggesting operating earnings may not comfortably cover finance costs.; Net profit margin is negative.; Revenue trend over the available years is negative.",This score estimates how closely the company's financial pattern resembles historical wilful defaulter cases in the training dataset.,0.0
Jyoti Structures Ltd,L45200MH1974PLC017494,hist_gradient_boosting,tier1a_v1,2016,2014,0.7455833262424576,0.39999999999999986,1,High,3,declining_revenue_trend|declining_cash_flow_trend|rising_borrowings_trend,Revenue trend over the available years is negative. | Operating cash flow trend over the available years is negative. | Borrowings trend over the available years is increasing.,ML probability 0.746 against threshold 0.400. 3 rule-based red flag(s) were triggered. Key reasons: Revenue trend over the available years is negative.; Operating cash flow trend over the available years is negative.; Borrowings trend over the available years is increasing.,This score estimates how closely the company's financial pattern resembles historical wilful defaulter cases in the training dataset.,0.0
Jyoti Structures Ltd,L45200MH1974PLC017494,hist_gradient_boosting,tier1a_v1,2016,2015,0.7510687193749647,0.39999999999999986,1,High,9,weak_interest_coverage|excessive_leverage|negative_operating_cash_flow|negative_profit_margin|declining_revenue_trend|declining_cash_flow_trend|rising_borrowings_trend|leverage_spike|margin_drop,"Interest coverage is below 1, suggesting operating earnings may not comfortably cover finance costs. | Debt-to-equity is above 2, indicating elevated leverage. | Operating cash flow is negative despite positive revenue.","ML probability 0.751 against threshold 0.400. 9 rule-based red flag(s) were triggered. Key reasons: Interest coverage is below 1, suggesting operating earnings may not comfortably cover finance costs.; Debt-to-equity is above 2, indicating elevated leverage.; Operating cash flow is negative despite positive revenue.",This score estimates how closely the company's financial pattern resembles historical wilful defaulter cases in the training dataset.,0.0
Jyoti Structures Ltd,L45200MH1974PLC017494,hist_gradient_boosting,tier1a_v1,2016,2016,0.7516223861299007,0.39999999999999986,1,High,9,weak_interest_coverage|excessive_leverage|negative_operating_cash_flow|negative_profit_margin|declining_revenue_trend|declining_cash_flow_trend|rising_borrowings_trend|leverage_spike|margin_drop,"Interest coverage is below 1, suggesting operating earnings may not comfortably cover finance costs. | Debt-to-equity is above 2, indicating elevated leverage. | Operating cash flow is negative despite positive revenue.","ML probability 0.752 against threshold 0.400. 9 rule-based red flag(s) were triggered. Key reasons: Interest coverage is below 1, suggesting operating earnings may not comfortably cover finance costs.; Debt-to-equity is above 2, indicating elevated leverage.; Operating cash flow is negative despite positive revenue.",This score estimates how closely the company's financial pattern resembles historical wilful defaulter cases in the training dataset.,0.0
Kingfisher Airlines,L85110KA1995PLC018045,hist_gradient_boosting,tier1a_v1,2013,2011,0.7519681202427915,0.39999999999999986,1,High,4,negative_profit_margin|declining_revenue_trend|declining_cash_flow_trend|rising_borrowings_trend,Net profit margin is negative. | Revenue trend over the available years is negative. | Operating cash flow trend over the available years is negative.,ML probability 0.752 against threshold 0.400. 4 rule-based red flag(s) were triggered. Key reasons: Net profit margin is negative.; Revenue trend over the available years is negative.; Operating cash flow trend over the available years is negative.,This score estimates how closely the company's financial pattern resembles historical wilful defaulter cases in the training dataset.,0.0
Kingfisher Airlines,L85110KA1995PLC018045,hist_gradient_boosting,tier1a_v1,2013,2012,0.7518391263970186,0.39999999999999986,1,High,7,weak_interest_coverage|negative_operating_cash_flow|negative_profit_margin|declining_revenue_trend|declining_cash_flow_trend|rising_borrowings_trend|margin_drop,"Interest coverage is below 1, suggesting operating earnings may not comfortably cover finance costs. | Operating cash flow is negative despite positive revenue. | Net profit margin is negative.","ML probability 0.752 against threshold 0.400. 7 rule-based red flag(s) were triggered. Key reasons: Interest coverage is below 1, suggesting operating earnings may not comfortably cover finance costs.; Operating cash flow is negative despite positive revenue.; Net profit margin is negative.",This score estimates how closely the company's financial pattern resembles historical wilful defaulter cases in the training dataset.,0.0
Kingfisher Airlines,L85110KA1995PLC018045,hist_gradient_boosting,tier1a_v1,2013,2013,0.752101653501824,0.39999999999999986,1,High,7,weak_interest_coverage|negative_operating_cash_flow|negative_profit_margin|declining_revenue_trend|declining_cash_flow_trend|rising_borrowings_trend|margin_drop,"Interest coverage is below 1, suggesting operating earnings may not comfortably cover finance costs. | Operating cash flow is negative despite positive revenue. | Net profit margin is negative.","ML probability 0.752 against threshold 0.400. 7 rule-based red flag(s) were triggered. Key reasons: Interest coverage is below 1, suggesting operating earnings may not comfortably cover finance costs.; Operating cash flow is negative despite positive revenue.; Net profit margin is negative.",This score estimates how closely the company's financial pattern resembles historical wilful defaulter cases in the training dataset.,0.0
Kwality Ltd,L74899DL1992PLC255519,hist_gradient_boosting,tier1a_v1,2017,2015,0.7521822211842707,0.39999999999999986,1,High,1,rising_borrowings_trend,Borrowings trend over the available years is increasing.,ML probability 0.752 against threshold 0.400. 1 rule-based red flag(s) were triggered. Key reasons: Borrowings trend over the available years is increasing.,This score estimates how closely the company's financial pattern resembles historical wilful defaulter cases in the training dataset.,0.0
Kwality Ltd,L74899DL1992PLC255519,hist_gradient_boosting,tier1a_v1,2017,2016,0.7521299540116476,0.39999999999999986,1,High,1,rising_borrowings_trend,Borrowings trend over the available years is increasing.,ML probability 0.752 against threshold 0.400. 1 rule-based red flag(s) were triggered. Key reasons: Borrowings trend over the available years is increasing.,This score estimates how closely the company's financial pattern resembles historical wilful defaulter cases in the training dataset.,0.0
Kwality Ltd,L74899DL1992PLC255519,hist_gradient_boosting,tier1a_v1,2017,2017,0.7521232990944967,0.39999999999999986,1,High,1,rising_borrowings_trend,Borrowings trend over the available years is increasing.,ML probability 0.752 against threshold 0.400. 1 rule-based red flag(s) were triggered. Key reasons: Borrowings trend over the available years is increasing.,This score estimates how closely the company's financial pattern resembles historical wilful defaulter cases in the training dataset.,0.0
Lanco Infratech Ltd,L45200TG1993PLC015545,hist_gradient_boosting,tier1a_v1,2016,2014,0.7489296768519548,0.39999999999999986,1,High,6,weak_interest_coverage|excessive_leverage|negative_operating_cash_flow|negative_profit_margin|declining_cash_flow_trend|rising_borrowings_trend,"Interest coverage is below 1, suggesting operating earnings may not comfortably cover finance costs. | Debt-to-equity is above 2, indicating elevated leverage. | Operating cash flow is negative despite positive revenue.","ML probability 0.749 against threshold 0.400. 6 rule-based red flag(s) were triggered. Key reasons: Interest coverage is below 1, suggesting operating earnings may not comfortably cover finance costs.; Debt-to-equity is above 2, indicating elevated leverage.; Operating cash flow is negative despite positive revenue.",This score estimates how closely the company's financial pattern resembles historical wilful defaulter cases in the training dataset.,0.0
Lanco Infratech Ltd,L45200TG1993PLC015545,hist_gradient_boosting,tier1a_v1,2016,2015,0.7491260480239489,0.39999999999999986,1,High,7,weak_interest_coverage|excessive_leverage|negative_profit_margin|declining_cash_flow_trend|rising_borrowings_trend|leverage_spike|margin_drop,"Interest coverage is below 1, suggesting operating earnings may not comfortably cover finance costs. | Debt-to-equity is above 2, indicating elevated leverage. | Net profit margin is negative.","ML probability 0.749 against threshold 0.400. 7 rule-based red flag(s) were triggered. Key reasons: Interest coverage is below 1, suggesting operating earnings may not comfortably cover finance costs.; Debt-to-equity is above 2, indicating elevated leverage.; Net profit margin is negative.",This score estimates how closely the company's financial pattern resembles historical wilful defaulter cases in the training dataset.,0.0
Lanco Infratech Ltd,L45200TG1993PLC015545,hist_gradient_boosting,tier1a_v1,2016,2016,0.7508002786645837,0.39999999999999986,1,High,7,weak_interest_coverage|excessive_leverage|negative_operating_cash_flow|negative_profit_margin|declining_cash_flow_trend|rising_borrowings_trend|leverage_spike,"Interest coverage is below 1, suggesting operating earnings may not comfortably cover finance costs. | Debt-to-equity is above 2, indicating elevated leverage. | Operating cash flow is negative despite positive revenue.","ML probability 0.751 against threshold 0.400. 7 rule-based red flag(s) were triggered. Key reasons: Interest coverage is below 1, suggesting operating earnings may not comfortably cover finance costs.; Debt-to-equity is above 2, indicating elevated leverage.; Operating cash flow is negative despite positive revenue.",This score estimates how closely the company's financial pattern resembles historical wilful defaulter cases in the training dataset.,0.0
Mawana Sugars Ltd,L15421DL2002PLC118184,hist_gradient_boosting,tier1a_v1,2023,2021,0.7435443708135501,0.39999999999999986,1,High,3,large_contingent_liabilities|declining_cash_flow_trend|rising_borrowings_trend,Contingent liabilities exceed 50% of net worth. | Operating cash flow trend over the available years is negative. | Borrowings trend over the available years is increasing.,ML probability 0.744 against threshold 0.400. 3 rule-based red flag(s) were triggered. Key reasons: Contingent liabilities exceed 50% of net worth.; Operating cash flow trend over the available years is negative.; Borrowings trend over the available years is increasing.,This score estimates how closely the company's financial pattern resembles historical wilful defaulter cases in the training dataset.,0.0
Mawana Sugars Ltd,L15421DL2002PLC118184,hist_gradient_boosting,tier1a_v1,2023,2022,0.7485021942873452,0.39999999999999986,1,High,5,negative_operating_cash_flow|large_contingent_liabilities|declining_cash_flow_trend|rising_borrowings_trend|leverage_spike,Operating cash flow is negative despite positive revenue. | Contingent liabilities exceed 50% of net worth. | Operating cash flow trend over the available years is negative.,ML probability 0.749 against threshold 0.400. 5 rule-based red flag(s) were triggered. Key reasons: Operating cash flow is negative despite positive revenue.; Contingent liabilities exceed 50% of net worth.; Operating cash flow trend over the available years is negative.,This score estimates how closely the company's financial pattern resembles historical wilful defaulter cases in the training dataset.,0.0
Mawana Sugars Ltd,L15421DL2002PLC118184,hist_gradient_boosting,tier1a_v1,2023,2023,0.7503857270457372,0.39999999999999986,1,High,3,large_contingent_liabilities|declining_cash_flow_trend|rising_borrowings_trend,Contingent liabilities exceed 50% of net worth. | Operating cash flow trend over the available years is negative. | Borrowings trend over the available years is increasing.,ML probability 0.750 against threshold 0.400. 3 rule-based red flag(s) were triggered. Key reasons: Contingent liabilities exceed 50% of net worth.; Operating cash flow trend over the available years is negative.; Borrowings trend over the available years is increasing.,This score estimates how closely the company's financial pattern resembles historical wilful defaulter cases in the training dataset.,0.0
Metalyst Forgings,L28910MH1977PLC019569,hist_gradient_boosting,tier1a_v1,2016,2014,0.7490476878417126,0.39999999999999986,1,High,4,excessive_leverage|declining_revenue_trend|declining_cash_flow_trend|rising_borrowings_trend,"Debt-to-equity is above 2, indicating elevated leverage. | Revenue trend over the available years is negative. | Operating cash flow trend over the available years is negative.","ML probability 0.749 against threshold 0.400. 4 rule-based red flag(s) were triggered. Key reasons: Debt-to-equity is above 2, indicating elevated leverage.; Revenue trend over the available years is negative.; Operating cash flow trend over the available years is negative.",This score estimates how closely the company's financial pattern resembles historical wilful defaulter cases in the training dataset.,0.0
Metalyst Forgings,L28910MH1977PLC019569,hist_gradient_boosting,tier1a_v1,2016,2015,0.749754434900633,0.39999999999999986,1,High,8,weak_interest_coverage|excessive_leverage|negative_profit_margin|declining_revenue_trend|declining_cash_flow_trend|rising_borrowings_trend|leverage_spike|margin_drop,"Interest coverage is below 1, suggesting operating earnings may not comfortably cover finance costs. | Debt-to-equity is above 2, indicating elevated leverage. | Net profit margin is negative.","ML probability 0.750 against threshold 0.400. 8 rule-based red flag(s) were triggered. Key reasons: Interest coverage is below 1, suggesting operating earnings may not comfortably cover finance costs.; Debt-to-equity is above 2, indicating elevated leverage.; Net profit margin is negative.",This score estimates how closely the company's financial pattern resembles historical wilful defaulter cases in the training dataset.,0.0
Metalyst Forgings,L28910MH1977PLC019569,hist_gradient_boosting,tier1a_v1,2016,2016,0.7521466429126548,0.39999999999999986,1,High,8,weak_interest_coverage|excessive_leverage|negative_profit_margin|declining_revenue_trend|declining_cash_flow_trend|rising_borrowings_trend|leverage_spike|margin_drop,"Interest coverage is below 1, suggesting operating earnings may not comfortably cover finance costs. | Debt-to-equity is above 2, indicating elevated leverage. | Net profit margin is negative.","ML probability 0.752 against threshold 0.400. 8 rule-based red flag(s) were triggered. Key reasons: Interest coverage is below 1, suggesting operating earnings may not comfortably cover finance costs.; Debt-to-equity is above 2, indicating elevated leverage.; Net profit margin is negative.",This score estimates how closely the company's financial pattern resembles historical wilful defaulter cases in the training dataset.,0.0
Nakoda Limited,L17111GJ1984PLC045995,hist_gradient_boosting,tier1a_v1,2020,2018,0.6770718162347321,0.39999999999999986,1,High,3,excessive_leverage|negative_operating_cash_flow|declining_revenue_trend,"Debt-to-equity is above 2, indicating elevated leverage. | Operating cash flow is negative despite positive revenue. | Revenue trend over the available years is negative.","ML probability 0.677 against threshold 0.400. 3 rule-based red flag(s) were triggered. Key reasons: Debt-to-equity is above 2, indicating elevated leverage.; Operating cash flow is negative despite positive revenue.; Revenue trend over the available years is negative.",This score estimates how closely the company's financial pattern resembles historical wilful defaulter cases in the training dataset.,0.0
Nakoda Limited,L17111GJ1984PLC045995,hist_gradient_boosting,tier1a_v1,2020,2019,0.7048247047678884,0.39999999999999986,1,High,1,declining_revenue_trend,Revenue trend over the available years is negative.,ML probability 0.705 against threshold 0.400. 1 rule-based red flag(s) were triggered. Key reasons: Revenue trend over the available years is negative.,This score estimates how closely the company's financial pattern resembles historical wilful defaulter cases in the training dataset.,0.0
Nakoda Limited,L17111GJ1984PLC045995,hist_gradient_boosting,tier1a_v1,2020,2020,0.5915866967621422,0.39999999999999986,1,High,1,declining_revenue_trend,Revenue trend over the available years is negative.,ML probability 0.592 against threshold 0.400. 1 rule-based red flag(s) were triggered. Key reasons: Revenue trend over the available years is negative.,This score estimates how closely the company's financial pattern resembles historical wilful defaulter cases in the training dataset.,0.0
PC Jeweller Ltd,L36911DL2005PLC134929,hist_gradient_boosting,tier1a_v1,2022,2020,0.7501948817226248,0.39999999999999986,1,High,4,qualified_audit_signal|declining_revenue_trend|declining_cash_flow_trend|rising_borrowings_trend,"A qualified, adverse, or disclaimer audit opinion was detected. | Revenue trend over the available years is negative. | Operating cash flow trend over the available years is negative.","ML probability 0.750 against threshold 0.400. 4 rule-based red flag(s) were triggered. Key reasons: A qualified, adverse, or disclaimer audit opinion was detected.; Revenue trend over the available years is negative.; Operating cash flow trend over the available years is negative.",This score estimates how closely the company's financial pattern resembles historical wilful defaulter cases in the training dataset.,0.0
PC Jeweller Ltd,L36911DL2005PLC134929,hist_gradient_boosting,tier1a_v1,2022,2021,0.7503170337412821,0.39999999999999986,1,High,4,qualified_audit_signal|declining_revenue_trend|declining_cash_flow_trend|rising_borrowings_trend,"A qualified, adverse, or disclaimer audit opinion was detected. | Revenue trend over the available years is negative. | Operating cash flow trend over the available years is negative.","ML probability 0.750 against threshold 0.400. 4 rule-based red flag(s) were triggered. Key reasons: A qualified, adverse, or disclaimer audit opinion was detected.; Revenue trend over the available years is negative.; Operating cash flow trend over the available years is negative.",This score estimates how closely the company's financial pattern resembles historical wilful defaulter cases in the training dataset.,0.0
PC Jeweller Ltd,L36911DL2005PLC134929,hist_gradient_boosting,tier1a_v1,2022,2022,0.7468487342600512,0.39999999999999986,1,High,9,weak_interest_coverage|negative_operating_cash_flow|negative_profit_margin|qualified_audit_signal|declining_revenue_trend|declining_cash_flow_trend|rising_borrowings_trend|leverage_spike|margin_drop,"Interest coverage is below 1, suggesting operating earnings may not comfortably cover finance costs. | Operating cash flow is negative despite positive revenue. | Net profit margin is negative.","ML probability 0.747 against threshold 0.400. 9 rule-based red flag(s) were triggered. Key reasons: Interest coverage is below 1, suggesting operating earnings may not comfortably cover finance costs.; Operating cash flow is negative despite positive revenue.; Net profit margin is negative.",This score estimates how closely the company's financial pattern resembles historical wilful defaulter cases in the training dataset.,0.0
PSL Limited,L67120DD1987PLC002395,hist_gradient_boosting,tier1a_v1,2018,2016,0.7456644417488087,0.39999999999999986,1,High,1,declining_revenue_trend,Revenue trend over the available years is negative.,ML probability 0.746 against threshold 0.400. 1 rule-based red flag(s) were triggered. Key reasons: Revenue trend over the available years is negative.,This score estimates how closely the company's financial pattern resembles historical wilful defaulter cases in the training dataset.,0.0
PSL Limited,L67120DD1987PLC002395,hist_gradient_boosting,tier1a_v1,2018,2017,0.7426808480843586,0.39999999999999986,1,High,1,declining_revenue_trend,Revenue trend over the available years is negative.,ML probability 0.743 against threshold 0.400. 1 rule-based red flag(s) were triggered. Key reasons: Revenue trend over the available years is negative.,This score estimates how closely the company's financial pattern resembles historical wilful defaulter cases in the training dataset.,0.0
PSL Limited,L67120DD1987PLC002395,hist_gradient_boosting,tier1a_v1,2018,2018,0.7415840419406127,0.39999999999999986,1,High,1,declining_revenue_trend,Revenue trend over the available years is negative.,ML probability 0.742 against threshold 0.400. 1 rule-based red flag(s) were triggered. Key reasons: Revenue trend over the available years is negative.,This score estimates how closely the company's financial pattern resembles historical wilful defaulter cases in the training dataset.,0.0
Parekh Aluminex,L27203MH1994PLC080732,hist_gradient_boosting,tier1a_v1,2012,2010,0.7472936181753292,0.39999999999999986,1,High,2,declining_cash_flow_trend|rising_borrowings_trend,Operating cash flow trend over the available years is negative. | Borrowings trend over the available years is increasing.,ML probability 0.747 against threshold 0.400. 2 rule-based red flag(s) were triggered. Key reasons: Operating cash flow trend over the available years is negative.; Borrowings trend over the available years is increasing.,This score estimates how closely the company's financial pattern resembles historical wilful defaulter cases in the training dataset.,0.0
Parekh Aluminex,L27203MH1994PLC080732,hist_gradient_boosting,tier1a_v1,2012,2011,0.7499539419652814,0.39999999999999986,1,High,3,negative_operating_cash_flow|declining_cash_flow_trend|rising_borrowings_trend,Operating cash flow is negative despite positive revenue. | Operating cash flow trend over the available years is negative. | Borrowings trend over the available years is increasing.,ML probability 0.750 against threshold 0.400. 3 rule-based red flag(s) were triggered. Key reasons: Operating cash flow is negative despite positive revenue.; Operating cash flow trend over the available years is negative.; Borrowings trend over the available years is increasing.,This score estimates how closely the company's financial pattern resembles historical wilful defaulter cases in the training dataset.,0.0
Parekh Aluminex,L27203MH1994PLC080732,hist_gradient_boosting,tier1a_v1,2012,2012,0.7514224362316939,0.39999999999999986,1,High,5,excessive_leverage|negative_operating_cash_flow|declining_cash_flow_trend|rising_borrowings_trend|leverage_spike,"Debt-to-equity is above 2, indicating elevated leverage. | Operating cash flow is negative despite positive revenue. | Operating cash flow trend over the available years is negative.","ML probability 0.751 against threshold 0.400. 5 rule-based red flag(s) were triggered. Key reasons: Debt-to-equity is above 2, indicating elevated leverage.; Operating cash flow is negative despite positive revenue.; Operating cash flow trend over the available years is negative.",This score estimates how closely the company's financial pattern resembles historical wilful defaulter cases in the training dataset.,0.0
Pratibha Industries,L45200MH1995PLC090760,hist_gradient_boosting,tier1a_v1,2017,2015,0.7467169994068463,0.39999999999999986,1,High,5,excessive_leverage|negative_operating_cash_flow|declining_revenue_trend|declining_cash_flow_trend|rising_borrowings_trend,"Debt-to-equity is above 2, indicating elevated leverage. | Operating cash flow is negative despite positive revenue. | Revenue trend over the available years is negative.","ML probability 0.747 against threshold 0.400. 5 rule-based red flag(s) were triggered. Key reasons: Debt-to-equity is above 2, indicating elevated leverage.; Operating cash flow is negative despite positive revenue.; Revenue trend over the available years is negative.",This score estimates how closely the company's financial pattern resembles historical wilful defaulter cases in the training dataset.,0.0
Pratibha Industries,L45200MH1995PLC090760,hist_gradient_boosting,tier1a_v1,2017,2016,0.7517204608626575,0.39999999999999986,1,High,6,excessive_leverage|negative_operating_cash_flow|declining_revenue_trend|declining_cash_flow_trend|rising_borrowings_trend|leverage_spike,"Debt-to-equity is above 2, indicating elevated leverage. | Operating cash flow is negative despite positive revenue. | Revenue trend over the available years is negative.","ML probability 0.752 against threshold 0.400. 6 rule-based red flag(s) were triggered. Key reasons: Debt-to-equity is above 2, indicating elevated leverage.; Operating cash flow is negative despite positive revenue.; Revenue trend over the available years is negative.",This score estimates how closely the company's financial pattern resembles historical wilful defaulter cases in the training dataset.,0.0
Pratibha Industries,L45200MH1995PLC090760,hist_gradient_boosting,tier1a_v1,2017,2017,0.7521096697389213,0.39999999999999986,1,High,9,weak_interest_coverage|excessive_leverage|negative_operating_cash_flow|negative_profit_margin|declining_revenue_trend|declining_cash_flow_trend|rising_borrowings_trend|leverage_spike|margin_drop,"Interest coverage is below 1, suggesting operating earnings may not comfortably cover finance costs. | Debt-to-equity is above 2, indicating elevated leverage. | Operating cash flow is negative despite positive revenue.","ML probability 0.752 against threshold 0.400. 9 rule-based red flag(s) were triggered. Key reasons: Interest coverage is below 1, suggesting operating earnings may not comfortably cover finance costs.; Debt-to-equity is above 2, indicating elevated leverage.; Operating cash flow is negative despite positive revenue.",This score estimates how closely the company's financial pattern resembles historical wilful defaulter cases in the training dataset.,0.0
Punj Lloyd Ltd,L74899DL1988PLC033314,hist_gradient_boosting,tier1a_v1,2018,2016,0.7517815779787792,0.39999999999999986,1,High,4,weak_interest_coverage|excessive_leverage|negative_operating_cash_flow|negative_profit_margin,"Interest coverage is below 1, suggesting operating earnings may not comfortably cover finance costs. | Debt-to-equity is above 2, indicating elevated leverage. | Operating cash flow is negative despite positive revenue.","ML probability 0.752 against threshold 0.400. 4 rule-based red flag(s) were triggered. Key reasons: Interest coverage is below 1, suggesting operating earnings may not comfortably cover finance costs.; Debt-to-equity is above 2, indicating elevated leverage.; Operating cash flow is negative despite positive revenue.",This score estimates how closely the company's financial pattern resembles historical wilful defaulter cases in the training dataset.,0.0
Punj Lloyd Ltd,L74899DL1988PLC033314,hist_gradient_boosting,tier1a_v1,2018,2017,0.7521581345311967,0.39999999999999986,1,High,4,weak_interest_coverage|excessive_leverage|negative_profit_margin|leverage_spike,"Interest coverage is below 1, suggesting operating earnings may not comfortably cover finance costs. | Debt-to-equity is above 2, indicating elevated leverage. | Net profit margin is negative.","ML probability 0.752 against threshold 0.400. 4 rule-based red flag(s) were triggered. Key reasons: Interest coverage is below 1, suggesting operating earnings may not comfortably cover finance costs.; Debt-to-equity is above 2, indicating elevated leverage.; Net profit margin is negative.",This score estimates how closely the company's financial pattern resembles historical wilful defaulter cases in the training dataset.,0.0
Punj Lloyd Ltd,L74899DL1988PLC033314,hist_gradient_boosting,tier1a_v1,2018,2018,0.7516728324478775,0.39999999999999986,1,High,1,weak_interest_coverage,"Interest coverage is below 1, suggesting operating earnings may not comfortably cover finance costs.","ML probability 0.752 against threshold 0.400. 1 rule-based red flag(s) were triggered. Key reasons: Interest coverage is below 1, suggesting operating earnings may not comfortably cover finance costs.",This score estimates how closely the company's financial pattern resembles historical wilful defaulter cases in the training dataset.,0.0
REI Agro,L14200WB1994PLC104573,hist_gradient_boosting,tier1a_v1,2016,2014,0.7521856455236166,0.39999999999999986,1,High,6,weak_interest_coverage|excessive_leverage|negative_profit_margin|declining_revenue_trend|declining_cash_flow_trend|rising_borrowings_trend,"Interest coverage is below 1, suggesting operating earnings may not comfortably cover finance costs. | Debt-to-equity is above 2, indicating elevated leverage. | Net profit margin is negative.","ML probability 0.752 against threshold 0.400. 6 rule-based red flag(s) were triggered. Key reasons: Interest coverage is below 1, suggesting operating earnings may not comfortably cover finance costs.; Debt-to-equity is above 2, indicating elevated leverage.; Net profit margin is negative.",This score estimates how closely the company's financial pattern resembles historical wilful defaulter cases in the training dataset.,0.0
REI Agro,L14200WB1994PLC104573,hist_gradient_boosting,tier1a_v1,2016,2015,0.7522041308313266,0.39999999999999986,1,High,7,weak_interest_coverage|negative_operating_cash_flow|negative_profit_margin|declining_revenue_trend|declining_cash_flow_trend|rising_borrowings_trend|margin_drop,"Interest coverage is below 1, suggesting operating earnings may not comfortably cover finance costs. | Operating cash flow is negative despite positive revenue. | Net profit margin is negative.","ML probability 0.752 against threshold 0.400. 7 rule-based red flag(s) were triggered. Key reasons: Interest coverage is below 1, suggesting operating earnings may not comfortably cover finance costs.; Operating cash flow is negative despite positive revenue.; Net profit margin is negative.",This score estimates how closely the company's financial pattern resembles historical wilful defaulter cases in the training dataset.,0.0
REI Agro,L14200WB1994PLC104573,hist_gradient_boosting,tier1a_v1,2016,2016,0.7522032631265149,0.39999999999999986,1,High,5,weak_interest_coverage|negative_profit_margin|declining_revenue_trend|declining_cash_flow_trend|rising_borrowings_trend,"Interest coverage is below 1, suggesting operating earnings may not comfortably cover finance costs. | Net profit margin is negative. | Revenue trend over the available years is negative.","ML probability 0.752 against threshold 0.400. 5 rule-based red flag(s) were triggered. Key reasons: Interest coverage is below 1, suggesting operating earnings may not comfortably cover finance costs.; Net profit margin is negative.; Revenue trend over the available years is negative.",This score estimates how closely the company's financial pattern resembles historical wilful defaulter cases in the training dataset.,0.0
Shree Ganesh Jewellery House,L36911WB2002PLC095086,hist_gradient_boosting,tier1a_v1,2015,2013,0.7454297180021809,0.39999999999999986,1,High,4,large_contingent_liabilities|declining_revenue_trend|declining_cash_flow_trend|rising_borrowings_trend,Contingent liabilities exceed 50% of net worth. | Revenue trend over the available years is negative. | Operating cash flow trend over the available years is negative.,ML probability 0.745 against threshold 0.400. 4 rule-based red flag(s) were triggered. Key reasons: Contingent liabilities exceed 50% of net worth.; Revenue trend over the available years is negative.; Operating cash flow trend over the available years is negative.,This score estimates how closely the company's financial pattern resembles historical wilful defaulter cases in the training dataset.,0.0
Shree Ganesh Jewellery House,L36911WB2002PLC095086,hist_gradient_boosting,tier1a_v1,2015,2014,0.7508196100917939,0.39999999999999986,1,High,11,weak_interest_coverage|excessive_leverage|weak_liquidity|negative_operating_cash_flow|negative_profit_margin|large_contingent_liabilities|declining_revenue_trend|declining_cash_flow_trend|rising_borrowings_trend|leverage_spike|margin_drop,"Interest coverage is below 1, suggesting operating earnings may not comfortably cover finance costs. | Debt-to-equity is above 2, indicating elevated leverage. | Current ratio is below 1, indicating a short-term liquidity deficit.","ML probability 0.751 against threshold 0.400. 11 rule-based red flag(s) were triggered. Key reasons: Interest coverage is below 1, suggesting operating earnings may not comfortably cover finance costs.; Debt-to-equity is above 2, indicating elevated leverage.; Current ratio is below 1, indicating a short-term liquidity deficit.",This score estimates how closely the company's financial pattern resembles historical wilful defaulter cases in the training dataset.,0.0
Shree Ganesh Jewellery House,L36911WB2002PLC095086,hist_gradient_boosting,tier1a_v1,2015,2015,0.7516098933589692,0.39999999999999986,1,High,11,weak_interest_coverage|excessive_leverage|weak_liquidity|negative_operating_cash_flow|negative_profit_margin|large_contingent_liabilities|declining_revenue_trend|declining_cash_flow_trend|rising_borrowings_trend|leverage_spike|margin_drop,"Interest coverage is below 1, suggesting operating earnings may not comfortably cover finance costs. | Debt-to-equity is above 2, indicating elevated leverage. | Current ratio is below 1, indicating a short-term liquidity deficit.","ML probability 0.752 against threshold 0.400. 11 rule-based red flag(s) were triggered. Key reasons: Interest coverage is below 1, suggesting operating earnings may not comfortably cover finance costs.; Debt-to-equity is above 2, indicating elevated leverage.; Current ratio is below 1, indicating a short-term liquidity deficit.",This score estimates how closely the company's financial pattern resembles historical wilful defaulter cases in the training dataset.,0.0
Shree Renuka Sugars Limited,L01542KA1995PLC019046,hist_gradient_boosting,tier1a_v1,2022,2020,0.7512838586262327,0.39999999999999986,1,High,4,weak_interest_coverage|negative_profit_margin|declining_cash_flow_trend|rising_borrowings_trend,"Interest coverage is below 1, suggesting operating earnings may not comfortably cover finance costs. | Net profit margin is negative. | Operating cash flow trend over the available years is negative.","ML probability 0.751 against threshold 0.400. 4 rule-based red flag(s) were triggered. Key reasons: Interest coverage is below 1, suggesting operating earnings may not comfortably cover finance costs.; Net profit margin is negative.; Operating cash flow trend over the available years is negative.",This score estimates how closely the company's financial pattern resembles historical wilful defaulter cases in the training dataset.,0.0
Shree Renuka Sugars Limited,L01542KA1995PLC019046,hist_gradient_boosting,tier1a_v1,2022,2021,0.7521883096655559,0.39999999999999986,1,High,4,excessive_leverage|negative_operating_cash_flow|declining_cash_flow_trend|rising_borrowings_trend,"Debt-to-equity is above 2, indicating elevated leverage. | Operating cash flow is negative despite positive revenue. | Operating cash flow trend over the available years is negative.","ML probability 0.752 against threshold 0.400. 4 rule-based red flag(s) were triggered. Key reasons: Debt-to-equity is above 2, indicating elevated leverage.; Operating cash flow is negative despite positive revenue.; Operating cash flow trend over the available years is negative.",This score estimates how closely the company's financial pattern resembles historical wilful defaulter cases in the training dataset.,0.0
Shree Renuka Sugars Limited,L01542KA1995PLC019046,hist_gradient_boosting,tier1a_v1,2022,2022,0.7521865858974145,0.39999999999999986,1,High,3,excessive_leverage|declining_cash_flow_trend|rising_borrowings_trend,"Debt-to-equity is above 2, indicating elevated leverage. | Operating cash flow trend over the available years is negative. | Borrowings trend over the available years is increasing.","ML probability 0.752 against threshold 0.400. 3 rule-based red flag(s) were triggered. Key reasons: Debt-to-equity is above 2, indicating elevated leverage.; Operating cash flow trend over the available years is negative.; Borrowings trend over the available years is increasing.",This score estimates how closely the company's financial pattern resembles historical wilful defaulter cases in the training dataset.,0.0
Shri Lakshmi Cotsyn,L17122UP1988PLC009985,hist_gradient_boosting,tier1a_v1,2017,2015,0.7507971218067255,0.39999999999999986,1,High,4,weak_interest_coverage|negative_operating_cash_flow|negative_profit_margin|declining_revenue_trend,"Interest coverage is below 1, suggesting operating earnings may not comfortably cover finance costs. | Operating cash flow is negative despite positive revenue. | Net profit margin is negative.","ML probability 0.751 against threshold 0.400. 4 rule-based red flag(s) were triggered. Key reasons: Interest coverage is below 1, suggesting operating earnings may not comfortably cover finance costs.; Operating cash flow is negative despite positive revenue.; Net profit margin is negative.",This score estimates how closely the company's financial pattern resembles historical wilful defaulter cases in the training dataset.,0.0
Shri Lakshmi Cotsyn,L17122UP1988PLC009985,hist_gradient_boosting,tier1a_v1,2017,2016,0.7515320398916184,0.39999999999999986,1,High,3,weak_interest_coverage|negative_profit_margin|declining_revenue_trend,"Interest coverage is below 1, suggesting operating earnings may not comfortably cover finance costs. | Net profit margin is negative. | Revenue trend over the available years is negative.","ML probability 0.752 against threshold 0.400. 3 rule-based red flag(s) were triggered. Key reasons: Interest coverage is below 1, suggesting operating earnings may not comfortably cover finance costs.; Net profit margin is negative.; Revenue trend over the available years is negative.",This score estimates how closely the company's financial pattern resembles historical wilful defaulter cases in the training dataset.,0.0
Shri Lakshmi Cotsyn,L17122UP1988PLC009985,hist_gradient_boosting,tier1a_v1,2017,2017,0.7515713492114257,0.39999999999999986,1,High,4,weak_interest_coverage|negative_profit_margin|declining_revenue_trend|margin_drop,"Interest coverage is below 1, suggesting operating earnings may not comfortably cover finance costs. | Net profit margin is negative. | Revenue trend over the available years is negative.","ML probability 0.752 against threshold 0.400. 4 rule-based red flag(s) were triggered. Key reasons: Interest coverage is below 1, suggesting operating earnings may not comfortably cover finance costs.; Net profit margin is negative.; Revenue trend over the available years is negative.",This score estimates how closely the company's financial pattern resembles historical wilful defaulter cases in the training dataset.,0.0
Sical Logistics Ltd,L51909TN1955PLC002431,hist_gradient_boosting,tier1a_v1,2020,2018,0.7505001280155958,0.39999999999999986,1,High,1,declining_revenue_trend,Revenue trend over the available years is negative.,ML probability 0.751 against threshold 0.400. 1 rule-based red flag(s) were triggered. Key reasons: Revenue trend over the available years is negative.,This score estimates how closely the company's financial pattern resembles historical wilful defaulter cases in the training dataset.,0.0
Sical Logistics Ltd,L51909TN1955PLC002431,hist_gradient_boosting,tier1a_v1,2020,2019,0.7513976967234207,0.39999999999999986,1,High,2,negative_operating_cash_flow|declining_revenue_trend,Operating cash flow is negative despite positive revenue. | Revenue trend over the available years is negative.,ML probability 0.751 against threshold 0.400. 2 rule-based red flag(s) were triggered. Key reasons: Operating cash flow is negative despite positive revenue.; Revenue trend over the available years is negative.,This score estimates how closely the company's financial pattern resembles historical wilful defaulter cases in the training dataset.,0.0
Sical Logistics Ltd,L51909TN1955PLC002431,hist_gradient_boosting,tier1a_v1,2020,2020,0.7476806715389009,0.39999999999999986,1,High,4,weak_interest_coverage|negative_profit_margin|declining_revenue_trend|margin_drop,"Interest coverage is below 1, suggesting operating earnings may not comfortably cover finance costs. | Net profit margin is negative. | Revenue trend over the available years is negative.","ML probability 0.748 against threshold 0.400. 4 rule-based red flag(s) were triggered. Key reasons: Interest coverage is below 1, suggesting operating earnings may not comfortably cover finance costs.; Net profit margin is negative.; Revenue trend over the available years is negative.",This score estimates how closely the company's financial pattern resembles historical wilful defaulter cases in the training dataset.,0.0
Simbhaoli Sugars Ltd,L15122UP2011PLC044210,hist_gradient_boosting,tier1a_v1,2023,2021,0.7521301047733483,0.39999999999999986,1,High,4,weak_interest_coverage|negative_profit_margin|declining_revenue_trend|declining_cash_flow_trend,"Interest coverage is below 1, suggesting operating earnings may not comfortably cover finance costs. | Net profit margin is negative. | Revenue trend over the available years is negative.","ML probability 0.752 against threshold 0.400. 4 rule-based red flag(s) were triggered. Key reasons: Interest coverage is below 1, suggesting operating earnings may not comfortably cover finance costs.; Net profit margin is negative.; Revenue trend over the available years is negative.",This score estimates how closely the company's financial pattern resembles historical wilful defaulter cases in the training dataset.,0.0
Simbhaoli Sugars Ltd,L15122UP2011PLC044210,hist_gradient_boosting,tier1a_v1,2023,2022,0.7521931709241024,0.39999999999999986,1,High,4,weak_interest_coverage|negative_profit_margin|declining_revenue_trend|declining_cash_flow_trend,"Interest coverage is below 1, suggesting operating earnings may not comfortably cover finance costs. | Net profit margin is negative. | Revenue trend over the available years is negative.","ML probability 0.752 against threshold 0.400. 4 rule-based red flag(s) were triggered. Key reasons: Interest coverage is below 1, suggesting operating earnings may not comfortably cover finance costs.; Net profit margin is negative.; Revenue trend over the available years is negative.",This score estimates how closely the company's financial pattern resembles historical wilful defaulter cases in the training dataset.,0.0
Simbhaoli Sugars Ltd,L15122UP2011PLC044210,hist_gradient_boosting,tier1a_v1,2023,2023,0.7522079177745526,0.39999999999999986,1,High,4,weak_interest_coverage|negative_profit_margin|declining_revenue_trend|declining_cash_flow_trend,"Interest coverage is below 1, suggesting operating earnings may not comfortably cover finance costs. | Net profit margin is negative. | Revenue trend over the available years is negative.","ML probability 0.752 against threshold 0.400. 4 rule-based red flag(s) were triggered. Key reasons: Interest coverage is below 1, suggesting operating earnings may not comfortably cover finance costs.; Net profit margin is negative.; Revenue trend over the available years is negative.",This score estimates how closely the company's financial pattern resembles historical wilful defaulter cases in the training dataset.,0.0
SpiceJet Ltd,L51909DL1984PLC288239,hist_gradient_boosting,tier1a_v1,2023,2021,0.7414714620442999,0.39999999999999986,1,High,4,weak_interest_coverage|negative_profit_margin|declining_cash_flow_trend|rising_borrowings_trend,"Interest coverage is below 1, suggesting operating earnings may not comfortably cover finance costs. | Net profit margin is negative. | Operating cash flow trend over the available years is negative.","ML probability 0.741 against threshold 0.400. 4 rule-based red flag(s) were triggered. Key reasons: Interest coverage is below 1, suggesting operating earnings may not comfortably cover finance costs.; Net profit margin is negative.; Operating cash flow trend over the available years is negative.",This score estimates how closely the company's financial pattern resembles historical wilful defaulter cases in the training dataset.,0.0
SpiceJet Ltd,L51909DL1984PLC288239,hist_gradient_boosting,tier1a_v1,2023,2022,0.7513847738232738,0.39999999999999986,1,High,5,weak_interest_coverage|negative_profit_margin|declining_cash_flow_trend|rising_borrowings_trend|margin_drop,"Interest coverage is below 1, suggesting operating earnings may not comfortably cover finance costs. | Net profit margin is negative. | Operating cash flow trend over the available years is negative.","ML probability 0.751 against threshold 0.400. 5 rule-based red flag(s) were triggered. Key reasons: Interest coverage is below 1, suggesting operating earnings may not comfortably cover finance costs.; Net profit margin is negative.; Operating cash flow trend over the available years is negative.",This score estimates how closely the company's financial pattern resembles historical wilful defaulter cases in the training dataset.,0.0
SpiceJet Ltd,L51909DL1984PLC288239,hist_gradient_boosting,tier1a_v1,2023,2023,0.7519466913632762,0.39999999999999986,1,High,4,weak_interest_coverage|negative_profit_margin|declining_cash_flow_trend|rising_borrowings_trend,"Interest coverage is below 1, suggesting operating earnings may not comfortably cover finance costs. | Net profit margin is negative. | Operating cash flow trend over the available years is negative.","ML probability 0.752 against threshold 0.400. 4 rule-based red flag(s) were triggered. Key reasons: Interest coverage is below 1, suggesting operating earnings may not comfortably cover finance costs.; Net profit margin is negative.; Operating cash flow trend over the available years is negative.",This score estimates how closely the company's financial pattern resembles historical wilful defaulter cases in the training dataset.,0.0
Surya Pharmaceutical,L24232DL1992PLC227186,hist_gradient_boosting,tier1a_v1,2014,2012,0.7521590170595717,0.39999999999999986,1,High,8,weak_interest_coverage|excessive_leverage|weak_liquidity|negative_profit_margin|large_contingent_liabilities|declining_revenue_trend|declining_cash_flow_trend|rising_borrowings_trend,"Interest coverage is below 1, suggesting operating earnings may not comfortably cover finance costs. | Debt-to-equity is above 2, indicating elevated leverage. | Current ratio is below 1, indicating a short-term liquidity deficit.","ML probability 0.752 against threshold 0.400. 8 rule-based red flag(s) were triggered. Key reasons: Interest coverage is below 1, suggesting operating earnings may not comfortably cover finance costs.; Debt-to-equity is above 2, indicating elevated leverage.; Current ratio is below 1, indicating a short-term liquidity deficit.",This score estimates how closely the company's financial pattern resembles historical wilful defaulter cases in the training dataset.,0.0
Surya Pharmaceutical,L24232DL1992PLC227186,hist_gradient_boosting,tier1a_v1,2014,2013,0.752181129283589,0.39999999999999986,1,High,7,weak_interest_coverage|weak_liquidity|negative_profit_margin|declining_revenue_trend|declining_cash_flow_trend|rising_borrowings_trend|margin_drop,"Interest coverage is below 1, suggesting operating earnings may not comfortably cover finance costs. | Current ratio is below 1, indicating a short-term liquidity deficit. | Net profit margin is negative.","ML probability 0.752 against threshold 0.400. 7 rule-based red flag(s) were triggered. Key reasons: Interest coverage is below 1, suggesting operating earnings may not comfortably cover finance costs.; Current ratio is below 1, indicating a short-term liquidity deficit.; Net profit margin is negative.",This score estimates how closely the company's financial pattern resembles historical wilful defaulter cases in the training dataset.,0.0
Surya Pharmaceutical,L24232DL1992PLC227186,hist_gradient_boosting,tier1a_v1,2014,2014,0.7521260838627655,0.39999999999999986,1,High,7,weak_interest_coverage|weak_liquidity|negative_profit_margin|declining_revenue_trend|declining_cash_flow_trend|rising_borrowings_trend|margin_drop,"Interest coverage is below 1, suggesting operating earnings may not comfortably cover finance costs. | Current ratio is below 1, indicating a short-term liquidity deficit. | Net profit margin is negative.","ML probability 0.752 against threshold 0.400. 7 rule-based red flag(s) were triggered. Key reasons: Interest coverage is below 1, suggesting operating earnings may not comfortably cover finance costs.; Current ratio is below 1, indicating a short-term liquidity deficit.; Net profit margin is negative.",This score estimates how closely the company's financial pattern resembles historical wilful defaulter cases in the training dataset.,0.3333333333333333
Suzlon Energy Ltd,L40100GJ1995PLC025447,hist_gradient_boosting,tier1a_v1,2018,2016,0.7483342821116339,0.39999999999999986,1,High,3,excessive_leverage|declining_cash_flow_trend|rising_borrowings_trend,"Debt-to-equity is above 2, indicating elevated leverage. | Operating cash flow trend over the available years is negative. | Borrowings trend over the available years is increasing.","ML probability 0.748 against threshold 0.400. 3 rule-based red flag(s) were triggered. Key reasons: Debt-to-equity is above 2, indicating elevated leverage.; Operating cash flow trend over the available years is negative.; Borrowings trend over the available years is increasing.",This score estimates how closely the company's financial pattern resembles historical wilful defaulter cases in the training dataset.,0.0
Suzlon Energy Ltd,L40100GJ1995PLC025447,hist_gradient_boosting,tier1a_v1,2018,2017,0.7421037588974753,0.39999999999999986,1,High,3,excessive_leverage|declining_cash_flow_trend|rising_borrowings_trend,"Debt-to-equity is above 2, indicating elevated leverage. | Operating cash flow trend over the available years is negative. | Borrowings trend over the available years is increasing.","ML probability 0.742 against threshold 0.400. 3 rule-based red flag(s) were triggered. Key reasons: Debt-to-equity is above 2, indicating elevated leverage.; Operating cash flow trend over the available years is negative.; Borrowings trend over the available years is increasing.",This score estimates how closely the company's financial pattern resembles historical wilful defaulter cases in the training dataset.,0.0
Suzlon Energy Ltd,L40100GJ1995PLC025447,hist_gradient_boosting,tier1a_v1,2018,2018,0.7518585988565601,0.39999999999999986,1,High,8,weak_interest_coverage|excessive_leverage|negative_operating_cash_flow|negative_profit_margin|declining_cash_flow_trend|rising_borrowings_trend|leverage_spike|margin_drop,"Interest coverage is below 1, suggesting operating earnings may not comfortably cover finance costs. | Debt-to-equity is above 2, indicating elevated leverage. | Operating cash flow is negative despite positive revenue.","ML probability 0.752 against threshold 0.400. 8 rule-based red flag(s) were triggered. Key reasons: Interest coverage is below 1, suggesting operating earnings may not comfortably cover finance costs.; Debt-to-equity is above 2, indicating elevated leverage.; Operating cash flow is negative despite positive revenue.",This score estimates how closely the company's financial pattern resembles historical wilful defaulter cases in the training dataset.,0.0
Unity Infraprojects,L99999MH1997PLC107153,hist_gradient_boosting,tier1a_v1,2016,2014,0.7520989532655272,0.39999999999999986,1,High,4,excessive_leverage|negative_operating_cash_flow|declining_revenue_trend|rising_borrowings_trend,"Debt-to-equity is above 2, indicating elevated leverage. | Operating cash flow is negative despite positive revenue. | Revenue trend over the available years is negative.","ML probability 0.752 against threshold 0.400. 4 rule-based red flag(s) were triggered. Key reasons: Debt-to-equity is above 2, indicating elevated leverage.; Operating cash flow is negative despite positive revenue.; Revenue trend over the available years is negative.",This score estimates how closely the company's financial pattern resembles historical wilful defaulter cases in the training dataset.,0.0
Unity Infraprojects,L99999MH1997PLC107153,hist_gradient_boosting,tier1a_v1,2016,2015,0.7521688767077853,0.39999999999999986,1,High,8,weak_interest_coverage|excessive_leverage|negative_operating_cash_flow|negative_profit_margin|declining_revenue_trend|rising_borrowings_trend|leverage_spike|margin_drop,"Interest coverage is below 1, suggesting operating earnings may not comfortably cover finance costs. | Debt-to-equity is above 2, indicating elevated leverage. | Operating cash flow is negative despite positive revenue.","ML probability 0.752 against threshold 0.400. 8 rule-based red flag(s) were triggered. Key reasons: Interest coverage is below 1, suggesting operating earnings may not comfortably cover finance costs.; Debt-to-equity is above 2, indicating elevated leverage.; Operating cash flow is negative despite positive revenue.",This score estimates how closely the company's financial pattern resembles historical wilful defaulter cases in the training dataset.,0.0
Unity Infraprojects,L99999MH1997PLC107153,hist_gradient_boosting,tier1a_v1,2016,2016,0.7522010608479259,0.39999999999999986,1,High,8,weak_interest_coverage|excessive_leverage|negative_operating_cash_flow|negative_profit_margin|declining_revenue_trend|rising_borrowings_trend|leverage_spike|margin_drop,"Interest coverage is below 1, suggesting operating earnings may not comfortably cover finance costs. | Debt-to-equity is above 2, indicating elevated leverage. | Operating cash flow is negative despite positive revenue.","ML probability 0.752 against threshold 0.400. 8 rule-based red flag(s) were triggered. Key reasons: Interest coverage is below 1, suggesting operating earnings may not comfortably cover finance costs.; Debt-to-equity is above 2, indicating elevated leverage.; Operating cash flow is negative despite positive revenue.",This score estimates how closely the company's financial pattern resembles historical wilful defaulter cases in the training dataset.,0.0
Varun Industries,L28990MH1996PLC097945,hist_gradient_boosting,tier1a_v1,2013,2011,0.7470289501845446,0.39999999999999986,1,High,3,declining_revenue_trend|declining_cash_flow_trend|rising_borrowings_trend,Revenue trend over the available years is negative. | Operating cash flow trend over the available years is negative. | Borrowings trend over the available years is increasing.,ML probability 0.747 against threshold 0.400. 3 rule-based red flag(s) were triggered. Key reasons: Revenue trend over the available years is negative.; Operating cash flow trend over the available years is negative.; Borrowings trend over the available years is increasing.,This score estimates how closely the company's financial pattern resembles historical wilful defaulter cases in the training dataset.,0.0
Varun Industries,L28990MH1996PLC097945,hist_gradient_boosting,tier1a_v1,2013,2012,0.7510752600978196,0.39999999999999986,1,High,11,weak_interest_coverage|excessive_leverage|weak_liquidity|negative_operating_cash_flow|negative_profit_margin|large_contingent_liabilities|declining_revenue_trend|declining_cash_flow_trend|rising_borrowings_trend|leverage_spike|margin_drop,"Interest coverage is below 1, suggesting operating earnings may not comfortably cover finance costs. | Debt-to-equity is above 2, indicating elevated leverage. | Current ratio is below 1, indicating a short-term liquidity deficit.","ML probability 0.751 against threshold 0.400. 11 rule-based red flag(s) were triggered. Key reasons: Interest coverage is below 1, suggesting operating earnings may not comfortably cover finance costs.; Debt-to-equity is above 2, indicating elevated leverage.; Current ratio is below 1, indicating a short-term liquidity deficit.",This score estimates how closely the company's financial pattern resembles historical wilful defaulter cases in the training dataset.,0.0
Varun Industries,L28990MH1996PLC097945,hist_gradient_boosting,tier1a_v1,2013,2013,0.7518558644056091,0.39999999999999986,1,High,10,weak_interest_coverage|excessive_leverage|negative_operating_cash_flow|negative_profit_margin|large_contingent_liabilities|declining_revenue_trend|declining_cash_flow_trend|rising_borrowings_trend|leverage_spike|margin_drop,"Interest coverage is below 1, suggesting operating earnings may not comfortably cover finance costs. | Debt-to-equity is above 2, indicating elevated leverage. | Operating cash flow is negative despite positive revenue.","ML probability 0.752 against threshold 0.400. 10 rule-based red flag(s) were triggered. Key reasons: Interest coverage is below 1, suggesting operating earnings may not comfortably cover finance costs.; Debt-to-equity is above 2, indicating elevated leverage.; Operating cash flow is negative despite positive revenue.",This score estimates how closely the company's financial pattern resembles historical wilful defaulter cases in the training dataset.,0.0
Videocon Industries Ltd,L99999MH1986PLC103624,hist_gradient_boosting,tier1a_v1,2017,2015,0.725186433442609,0.39999999999999986,1,High,5,weak_interest_coverage|excessive_leverage|negative_profit_margin|declining_revenue_trend|declining_cash_flow_trend,"Interest coverage is below 1, suggesting operating earnings may not comfortably cover finance costs. | Debt-to-equity is above 2, indicating elevated leverage. | Net profit margin is negative.","ML probability 0.725 against threshold 0.400. 5 rule-based red flag(s) were triggered. Key reasons: Interest coverage is below 1, suggesting operating earnings may not comfortably cover finance costs.; Debt-to-equity is above 2, indicating elevated leverage.; Net profit margin is negative.",This score estimates how closely the company's financial pattern resembles historical wilful defaulter cases in the training dataset.,0.0
Videocon Industries Ltd,L99999MH1986PLC103624,hist_gradient_boosting,tier1a_v1,2017,2016,0.725186433442609,0.39999999999999986,1,High,4,excessive_leverage|negative_profit_margin|declining_revenue_trend|declining_cash_flow_trend,"Debt-to-equity is above 2, indicating elevated leverage. | Net profit margin is negative. | Revenue trend over the available years is negative.","ML probability 0.725 against threshold 0.400. 4 rule-based red flag(s) were triggered. Key reasons: Debt-to-equity is above 2, indicating elevated leverage.; Net profit margin is negative.; Revenue trend over the available years is negative.",This score estimates how closely the company's financial pattern resembles historical wilful defaulter cases in the training dataset.,0.0
Videocon Industries Ltd,L99999MH1986PLC103624,hist_gradient_boosting,tier1a_v1,2017,2017,0.7456699933056429,0.39999999999999986,1,High,6,weak_interest_coverage|excessive_leverage|negative_profit_margin|declining_revenue_trend|declining_cash_flow_trend|margin_drop,"Interest coverage is below 1, suggesting operating earnings may not comfortably cover finance costs. | Debt-to-equity is above 2, indicating elevated leverage. | Net profit margin is negative.","ML probability 0.746 against threshold 0.400. 6 rule-based red flag(s) were triggered. Key reasons: Interest coverage is below 1, suggesting operating earnings may not comfortably cover finance costs.; Debt-to-equity is above 2, indicating elevated leverage.; Net profit margin is negative.",This score estimates how closely the company's financial pattern resembles historical wilful defaulter cases in the training dataset.,0.0
Visa Steel Limited,L51109OR1996PLC004601,hist_gradient_boosting,tier1a_v1,2021,2019,0.7521970463513262,0.39999999999999986,1,High,6,weak_interest_coverage|excessive_leverage|negative_profit_margin|declining_revenue_trend|declining_cash_flow_trend|rising_borrowings_trend,"Interest coverage is below 1, suggesting operating earnings may not comfortably cover finance costs. | Debt-to-equity is above 2, indicating elevated leverage. | Net profit margin is negative.","ML probability 0.752 against threshold 0.400. 6 rule-based red flag(s) were triggered. Key reasons: Interest coverage is below 1, suggesting operating earnings may not comfortably cover finance costs.; Debt-to-equity is above 2, indicating elevated leverage.; Net profit margin is negative.",This score estimates how closely the company's financial pattern resembles historical wilful defaulter cases in the training dataset.,0.0
Visa Steel Limited,L51109OR1996PLC004601,hist_gradient_boosting,tier1a_v1,2021,2020,0.752195521821569,0.39999999999999986,1,High,8,weak_interest_coverage|excessive_leverage|negative_profit_margin|declining_revenue_trend|declining_cash_flow_trend|rising_borrowings_trend|leverage_spike|margin_drop,"Interest coverage is below 1, suggesting operating earnings may not comfortably cover finance costs. | Debt-to-equity is above 2, indicating elevated leverage. | Net profit margin is negative.","ML probability 0.752 against threshold 0.400. 8 rule-based red flag(s) were triggered. Key reasons: Interest coverage is below 1, suggesting operating earnings may not comfortably cover finance costs.; Debt-to-equity is above 2, indicating elevated leverage.; Net profit margin is negative.",This score estimates how closely the company's financial pattern resembles historical wilful defaulter cases in the training dataset.,0.0
Visa Steel Limited,L51109OR1996PLC004601,hist_gradient_boosting,tier1a_v1,2021,2021,0.7521908326812532,0.39999999999999986,1,High,6,weak_interest_coverage|negative_profit_margin|declining_revenue_trend|declining_cash_flow_trend|rising_borrowings_trend|margin_drop,"Interest coverage is below 1, suggesting operating earnings may not comfortably cover finance costs. | Net profit margin is negative. | Revenue trend over the available years is negative.","ML probability 0.752 against threshold 0.400. 6 rule-based red flag(s) were triggered. Key reasons: Interest coverage is below 1, suggesting operating earnings may not comfortably cover finance costs.; Net profit margin is negative.; Revenue trend over the available years is negative.",This score estimates how closely the company's financial pattern resembles historical wilful defaulter cases in the training dataset.,0.0
C Mahendra Exports Limited,L27205MH2007PLC166717,hist_gradient_boosting,tier1a_v1,2015,2013,0.7516140723049456,0.39999999999999986,1,High,3,declining_revenue_trend|declining_cash_flow_trend|rising_borrowings_trend,Revenue trend over the available years is negative. | Operating cash flow trend over the available years is negative. | Borrowings trend over the available years is increasing.,ML probability 0.752 against threshold 0.400. 3 rule-based red flag(s) were triggered. Key reasons: Revenue trend over the available years is negative.; Operating cash flow trend over the available years is negative.; Borrowings trend over the available years is increasing.,This score estimates how closely the company's financial pattern resembles historical wilful defaulter cases in the training dataset.,0.0
C Mahendra Exports Limited,L27205MH2007PLC166717,hist_gradient_boosting,tier1a_v1,2015,2014,0.7515758896831601,0.39999999999999986,1,High,3,declining_revenue_trend|declining_cash_flow_trend|rising_borrowings_trend,Revenue trend over the available years is negative. | Operating cash flow trend over the available years is negative. | Borrowings trend over the available years is increasing.,ML probability 0.752 against threshold 0.400. 3 rule-based red flag(s) were triggered. Key reasons: Revenue trend over the available years is negative.; Operating cash flow trend over the available years is negative.; Borrowings trend over the available years is increasing.,This score estimates how closely the company's financial pattern resembles historical wilful defaulter cases in the training dataset.,0.0
C Mahendra Exports Limited,L27205MH2007PLC166717,hist_gradient_boosting,tier1a_v1,2015,2015,0.7521617379376481,0.39999999999999986,1,High,9,weak_interest_coverage|excessive_leverage|negative_operating_cash_flow|negative_profit_margin|declining_revenue_trend|declining_cash_flow_trend|rising_borrowings_trend|leverage_spike|margin_drop,"Interest coverage is below 1, suggesting operating earnings may not comfortably cover finance costs. | Debt-to-equity is above 2, indicating elevated leverage. | Operating cash flow is negative despite positive revenue.","ML probability 0.752 against threshold 0.400. 9 rule-based red flag(s) were triggered. Key reasons: Interest coverage is below 1, suggesting operating earnings may not comfortably cover finance costs.; Debt-to-equity is above 2, indicating elevated leverage.; Operating cash flow is negative despite positive revenue.",This score estimates how closely the company's financial pattern resembles historical wilful defaulter cases in the training dataset.,0.0
ABB India Limited,L32202KA1949PLC032923,hist_gradient_boosting,tier1a_v1,2017,2015,0.329911747256726,0.39999999999999986,0,Medium,2,declining_revenue_trend|rising_borrowings_trend,Revenue trend over the available years is negative. | Borrowings trend over the available years is increasing.,ML probability 0.330 against threshold 0.400. 2 rule-based red flag(s) were triggered. Key reasons: Revenue trend over the available years is negative.; Borrowings trend over the available years is increasing.,This score estimates how closely the company's financial pattern resembles historical wilful defaulter cases in the training dataset.,0.0
ABB India Limited,L32202KA1949PLC032923,hist_gradient_boosting,tier1a_v1,2017,2016,0.32949370766572034,0.39999999999999986,0,Medium,2,declining_revenue_trend|rising_borrowings_trend,Revenue trend over the available years is negative. | Borrowings trend over the available years is increasing.,ML probability 0.329 against threshold 0.400. 2 rule-based red flag(s) were triggered. Key reasons: Revenue trend over the available years is negative.; Borrowings trend over the available years is increasing.,This score estimates how closely the company's financial pattern resembles historical wilful defaulter cases in the training dataset.,0.0
ABB India Limited,L32202KA1949PLC032923,hist_gradient_boosting,tier1a_v1,2017,2017,0.3296955500796574,0.39999999999999986,0,Medium,2,declining_revenue_trend|rising_borrowings_trend,Revenue trend over the available years is negative. | Borrowings trend over the available years is increasing.,ML probability 0.330 against threshold 0.400. 2 rule-based red flag(s) were triggered. Key reasons: Revenue trend over the available years is negative.; Borrowings trend over the available years is increasing.,This score estimates how closely the company's financial pattern resembles historical wilful defaulter cases in the training dataset.,0.0
Bajaj Finance Limited,L65910MH1987PLC042961,hist_gradient_boosting,tier1a_v1,2023,2021,0.3299189017989627,0.39999999999999986,0,High,3,excessive_leverage|declining_cash_flow_trend|rising_borrowings_trend,"Debt-to-equity is above 2, indicating elevated leverage. | Operating cash flow trend over the available years is negative. | Borrowings trend over the available years is increasing.","ML probability 0.330 against threshold 0.400. 3 rule-based red flag(s) were triggered. Key reasons: Debt-to-equity is above 2, indicating elevated leverage.; Operating cash flow trend over the available years is negative.; Borrowings trend over the available years is increasing.",This score estimates how closely the company's financial pattern resembles historical wilful defaulter cases in the training dataset.,0.0
Bajaj Finance Limited,L65910MH1987PLC042961,hist_gradient_boosting,tier1a_v1,2023,2022,0.3295410772263545,0.39999999999999986,0,High,4,excessive_leverage|negative_operating_cash_flow|declining_cash_flow_trend|rising_borrowings_trend,"Debt-to-equity is above 2, indicating elevated leverage. | Operating cash flow is negative despite positive revenue. | Operating cash flow trend over the available years is negative.","ML probability 0.330 against threshold 0.400. 4 rule-based red flag(s) were triggered. Key reasons: Debt-to-equity is above 2, indicating elevated leverage.; Operating cash flow is negative despite positive revenue.; Operating cash flow trend over the available years is negative.",This score estimates how closely the company's financial pattern resembles historical wilful defaulter cases in the training dataset.,0.0
Bajaj Finance Limited,L65910MH1987PLC042961,hist_gradient_boosting,tier1a_v1,2023,2023,0.32942743641955524,0.39999999999999986,0,High,4,excessive_leverage|negative_operating_cash_flow|declining_cash_flow_trend|rising_borrowings_trend,"Debt-to-equity is above 2, indicating elevated leverage. | Operating cash flow is negative despite positive revenue. | Operating cash flow trend over the available years is negative.","ML probability 0.329 against threshold 0.400. 4 rule-based red flag(s) were triggered. Key reasons: Debt-to-equity is above 2, indicating elevated leverage.; Operating cash flow is negative despite positive revenue.; Operating cash flow trend over the available years is negative.",This score estimates how closely the company's financial pattern resembles historical wilful defaulter cases in the training dataset.,0.0
Bharat Heavy Electricals Limited,L74899DL1964GOI004281,hist_gradient_boosting,tier1a_v1,2017,2015,0.3302384255496544,0.39999999999999986,0,Medium,3,declining_revenue_trend|declining_cash_flow_trend|rising_borrowings_trend,Revenue trend over the available years is negative. | Operating cash flow trend over the available years is negative. | Borrowings trend over the available years is increasing.,ML probability 0.330 against threshold 0.400. 3 rule-based red flag(s) were triggered. Key reasons: Revenue trend over the available years is negative.; Operating cash flow trend over the available years is negative.; Borrowings trend over the available years is increasing.,This score estimates how closely the company's financial pattern resembles historical wilful defaulter cases in the training dataset.,0.0
Bharat Heavy Electricals Limited,L74899DL1964GOI004281,hist_gradient_boosting,tier1a_v1,2017,2016,0.3294555466482025,0.39999999999999986,0,High,6,weak_interest_coverage|negative_profit_margin|declining_revenue_trend|declining_cash_flow_trend|rising_borrowings_trend|margin_drop,"Interest coverage is below 1, suggesting operating earnings may not comfortably cover finance costs. | Net profit margin is negative. | Revenue trend over the available years is negative.","ML probability 0.329 against threshold 0.400. 6 rule-based red flag(s) were triggered. Key reasons: Interest coverage is below 1, suggesting operating earnings may not comfortably cover finance costs.; Net profit margin is negative.; Revenue trend over the available years is negative.",This score estimates how closely the company's financial pattern resembles historical wilful defaulter cases in the training dataset.,0.0
Bharat Heavy Electricals Limited,L74899DL1964GOI004281,hist_gradient_boosting,tier1a_v1,2017,2017,0.3307575099563467,0.39999999999999986,0,Medium,3,declining_revenue_trend|declining_cash_flow_trend|rising_borrowings_trend,Revenue trend over the available years is negative. | Operating cash flow trend over the available years is negative. | Borrowings trend over the available years is increasing.,ML probability 0.331 against threshold 0.400. 3 rule-based red flag(s) were triggered. Key reasons: Revenue trend over the available years is negative.; Operating cash flow trend over the available years is negative.; Borrowings trend over the available years is increasing.,This score estimates how closely the company's financial pattern resembles historical wilful defaulter cases in the training dataset.,0.0
Blue Dart Express Limited,L66000MH1991PLC062329,hist_gradient_boosting,tier1a_v1,2020,2018,0.3292644970735183,0.39999999999999986,0,Medium,1,declining_cash_flow_trend,Operating cash flow trend over the available years is negative.,ML probability 0.329 against threshold 0.400. 1 rule-based red flag(s) were triggered. Key reasons: Operating cash flow trend over the available years is negative.,This score estimates how closely the company's financial pattern resembles historical wilful defaulter cases in the training dataset.,0.0
Blue Dart Express Limited,L66000MH1991PLC062329,hist_gradient_boosting,tier1a_v1,2020,2019,0.3289910889838469,0.39999999999999986,0,Medium,1,declining_cash_flow_trend,Operating cash flow trend over the available years is negative.,ML probability 0.329 against threshold 0.400. 1 rule-based red flag(s) were triggered. Key reasons: Operating cash flow trend over the available years is negative.,This score estimates how closely the company's financial pattern resembles historical wilful defaulter cases in the training dataset.,0.0
Blue Dart Express Limited,L66000MH1991PLC062329,hist_gradient_boosting,tier1a_v1,2020,2020,0.334990301037492,0.39999999999999986,0,High,4,weak_interest_coverage|weak_liquidity|negative_profit_margin|declining_cash_flow_trend,"Interest coverage is below 1, suggesting operating earnings may not comfortably cover finance costs. | Current ratio is below 1, indicating a short-term liquidity deficit. | Net profit margin is negative.","ML probability 0.335 against threshold 0.400. 4 rule-based red flag(s) were triggered. Key reasons: Interest coverage is below 1, suggesting operating earnings may not comfortably cover finance costs.; Current ratio is below 1, indicating a short-term liquidity deficit.; Net profit margin is negative.",This score estimates how closely the company's financial pattern resembles historical wilful defaulter cases in the training dataset.,0.0
Britannia Industries Limited,L15412WB1918PLC002964,hist_gradient_boosting,tier1a_v1,2018,2016,0.3283685732210893,0.39999999999999986,0,Medium,1,rising_borrowings_trend,Borrowings trend over the available years is increasing.,ML probability 0.328 against threshold 0.400. 1 rule-based red flag(s) were triggered. Key reasons: Borrowings trend over the available years is increasing.,This score estimates how closely the company's financial pattern resembles historical wilful defaulter cases in the training dataset.,0.0
Britannia Industries Limited,L15412WB1918PLC002964,hist_gradient_boosting,tier1a_v1,2018,2017,0.3283598717153235,0.39999999999999986,0,Medium,1,rising_borrowings_trend,Borrowings trend over the available years is increasing.,ML probability 0.328 against threshold 0.400. 1 rule-based red flag(s) were triggered. Key reasons: Borrowings trend over the available years is increasing.,This score estimates how closely the company's financial pattern resembles historical wilful defaulter cases in the training dataset.,0.0
Britannia Industries Limited,L15412WB1918PLC002964,hist_gradient_boosting,tier1a_v1,2018,2018,0.32838761910609704,0.39999999999999986,0,Medium,1,rising_borrowings_trend,Borrowings trend over the available years is increasing.,ML probability 0.328 against threshold 0.400. 1 rule-based red flag(s) were triggered. Key reasons: Borrowings trend over the available years is increasing.,This score estimates how closely the company's financial pattern resembles historical wilful defaulter cases in the training dataset.,0.0
Carborundum Universal Limited,L99999TN1954PLC000759,hist_gradient_boosting,tier1a_v1,2017,2015,0.3299118146805894,0.39999999999999986,0,Medium,0,,,ML probability 0.330 against threshold 0.400. No explicit rule-based red flags were triggered.,This score estimates how closely the company's financial pattern resembles historical wilful defaulter cases in the training dataset.,0.0
Carborundum Universal Limited,L99999TN1954PLC000759,hist_gradient_boosting,tier1a_v1,2017,2016,0.3296846994278284,0.39999999999999986,0,Medium,0,,,ML probability 0.330 against threshold 0.400. No explicit rule-based red flags were triggered.,This score estimates how closely the company's financial pattern resembles historical wilful defaulter cases in the training dataset.,0.0
Carborundum Universal Limited,L99999TN1954PLC000759,hist_gradient_boosting,tier1a_v1,2017,2017,0.330919400685388,0.39999999999999986,0,Medium,0,,,ML probability 0.331 against threshold 0.400. No explicit rule-based red flags were triggered.,This score estimates how closely the company's financial pattern resembles historical wilful defaulter cases in the training dataset.,0.0
Coal India Limited,L23109WB1973GOI028844,hist_gradient_boosting,tier1a_v1,2017,2015,0.33025961975156454,0.39999999999999986,0,High,3,large_contingent_liabilities|declining_revenue_trend|declining_cash_flow_trend,Contingent liabilities exceed 50% of net worth. | Revenue trend over the available years is negative. | Operating cash flow trend over the available years is negative.,ML probability 0.330 against threshold 0.400. 3 rule-based red flag(s) were triggered. Key reasons: Contingent liabilities exceed 50% of net worth.; Revenue trend over the available years is negative.; Operating cash flow trend over the available years is negative.,This score estimates how closely the company's financial pattern resembles historical wilful defaulter cases in the training dataset.,0.0
Coal India Limited,L23109WB1973GOI028844,hist_gradient_boosting,tier1a_v1,2017,2016,0.32900830005025417,0.39999999999999986,0,High,4,weak_interest_coverage|negative_operating_cash_flow|declining_revenue_trend|declining_cash_flow_trend,"Interest coverage is below 1, suggesting operating earnings may not comfortably cover finance costs. | Operating cash flow is negative despite positive revenue. | Revenue trend over the available years is negative.","ML probability 0.329 against threshold 0.400. 4 rule-based red flag(s) were triggered. Key reasons: Interest coverage is below 1, suggesting operating earnings may not comfortably cover finance costs.; Operating cash flow is negative despite positive revenue.; Revenue trend over the available years is negative.",This score estimates how closely the company's financial pattern resembles historical wilful defaulter cases in the training dataset.,0.0
Coal India Limited,L23109WB1973GOI028844,hist_gradient_boosting,tier1a_v1,2017,2017,0.3411862119950515,0.39999999999999986,0,High,5,weak_interest_coverage|negative_operating_cash_flow|declining_revenue_trend|declining_cash_flow_trend|margin_drop,"Interest coverage is below 1, suggesting operating earnings may not comfortably cover finance costs. | Operating cash flow is negative despite positive revenue. | Revenue trend over the available years is negative.","ML probability 0.341 against threshold 0.400. 5 rule-based red flag(s) were triggered. Key reasons: Interest coverage is below 1, suggesting operating earnings may not comfortably cover finance costs.; Operating cash flow is negative despite positive revenue.; Revenue trend over the available years is negative.",This score estimates how closely the company's financial pattern resembles historical wilful defaulter cases in the training dataset.,0.0
Cochin Shipyard Limited,L63032KL1972GOI002414,hist_gradient_boosting,tier1a_v1,2016,2014,0.32912133852231773,0.39999999999999986,0,High,2,negative_operating_cash_flow|qualified_audit_signal,"Operating cash flow is negative despite positive revenue. | A qualified, adverse, or disclaimer audit opinion was detected.","ML probability 0.329 against threshold 0.400. 2 rule-based red flag(s) were triggered. Key reasons: Operating cash flow is negative despite positive revenue.; A qualified, adverse, or disclaimer audit opinion was detected.",This score estimates how closely the company's financial pattern resembles historical wilful defaulter cases in the training dataset.,0.0
Cochin Shipyard Limited,L63032KL1972GOI002414,hist_gradient_boosting,tier1a_v1,2016,2015,0.33836279196666574,0.39999999999999986,0,High,2,qualified_audit_signal|margin_drop,"A qualified, adverse, or disclaimer audit opinion was detected. | Net profit margin deteriorated materially year over year.","ML probability 0.338 against threshold 0.400. 2 rule-based red flag(s) were triggered. Key reasons: A qualified, adverse, or disclaimer audit opinion was detected.; Net profit margin deteriorated materially year over year.",This score estimates how closely the company's financial pattern resembles historical wilful defaulter cases in the training dataset.,0.0
Cochin Shipyard Limited,L63032KL1972GOI002414,hist_gradient_boosting,tier1a_v1,2016,2016,0.3301288405142029,0.39999999999999986,0,Medium,0,,,ML probability 0.330 against threshold 0.400. No explicit rule-based red flags were triggered.,This score estimates how closely the company's financial pattern resembles historical wilful defaulter cases in the training dataset.,0.0
DLF Limited,L70101DL1963PLC004462,hist_gradient_boosting,tier1a_v1,2018,2016,0.3292224950761255,0.39999999999999986,0,High,3,large_contingent_liabilities|declining_revenue_trend|declining_cash_flow_trend,Contingent liabilities exceed 50% of net worth. | Revenue trend over the available years is negative. | Operating cash flow trend over the available years is negative.,ML probability 0.329 against threshold 0.400. 3 rule-based red flag(s) were triggered. Key reasons: Contingent liabilities exceed 50% of net worth.; Revenue trend over the available years is negative.; Operating cash flow trend over the available years is negative.,This score estimates how closely the company's financial pattern resembles historical wilful defaulter cases in the training dataset.,0.0
DLF Limited,L70101DL1963PLC004462,hist_gradient_boosting,tier1a_v1,2018,2017,0.33142246957374627,0.39999999999999986,0,High,5,negative_operating_cash_flow|large_contingent_liabilities|declining_revenue_trend|declining_cash_flow_trend|margin_drop,Operating cash flow is negative despite positive revenue. | Contingent liabilities exceed 50% of net worth. | Revenue trend over the available years is negative.,ML probability 0.331 against threshold 0.400. 5 rule-based red flag(s) were triggered. Key reasons: Operating cash flow is negative despite positive revenue.; Contingent liabilities exceed 50% of net worth.; Revenue trend over the available years is negative.,This score estimates how closely the company's financial pattern resembles historical wilful defaulter cases in the training dataset.,0.0
DLF Limited,L70101DL1963PLC004462,hist_gradient_boosting,tier1a_v1,2018,2018,0.3362587335233788,0.39999999999999986,0,Medium,2,declining_revenue_trend|declining_cash_flow_trend,Revenue trend over the available years is negative. | Operating cash flow trend over the available years is negative.,ML probability 0.336 against threshold 0.400. 2 rule-based red flag(s) were triggered. Key reasons: Revenue trend over the available years is negative.; Operating cash flow trend over the available years is negative.,This score estimates how closely the company's financial pattern resembles historical wilful defaulter cases in the training dataset.,0.0
Dabur India Limited,L24230UP1975PLC003919,hist_gradient_boosting,tier1a_v1,2018,2016,0.3290196856794779,0.39999999999999986,0,Medium,2,declining_cash_flow_trend|rising_borrowings_trend,Operating cash flow trend over the available years is negative. | Borrowings trend over the available years is increasing.,ML probability 0.329 against threshold 0.400. 2 rule-based red flag(s) were triggered. Key reasons: Operating cash flow trend over the available years is negative.; Borrowings trend over the available years is increasing.,This score estimates how closely the company's financial pattern resembles historical wilful defaulter cases in the training dataset.,0.0
Dabur India Limited,L24230UP1975PLC003919,hist_gradient_boosting,tier1a_v1,2018,2017,0.3295560847078241,0.39999999999999986,0,Medium,2,declining_cash_flow_trend|rising_borrowings_trend,Operating cash flow trend over the available years is negative. | Borrowings trend over the available years is increasing.,ML probability 0.330 against threshold 0.400. 2 rule-based red flag(s) were triggered. Key reasons: Operating cash flow trend over the available years is negative.; Borrowings trend over the available years is increasing.,This score estimates how closely the company's financial pattern resembles historical wilful defaulter cases in the training dataset.,0.0
Dabur India Limited,L24230UP1975PLC003919,hist_gradient_boosting,tier1a_v1,2018,2018,0.33063044504333783,0.39999999999999986,0,Medium,2,declining_cash_flow_trend|rising_borrowings_trend,Operating cash flow trend over the available years is negative. | Borrowings trend over the available years is increasing.,ML probability 0.331 against threshold 0.400. 2 rule-based red flag(s) were triggered. Key reasons: Operating cash flow trend over the available years is negative.; Borrowings trend over the available years is increasing.,This score estimates how closely the company's financial pattern resembles historical wilful defaulter cases in the training dataset.,0.0
Dilip Buildcon Limited,L45201MP1987PLC003821,hist_gradient_boosting,tier1a_v1,2016,2014,0.34341478041104173,0.39999999999999986,0,Medium,1,rising_borrowings_trend,Borrowings trend over the available years is increasing.,ML probability 0.343 against threshold 0.400. 1 rule-based red flag(s) were triggered. Key reasons: Borrowings trend over the available years is increasing.,This score estimates how closely the company's financial pattern resembles historical wilful defaulter cases in the training dataset.,0.0
Dilip Buildcon Limited,L45201MP1987PLC003821,hist_gradient_boosting,tier1a_v1,2016,2015,0.5067042238055638,0.39999999999999986,1,High,3,excessive_leverage|rising_borrowings_trend|leverage_spike,"Debt-to-equity is above 2, indicating elevated leverage. | Borrowings trend over the available years is increasing. | Debt-to-equity increased materially year over year.","ML probability 0.507 against threshold 0.400. 3 rule-based red flag(s) were triggered. Key reasons: Debt-to-equity is above 2, indicating elevated leverage.; Borrowings trend over the available years is increasing.; Debt-to-equity increased materially year over year.",This score estimates how closely the company's financial pattern resembles historical wilful defaulter cases in the training dataset.,0.0
Dilip Buildcon Limited,L45201MP1987PLC003821,hist_gradient_boosting,tier1a_v1,2016,2016,0.37542210605723053,0.39999999999999986,0,High,2,excessive_leverage|rising_borrowings_trend,"Debt-to-equity is above 2, indicating elevated leverage. | Borrowings trend over the available years is increasing.","ML probability 0.375 against threshold 0.400. 2 rule-based red flag(s) were triggered. Key reasons: Debt-to-equity is above 2, indicating elevated leverage.; Borrowings trend over the available years is increasing.",This score estimates how closely the company's financial pattern resembles historical wilful defaulter cases in the training dataset.,0.0
Grasim Industries Limited,L17124MP1947PLC000410,hist_gradient_boosting,tier1a_v1,2017,2015,0.33114987944800794,0.39999999999999986,0,Medium,0,,,ML probability 0.331 against threshold 0.400. No explicit rule-based red flags were triggered.,This score estimates how closely the company's financial pattern resembles historical wilful defaulter cases in the training dataset.,0.0
Grasim Industries Limited,L17124MP1947PLC000410,hist_gradient_boosting,tier1a_v1,2017,2016,0.3288064568439849,0.39999999999999986,0,Medium,0,,,ML probability 0.329 against threshold 0.400. No explicit rule-based red flags were triggered.,This score estimates how closely the company's financial pattern resembles historical wilful defaulter cases in the training dataset.,0.0
Grasim Industries Limited,L17124MP1947PLC000410,hist_gradient_boosting,tier1a_v1,2017,2017,0.3283302473917165,0.39999999999999986,0,Medium,0,,,ML probability 0.328 against threshold 0.400. No explicit rule-based red flags were triggered.,This score estimates how closely the company's financial pattern resembles historical wilful defaulter cases in the training dataset.,0.0
HT Media Limited,L22121DL2002PLC117874,hist_gradient_boosting,tier1a_v1,2016,2014,0.328591557624883,0.39999999999999986,0,Medium,2,declining_cash_flow_trend|rising_borrowings_trend,Operating cash flow trend over the available years is negative. | Borrowings trend over the available years is increasing.,ML probability 0.329 against threshold 0.400. 2 rule-based red flag(s) were triggered. Key reasons: Operating cash flow trend over the available years is negative.; Borrowings trend over the available years is increasing.,This score estimates how closely the company's financial pattern resembles historical wilful defaulter cases in the training dataset.,0.0
HT Media Limited,L22121DL2002PLC117874,hist_gradient_boosting,tier1a_v1,2016,2015,0.3323019948693874,0.39999999999999986,0,High,3,weak_liquidity|declining_cash_flow_trend|rising_borrowings_trend,"Current ratio is below 1, indicating a short-term liquidity deficit. | Operating cash flow trend over the available years is negative. | Borrowings trend over the available years is increasing.","ML probability 0.332 against threshold 0.400. 3 rule-based red flag(s) were triggered. Key reasons: Current ratio is below 1, indicating a short-term liquidity deficit.; Operating cash flow trend over the available years is negative.; Borrowings trend over the available years is increasing.",This score estimates how closely the company's financial pattern resembles historical wilful defaulter cases in the training dataset.,0.0
HT Media Limited,L22121DL2002PLC117874,hist_gradient_boosting,tier1a_v1,2016,2016,0.3315573894127576,0.39999999999999986,0,High,4,weak_liquidity|declining_cash_flow_trend|rising_borrowings_trend|leverage_spike,"Current ratio is below 1, indicating a short-term liquidity deficit. | Operating cash flow trend over the available years is negative. | Borrowings trend over the available years is increasing.","ML probability 0.332 against threshold 0.400. 4 rule-based red flag(s) were triggered. Key reasons: Current ratio is below 1, indicating a short-term liquidity deficit.; Operating cash flow trend over the available years is negative.; Borrowings trend over the available years is increasing.",This score estimates how closely the company's financial pattern resembles historical wilful defaulter cases in the training dataset.,0.0
Hindustan Unilever Limited,L15140MH1933PLC002030,hist_gradient_boosting,tier1a_v1,2018,2016,0.3282765687700091,0.39999999999999986,0,Medium,0,,,ML probability 0.328 against threshold 0.400. No explicit rule-based red flags were triggered.,This score estimates how closely the company's financial pattern resembles historical wilful defaulter cases in the training dataset.,0.0
Hindustan Unilever Limited,L15140MH1933PLC002030,hist_gradient_boosting,tier1a_v1,2018,2017,0.32827903714446405,0.39999999999999986,0,Medium,0,,,ML probability 0.328 against threshold 0.400. No explicit rule-based red flags were triggered.,This score estimates how closely the company's financial pattern resembles historical wilful defaulter cases in the training dataset.,0.0
Hindustan Unilever Limited,L15140MH1933PLC002030,hist_gradient_boosting,tier1a_v1,2018,2018,0.3282544308516982,0.39999999999999986,0,Medium,0,,,ML probability 0.328 against threshold 0.400. No explicit rule-based red flags were triggered.,This score estimates how closely the company's financial pattern resembles historical wilful defaulter cases in the training dataset.,0.0
IRB Infrastructure Developers Limited,L65910MH1998PLC115967,hist_gradient_boosting,tier1a_v1,2016,2014,0.32949565659506497,0.39999999999999986,0,High,2,large_contingent_liabilities|rising_borrowings_trend,Contingent liabilities exceed 50% of net worth. | Borrowings trend over the available years is increasing.,ML probability 0.329 against threshold 0.400. 2 rule-based red flag(s) were triggered. Key reasons: Contingent liabilities exceed 50% of net worth.; Borrowings trend over the available years is increasing.,This score estimates how closely the company's financial pattern resembles historical wilful defaulter cases in the training dataset.,0.0
IRB Infrastructure Developers Limited,L65910MH1998PLC115967,hist_gradient_boosting,tier1a_v1,2016,2015,0.33294397774941914,0.39999999999999986,0,High,4,weak_liquidity|large_contingent_liabilities|rising_borrowings_trend|margin_drop,"Current ratio is below 1, indicating a short-term liquidity deficit. | Contingent liabilities exceed 50% of net worth. | Borrowings trend over the available years is increasing.","ML probability 0.333 against threshold 0.400. 4 rule-based red flag(s) were triggered. Key reasons: Current ratio is below 1, indicating a short-term liquidity deficit.; Contingent liabilities exceed 50% of net worth.; Borrowings trend over the available years is increasing.",This score estimates how closely the company's financial pattern resembles historical wilful defaulter cases in the training dataset.,0.0
IRB Infrastructure Developers Limited,L65910MH1998PLC115967,hist_gradient_boosting,tier1a_v1,2016,2016,0.3318030601359347,0.39999999999999986,0,High,3,weak_liquidity|large_contingent_liabilities|rising_borrowings_trend,"Current ratio is below 1, indicating a short-term liquidity deficit. | Contingent liabilities exceed 50% of net worth. | Borrowings trend over the available years is increasing.","ML probability 0.332 against threshold 0.400. 3 rule-based red flag(s) were triggered. Key reasons: Current ratio is below 1, indicating a short-term liquidity deficit.; Contingent liabilities exceed 50% of net worth.; Borrowings trend over the available years is increasing.",This score estimates how closely the company's financial pattern resembles historical wilful defaulter cases in the training dataset.,0.0
ITC Limited,L16005WB1910PLC001985,hist_gradient_boosting,tier1a_v1,2018,2016,0.3282851811288201,0.39999999999999986,0,Medium,0,,,ML probability 0.328 against threshold 0.400. No explicit rule-based red flags were triggered.,This score estimates how closely the company's financial pattern resembles historical wilful defaulter cases in the training dataset.,0.0
ITC Limited,L16005WB1910PLC001985,hist_gradient_boosting,tier1a_v1,2018,2017,0.3282603032602067,0.39999999999999986,0,Medium,0,,,ML probability 0.328 against threshold 0.400. No explicit rule-based red flags were triggered.,This score estimates how closely the company's financial pattern resembles historical wilful defaulter cases in the training dataset.,0.0
ITC Limited,L16005WB1910PLC001985,hist_gradient_boosting,tier1a_v1,2018,2018,0.3282734511143963,0.39999999999999986,0,Medium,0,,,ML probability 0.328 against threshold 0.400. No explicit rule-based red flags were triggered.,This score estimates how closely the company's financial pattern resembles historical wilful defaulter cases in the training dataset.,0.0
Infosys Limited,L85110KA1981PLC013115,hist_gradient_boosting,tier1a_v1,2017,2015,0.32822846921068227,0.39999999999999986,0,Medium,0,,,ML probability 0.328 against threshold 0.400. No explicit rule-based red flags were triggered.,This score estimates how closely the company's financial pattern resembles historical wilful defaulter cases in the training dataset.,0.0
Infosys Limited,L85110KA1981PLC013115,hist_gradient_boosting,tier1a_v1,2017,2016,0.32824086810317693,0.39999999999999986,0,Medium,0,,,ML probability 0.328 against threshold 0.400. No explicit rule-based red flags were triggered.,This score estimates how closely the company's financial pattern resembles historical wilful defaulter cases in the training dataset.,0.0
Infosys Limited,L85110KA1981PLC013115,hist_gradient_boosting,tier1a_v1,2017,2017,0.32824845742656455,0.39999999999999986,0,Medium,0,,,ML probability 0.328 against threshold 0.400. No explicit rule-based red flags were triggered.,This score estimates how closely the company's financial pattern resembles historical wilful defaulter cases in the training dataset.,0.0
InterGlobe Aviation Limited,L62100DL2004PLC129768,hist_gradient_boosting,tier1a_v1,2018,2016,0.32832640658401885,0.39999999999999986,0,Medium,0,,,ML probability 0.328 against threshold 0.400. No explicit rule-based red flags were triggered.,This score estimates how closely the company's financial pattern resembles historical wilful defaulter cases in the training dataset.,0.0
InterGlobe Aviation Limited,L62100DL2004PLC129768,hist_gradient_boosting,tier1a_v1,2018,2017,0.3283063529683017,0.39999999999999986,0,Medium,0,,,ML probability 0.328 against threshold 0.400. No explicit rule-based red flags were triggered.,This score estimates how closely the company's financial pattern resembles historical wilful defaulter cases in the training dataset.,0.0
InterGlobe Aviation Limited,L62100DL2004PLC129768,hist_gradient_boosting,tier1a_v1,2018,2018,0.32821436199751464,0.39999999999999986,0,Medium,0,,,ML probability 0.328 against threshold 0.400. No explicit rule-based red flags were triggered.,This score estimates how closely the company's financial pattern resembles historical wilful defaulter cases in the training dataset.,0.0
JSW Steel Limited,L27102MH1994PLC152925,hist_gradient_boosting,tier1a_v1,2016,2014,0.3286715579249696,0.39999999999999986,0,Medium,2,declining_revenue_trend|rising_borrowings_trend,Revenue trend over the available years is negative. | Borrowings trend over the available years is increasing.,ML probability 0.329 against threshold 0.400. 2 rule-based red flag(s) were triggered. Key reasons: Revenue trend over the available years is negative.; Borrowings trend over the available years is increasing.,This score estimates how closely the company's financial pattern resembles historical wilful defaulter cases in the training dataset.,0.0
JSW Steel Limited,L27102MH1994PLC152925,hist_gradient_boosting,tier1a_v1,2016,2015,0.3285563962911816,0.39999999999999986,0,Medium,2,declining_revenue_trend|rising_borrowings_trend,Revenue trend over the available years is negative. | Borrowings trend over the available years is increasing.,ML probability 0.329 against threshold 0.400. 2 rule-based red flag(s) were triggered. Key reasons: Revenue trend over the available years is negative.; Borrowings trend over the available years is increasing.,This score estimates how closely the company's financial pattern resembles historical wilful defaulter cases in the training dataset.,0.0
JSW Steel Limited,L27102MH1994PLC152925,hist_gradient_boosting,tier1a_v1,2016,2016,0.3674250415359169,0.39999999999999986,0,High,6,weak_interest_coverage|negative_profit_margin|declining_revenue_trend|rising_borrowings_trend|leverage_spike|margin_drop,"Interest coverage is below 1, suggesting operating earnings may not comfortably cover finance costs. | Net profit margin is negative. | Revenue trend over the available years is negative.","ML probability 0.367 against threshold 0.400. 6 rule-based red flag(s) were triggered. Key reasons: Interest coverage is below 1, suggesting operating earnings may not comfortably cover finance costs.; Net profit margin is negative.; Revenue trend over the available years is negative.",This score estimates how closely the company's financial pattern resembles historical wilful defaulter cases in the training dataset.,0.0
KEC International Limited,L45200MH2005PLC152061,hist_gradient_boosting,tier1a_v1,2016,2014,0.49384825191632353,0.39999999999999986,1,High,3,negative_operating_cash_flow|declining_cash_flow_trend|rising_borrowings_trend,Operating cash flow is negative despite positive revenue. | Operating cash flow trend over the available years is negative. | Borrowings trend over the available years is increasing.,ML probability 0.494 against threshold 0.400. 3 rule-based red flag(s) were triggered. Key reasons: Operating cash flow is negative despite positive revenue.; Operating cash flow trend over the available years is negative.; Borrowings trend over the available years is increasing.,This score estimates how closely the company's financial pattern resembles historical wilful defaulter cases in the training dataset.,0.0
KEC International Limited,L45200MH2005PLC152061,hist_gradient_boosting,tier1a_v1,2016,2015,0.5173178775670301,0.39999999999999986,1,High,3,large_contingent_liabilities|declining_cash_flow_trend|rising_borrowings_trend,Contingent liabilities exceed 50% of net worth. | Operating cash flow trend over the available years is negative. | Borrowings trend over the available years is increasing.,ML probability 0.517 against threshold 0.400. 3 rule-based red flag(s) were triggered. Key reasons: Contingent liabilities exceed 50% of net worth.; Operating cash flow trend over the available years is negative.; Borrowings trend over the available years is increasing.,This score estimates how closely the company's financial pattern resembles historical wilful defaulter cases in the training dataset.,0.0
KEC International Limited,L45200MH2005PLC152061,hist_gradient_boosting,tier1a_v1,2016,2016,0.39635190804891657,0.39999999999999986,0,High,5,negative_operating_cash_flow|large_contingent_liabilities|declining_cash_flow_trend|rising_borrowings_trend|leverage_spike,Operating cash flow is negative despite positive revenue. | Contingent liabilities exceed 50% of net worth. | Operating cash flow trend over the available years is negative.,ML probability 0.396 against threshold 0.400. 5 rule-based red flag(s) were triggered. Key reasons: Operating cash flow is negative despite positive revenue.; Contingent liabilities exceed 50% of net worth.; Operating cash flow trend over the available years is negative.,This score estimates how closely the company's financial pattern resembles historical wilful defaulter cases in the training dataset.,0.0
Kalpataru Projects International Limited,L45203GJ1981PLC103919,hist_gradient_boosting,tier1a_v1,2016,2014,0.5521457045008813,0.39999999999999986,1,High,0,,,ML probability 0.552 against threshold 0.400. No explicit rule-based red flags were triggered.,This score estimates how closely the company's financial pattern resembles historical wilful defaulter cases in the training dataset.,0.0
Kalpataru Projects International Limited,L45203GJ1981PLC103919,hist_gradient_boosting,tier1a_v1,2016,2015,0.5073519013922663,0.39999999999999986,1,High,0,,,ML probability 0.507 against threshold 0.400. No explicit rule-based red flags were triggered.,This score estimates how closely the company's financial pattern resembles historical wilful defaulter cases in the training dataset.,0.0
Kalpataru Projects International Limited,L45203GJ1981PLC103919,hist_gradient_boosting,tier1a_v1,2016,2016,0.38959104241286807,0.39999999999999986,0,Medium,0,,,ML probability 0.390 against threshold 0.400. No explicit rule-based red flags were triggered.,This score estimates how closely the company's financial pattern resembles historical wilful defaulter cases in the training dataset.,0.0
Kalyan Jewellers India Limited,L36911KL2009PLC024641,hist_gradient_boosting,tier1a_v1,2018,2016,0.3522905430413339,0.39999999999999986,0,Medium,0,,,ML probability 0.352 against threshold 0.400. No explicit rule-based red flags were triggered.,This score estimates how closely the company's financial pattern resembles historical wilful defaulter cases in the training dataset.,0.3333333333333333
Kalyan Jewellers India Limited,L36911KL2009PLC024641,hist_gradient_boosting,tier1a_v1,2018,2017,0.32976916127724965,0.39999999999999986,0,Medium,0,,,ML probability 0.330 against threshold 0.400. No explicit rule-based red flags were triggered.,This score estimates how closely the company's financial pattern resembles historical wilful defaulter cases in the training dataset.,0.3333333333333333
Kalyan Jewellers India Limited,L36911KL2009PLC024641,hist_gradient_boosting,tier1a_v1,2018,2018,0.33343505165686305,0.39999999999999986,0,Medium,0,,,ML probability 0.333 against threshold 0.400. No explicit rule-based red flags were triggered.,This score estimates how closely the company's financial pattern resembles historical wilful defaulter cases in the training dataset.,0.0
Larsen & Toubro Limited,L99999MH1946PLC004768,hist_gradient_boosting,tier1a_v1,2016,2014,0.32830559762672634,0.39999999999999986,0,Medium,1,rising_borrowings_trend,Borrowings trend over the available years is increasing.,ML probability 0.328 against threshold 0.400. 1 rule-based red flag(s) were triggered. Key reasons: Borrowings trend over the available years is increasing.,This score estimates how closely the company's financial pattern resembles historical wilful defaulter cases in the training dataset.,0.0
Larsen & Toubro Limited,L99999MH1946PLC004768,hist_gradient_boosting,tier1a_v1,2016,2015,0.32826417145718073,0.39999999999999986,0,High,2,large_contingent_liabilities|rising_borrowings_trend,Contingent liabilities exceed 50% of net worth. | Borrowings trend over the available years is increasing.,ML probability 0.328 against threshold 0.400. 2 rule-based red flag(s) were triggered. Key reasons: Contingent liabilities exceed 50% of net worth.; Borrowings trend over the available years is increasing.,This score estimates how closely the company's financial pattern resembles historical wilful defaulter cases in the training dataset.,0.0
Larsen & Toubro Limited,L99999MH1946PLC004768,hist_gradient_boosting,tier1a_v1,2016,2016,0.3283497054986444,0.39999999999999986,0,Medium,1,rising_borrowings_trend,Borrowings trend over the available years is increasing.,ML probability 0.328 against threshold 0.400. 1 rule-based red flag(s) were triggered. Key reasons: Borrowings trend over the available years is increasing.,This score estimates how closely the company's financial pattern resembles historical wilful defaulter cases in the training dataset.,0.0
Lemon Tree Hotels Limited,L74899DL1992PLC049022,hist_gradient_boosting,tier1a_v1,2018,2016,0.3337832016762678,0.39999999999999986,0,High,2,weak_interest_coverage|negative_profit_margin,"Interest coverage is below 1, suggesting operating earnings may not comfortably cover finance costs. | Net profit margin is negative.","ML probability 0.334 against threshold 0.400. 2 rule-based red flag(s) were triggered. Key reasons: Interest coverage is below 1, suggesting operating earnings may not comfortably cover finance costs.; Net profit margin is negative.",This score estimates how closely the company's financial pattern resembles historical wilful defaulter cases in the training dataset.,0.0
Lemon Tree Hotels Limited,L74899DL1992PLC049022,hist_gradient_boosting,tier1a_v1,2018,2017,0.33268634321802165,0.39999999999999986,0,Medium,0,,,ML probability 0.333 against threshold 0.400. No explicit rule-based red flags were triggered.,This score estimates how closely the company's financial pattern resembles historical wilful defaulter cases in the training dataset.,0.0
Lemon Tree Hotels Limited,L74899DL1992PLC049022,hist_gradient_boosting,tier1a_v1,2018,2018,0.3392149446457421,0.39999999999999986,0,Medium,0,,,ML probability 0.339 against threshold 0.400. No explicit rule-based red flags were triggered.,This score estimates how closely the company's financial pattern resembles historical wilful defaulter cases in the training dataset.,0.0
Marico Limited,L15140MH1988PLC049208,hist_gradient_boosting,tier1a_v1,2018,2016,0.3292750144740472,0.39999999999999986,0,Medium,1,declining_cash_flow_trend,Operating cash flow trend over the available years is negative.,ML probability 0.329 against threshold 0.400. 1 rule-based red flag(s) were triggered. Key reasons: Operating cash flow trend over the available years is negative.,This score estimates how closely the company's financial pattern resembles historical wilful defaulter cases in the training dataset.,0.0
Marico Limited,L15140MH1988PLC049208,hist_gradient_boosting,tier1a_v1,2018,2017,0.32922810911151923,0.39999999999999986,0,Medium,1,declining_cash_flow_trend,Operating cash flow trend over the available years is negative.,ML probability 0.329 against threshold 0.400. 1 rule-based red flag(s) were triggered. Key reasons: Operating cash flow trend over the available years is negative.,This score estimates how closely the company's financial pattern resembles historical wilful defaulter cases in the training dataset.,0.0
Marico Limited,L15140MH1988PLC049208,hist_gradient_boosting,tier1a_v1,2018,2018,0.3291936272093258,0.39999999999999986,0,Medium,1,declining_cash_flow_trend,Operating cash flow trend over the available years is negative.,ML probability 0.329 against threshold 0.400. 1 rule-based red flag(s) were triggered. Key reasons: Operating cash flow trend over the available years is negative.,This score estimates how closely the company's financial pattern resembles historical wilful defaulter cases in the training dataset.,0.0
NCC Limited,L72200TG1990PLC011146,hist_gradient_boosting,tier1a_v1,2016,2014,0.6307484780915538,0.39999999999999986,1,High,1,large_contingent_liabilities,Contingent liabilities exceed 50% of net worth.,ML probability 0.631 against threshold 0.400. 1 rule-based red flag(s) were triggered. Key reasons: Contingent liabilities exceed 50% of net worth.,This score estimates how closely the company's financial pattern resembles historical wilful defaulter cases in the training dataset.,0.0
NCC Limited,L72200TG1990PLC011146,hist_gradient_boosting,tier1a_v1,2016,2015,0.3604124553272008,0.39999999999999986,0,Medium,1,large_contingent_liabilities,Contingent liabilities exceed 50% of net worth.,ML probability 0.360 against threshold 0.400. 1 rule-based red flag(s) were triggered. Key reasons: Contingent liabilities exceed 50% of net worth.,This score estimates how closely the company's financial pattern resembles historical wilful defaulter cases in the training dataset.,0.0
NCC Limited,L72200TG1990PLC011146,hist_gradient_boosting,tier1a_v1,2016,2016,0.34231627061535636,0.39999999999999986,0,Medium,1,large_contingent_liabilities,Contingent liabilities exceed 50% of net worth.,ML probability 0.342 against threshold 0.400. 1 rule-based red flag(s) were triggered. Key reasons: Contingent liabilities exceed 50% of net worth.,This score estimates how closely the company's financial pattern resembles historical wilful defaulter cases in the training dataset.,0.0
Nestle India Limited,L15202DL1959PLC003786,hist_gradient_boosting,tier1a_v1,2018,2016,0.32832628166302424,0.39999999999999986,0,Medium,1,rising_borrowings_trend,Borrowings trend over the available years is increasing.,ML probability 0.328 against threshold 0.400. 1 rule-based red flag(s) were triggered. Key reasons: Borrowings trend over the available years is increasing.,This score estimates how closely the company's financial pattern resembles historical wilful defaulter cases in the training dataset.,0.0
Nestle India Limited,L15202DL1959PLC003786,hist_gradient_boosting,tier1a_v1,2018,2017,0.3283424619694851,0.39999999999999986,0,Medium,1,rising_borrowings_trend,Borrowings trend over the available years is increasing.,ML probability 0.328 against threshold 0.400. 1 rule-based red flag(s) were triggered. Key reasons: Borrowings trend over the available years is increasing.,This score estimates how closely the company's financial pattern resembles historical wilful defaulter cases in the training dataset.,0.0
Nestle India Limited,L15202DL1959PLC003786,hist_gradient_boosting,tier1a_v1,2018,2018,0.32831307981525343,0.39999999999999986,0,Medium,1,rising_borrowings_trend,Borrowings trend over the available years is increasing.,ML probability 0.328 against threshold 0.400. 1 rule-based red flag(s) were triggered. Key reasons: Borrowings trend over the available years is increasing.,This score estimates how closely the company's financial pattern resembles historical wilful defaulter cases in the training dataset.,0.0
PNC Infratech Limited,L45201UP1999PLC024640,hist_gradient_boosting,tier1a_v1,2016,2014,0.3288170135123397,0.39999999999999986,0,High,2,large_contingent_liabilities|declining_cash_flow_trend,Contingent liabilities exceed 50% of net worth. | Operating cash flow trend over the available years is negative.,ML probability 0.329 against threshold 0.400. 2 rule-based red flag(s) were triggered. Key reasons: Contingent liabilities exceed 50% of net worth.; Operating cash flow trend over the available years is negative.,This score estimates how closely the company's financial pattern resembles historical wilful defaulter cases in the training dataset.,0.0
PNC Infratech Limited,L45201UP1999PLC024640,hist_gradient_boosting,tier1a_v1,2016,2015,0.32833536767948485,0.39999999999999986,0,High,2,large_contingent_liabilities|declining_cash_flow_trend,Contingent liabilities exceed 50% of net worth. | Operating cash flow trend over the available years is negative.,ML probability 0.328 against threshold 0.400. 2 rule-based red flag(s) were triggered. Key reasons: Contingent liabilities exceed 50% of net worth.; Operating cash flow trend over the available years is negative.,This score estimates how closely the company's financial pattern resembles historical wilful defaulter cases in the training dataset.,0.0
PNC Infratech Limited,L45201UP1999PLC024640,hist_gradient_boosting,tier1a_v1,2016,2016,0.3284396507433971,0.39999999999999986,0,High,2,large_contingent_liabilities|declining_cash_flow_trend,Contingent liabilities exceed 50% of net worth. | Operating cash flow trend over the available years is negative.,ML probability 0.328 against threshold 0.400. 2 rule-based red flag(s) were triggered. Key reasons: Contingent liabilities exceed 50% of net worth.; Operating cash flow trend over the available years is negative.,This score estimates how closely the company's financial pattern resembles historical wilful defaulter cases in the training dataset.,0.0
Rajesh Exports Limited,L36911KA1990PLC020815,hist_gradient_boosting,tier1a_v1,2017,2015,0.33103211418450695,0.39999999999999986,0,Medium,2,declining_cash_flow_trend|rising_borrowings_trend,Operating cash flow trend over the available years is negative. | Borrowings trend over the available years is increasing.,ML probability 0.331 against threshold 0.400. 2 rule-based red flag(s) were triggered. Key reasons: Operating cash flow trend over the available years is negative.; Borrowings trend over the available years is increasing.,This score estimates how closely the company's financial pattern resembles historical wilful defaulter cases in the training dataset.,0.0
Rajesh Exports Limited,L36911KA1990PLC020815,hist_gradient_boosting,tier1a_v1,2017,2016,0.3316989208275907,0.39999999999999986,0,Medium,2,declining_cash_flow_trend|rising_borrowings_trend,Operating cash flow trend over the available years is negative. | Borrowings trend over the available years is increasing.,ML probability 0.332 against threshold 0.400. 2 rule-based red flag(s) were triggered. Key reasons: Operating cash flow trend over the available years is negative.; Borrowings trend over the available years is increasing.,This score estimates how closely the company's financial pattern resembles historical wilful defaulter cases in the training dataset.,0.0
Rajesh Exports Limited,L36911KA1990PLC020815,hist_gradient_boosting,tier1a_v1,2017,2017,0.3283575209885597,0.39999999999999986,0,Medium,2,declining_cash_flow_trend|rising_borrowings_trend,Operating cash flow trend over the available years is negative. | Borrowings trend over the available years is increasing.,ML probability 0.328 against threshold 0.400. 2 rule-based red flag(s) were triggered. Key reasons: Operating cash flow trend over the available years is negative.; Borrowings trend over the available years is increasing.,This score estimates how closely the company's financial pattern resembles historical wilful defaulter cases in the training dataset.,0.0
Raymond Limited,L17117MH1925PLC001208,hist_gradient_boosting,tier1a_v1,2017,2015,0.33034547276642845,0.39999999999999986,0,Medium,1,rising_borrowings_trend,Borrowings trend over the available years is increasing.,ML probability 0.330 against threshold 0.400. 1 rule-based red flag(s) were triggered. Key reasons: Borrowings trend over the available years is increasing.,This score estimates how closely the company's financial pattern resembles historical wilful defaulter cases in the training dataset.,0.0
Raymond Limited,L17117MH1925PLC001208,hist_gradient_boosting,tier1a_v1,2017,2016,0.33040155348916683,0.39999999999999986,0,Medium,1,rising_borrowings_trend,Borrowings trend over the available years is increasing.,ML probability 0.330 against threshold 0.400. 1 rule-based red flag(s) were triggered. Key reasons: Borrowings trend over the available years is increasing.,This score estimates how closely the company's financial pattern resembles historical wilful defaulter cases in the training dataset.,0.0
Raymond Limited,L17117MH1925PLC001208,hist_gradient_boosting,tier1a_v1,2017,2017,0.3315266461767407,0.39999999999999986,0,Medium,1,rising_borrowings_trend,Borrowings trend over the available years is increasing.,ML probability 0.332 against threshold 0.400. 1 rule-based red flag(s) were triggered. Key reasons: Borrowings trend over the available years is increasing.,This score estimates how closely the company's financial pattern resembles historical wilful defaulter cases in the training dataset.,0.0
SKF India Limited,L29130MH1961PLC011980,hist_gradient_boosting,tier1a_v1,2017,2014,0.32860054799382177,0.39999999999999986,0,Medium,2,declining_cash_flow_trend|rising_borrowings_trend,Operating cash flow trend over the available years is negative. | Borrowings trend over the available years is increasing.,ML probability 0.329 against threshold 0.400. 2 rule-based red flag(s) were triggered. Key reasons: Operating cash flow trend over the available years is negative.; Borrowings trend over the available years is increasing.,This score estimates how closely the company's financial pattern resembles historical wilful defaulter cases in the training dataset.,0.0
SKF India Limited,L29130MH1961PLC011980,hist_gradient_boosting,tier1a_v1,2017,2016,0.3295909733146747,0.39999999999999986,0,Medium,2,declining_cash_flow_trend|rising_borrowings_trend,Operating cash flow trend over the available years is negative. | Borrowings trend over the available years is increasing.,ML probability 0.330 against threshold 0.400. 2 rule-based red flag(s) were triggered. Key reasons: Operating cash flow trend over the available years is negative.; Borrowings trend over the available years is increasing.,This score estimates how closely the company's financial pattern resembles historical wilful defaulter cases in the training dataset.,0.0
SKF India Limited,L29130MH1961PLC011980,hist_gradient_boosting,tier1a_v1,2017,2017,0.3286614937237265,0.39999999999999986,0,Medium,2,declining_cash_flow_trend|rising_borrowings_trend,Operating cash flow trend over the available years is negative. | Borrowings trend over the available years is increasing.,ML probability 0.329 against threshold 0.400. 2 rule-based red flag(s) were triggered. Key reasons: Operating cash flow trend over the available years is negative.; Borrowings trend over the available years is increasing.,This score estimates how closely the company's financial pattern resembles historical wilful defaulter cases in the training dataset.,0.0
Schaeffler India Limited,L29130GJ1962PLC001167,hist_gradient_boosting,tier1a_v1,2017,2015,0.32856248869463706,0.39999999999999986,0,Medium,1,rising_borrowings_trend,Borrowings trend over the available years is increasing.,ML probability 0.329 against threshold 0.400. 1 rule-based red flag(s) were triggered. Key reasons: Borrowings trend over the available years is increasing.,This score estimates how closely the company's financial pattern resembles historical wilful defaulter cases in the training dataset.,0.0
Schaeffler India Limited,L29130GJ1962PLC001167,hist_gradient_boosting,tier1a_v1,2017,2016,0.32877363308024127,0.39999999999999986,0,Medium,1,rising_borrowings_trend,Borrowings trend over the available years is increasing.,ML probability 0.329 against threshold 0.400. 1 rule-based red flag(s) were triggered. Key reasons: Borrowings trend over the available years is increasing.,This score estimates how closely the company's financial pattern resembles historical wilful defaulter cases in the training dataset.,0.0
Schaeffler India Limited,L29130GJ1962PLC001167,hist_gradient_boosting,tier1a_v1,2017,2017,0.3341953738633202,0.39999999999999986,0,Medium,1,rising_borrowings_trend,Borrowings trend over the available years is increasing.,ML probability 0.334 against threshold 0.400. 1 rule-based red flag(s) were triggered. Key reasons: Borrowings trend over the available years is increasing.,This score estimates how closely the company's financial pattern resembles historical wilful defaulter cases in the training dataset.,0.0
Senco Gold Limited,L36911WB1994PLC063674,hist_gradient_boosting,tier1a_v1,2020,2018,0.3349716359525711,0.39999999999999986,0,High,2,negative_operating_cash_flow|rising_borrowings_trend,Operating cash flow is negative despite positive revenue. | Borrowings trend over the available years is increasing.,ML probability 0.335 against threshold 0.400. 2 rule-based red flag(s) were triggered. Key reasons: Operating cash flow is negative despite positive revenue.; Borrowings trend over the available years is increasing.,This score estimates how closely the company's financial pattern resembles historical wilful defaulter cases in the training dataset.,0.0
Senco Gold Limited,L36911WB1994PLC063674,hist_gradient_boosting,tier1a_v1,2020,2019,0.33043037721178076,0.39999999999999986,0,Medium,1,rising_borrowings_trend,Borrowings trend over the available years is increasing.,ML probability 0.330 against threshold 0.400. 1 rule-based red flag(s) were triggered. Key reasons: Borrowings trend over the available years is increasing.,This score estimates how closely the company's financial pattern resembles historical wilful defaulter cases in the training dataset.,0.0
Senco Gold Limited,L36911WB1994PLC063674,hist_gradient_boosting,tier1a_v1,2020,2020,0.33235656273084,0.39999999999999986,0,Medium,1,rising_borrowings_trend,Borrowings trend over the available years is increasing.,ML probability 0.332 against threshold 0.400. 1 rule-based red flag(s) were triggered. Key reasons: Borrowings trend over the available years is increasing.,This score estimates how closely the company's financial pattern resembles historical wilful defaulter cases in the training dataset.,0.0
Siemens Limited,L28920MH1957PLC010839,hist_gradient_boosting,tier1a_v1,2017,2015,0.32851578056889036,0.39999999999999986,0,Medium,1,declining_cash_flow_trend,Operating cash flow trend over the available years is negative.,ML probability 0.329 against threshold 0.400. 1 rule-based red flag(s) were triggered. Key reasons: Operating cash flow trend over the available years is negative.,This score estimates how closely the company's financial pattern resembles historical wilful defaulter cases in the training dataset.,0.0
Siemens Limited,L28920MH1957PLC010839,hist_gradient_boosting,tier1a_v1,2017,2016,0.3298970501838458,0.39999999999999986,0,Medium,1,declining_cash_flow_trend,Operating cash flow trend over the available years is negative.,ML probability 0.330 against threshold 0.400. 1 rule-based red flag(s) were triggered. Key reasons: Operating cash flow trend over the available years is negative.,This score estimates how closely the company's financial pattern resembles historical wilful defaulter cases in the training dataset.,0.0
Siemens Limited,L28920MH1957PLC010839,hist_gradient_boosting,tier1a_v1,2017,2017,0.3284549962616964,0.39999999999999986,0,Medium,2,declining_cash_flow_trend|margin_drop,Operating cash flow trend over the available years is negative. | Net profit margin deteriorated materially year over year.,ML probability 0.328 against threshold 0.400. 2 rule-based red flag(s) were triggered. Key reasons: Operating cash flow trend over the available years is negative.; Net profit margin deteriorated materially year over year.,This score estimates how closely the company's financial pattern resembles historical wilful defaulter cases in the training dataset.,0.0
Steel Authority of India Limited,L27109DL1973GOI006454,hist_gradient_boosting,tier1a_v1,2016,2014,0.3283213745491941,0.39999999999999986,0,Medium,3,declining_revenue_trend|declining_cash_flow_trend|rising_borrowings_trend,Revenue trend over the available years is negative. | Operating cash flow trend over the available years is negative. | Borrowings trend over the available years is increasing.,ML probability 0.328 against threshold 0.400. 3 rule-based red flag(s) were triggered. Key reasons: Revenue trend over the available years is negative.; Operating cash flow trend over the available years is negative.; Borrowings trend over the available years is increasing.,This score estimates how closely the company's financial pattern resembles historical wilful defaulter cases in the training dataset.,0.0
Steel Authority of India Limited,L27109DL1973GOI006454,hist_gradient_boosting,tier1a_v1,2016,2015,0.32843059178241923,0.39999999999999986,0,Medium,3,declining_revenue_trend|declining_cash_flow_trend|rising_borrowings_trend,Revenue trend over the available years is negative. | Operating cash flow trend over the available years is negative. | Borrowings trend over the available years is increasing.,ML probability 0.328 against threshold 0.400. 3 rule-based red flag(s) were triggered. Key reasons: Revenue trend over the available years is negative.; Operating cash flow trend over the available years is negative.; Borrowings trend over the available years is increasing.,This score estimates how closely the company's financial pattern resembles historical wilful defaulter cases in the training dataset.,0.0
Steel Authority of India Limited,L27109DL1973GOI006454,hist_gradient_boosting,tier1a_v1,2016,2016,0.33006040274332243,0.39999999999999986,0,High,6,weak_interest_coverage|negative_profit_margin|declining_revenue_trend|declining_cash_flow_trend|rising_borrowings_trend|margin_drop,"Interest coverage is below 1, suggesting operating earnings may not comfortably cover finance costs. | Net profit margin is negative. | Revenue trend over the available years is negative.","ML probability 0.330 against threshold 0.400. 6 rule-based red flag(s) were triggered. Key reasons: Interest coverage is below 1, suggesting operating earnings may not comfortably cover finance costs.; Net profit margin is negative.; Revenue trend over the available years is negative.",This score estimates how closely the company's financial pattern resembles historical wilful defaulter cases in the training dataset.,0.0
Sun Pharmaceutical Industries Limited,L24230GJ1993PLC019050,hist_gradient_boosting,tier1a_v1,2016,2014,0.35268436644476164,0.39999999999999986,0,High,4,weak_interest_coverage|negative_operating_cash_flow|negative_profit_margin|rising_borrowings_trend,"Interest coverage is below 1, suggesting operating earnings may not comfortably cover finance costs. | Operating cash flow is negative despite positive revenue. | Net profit margin is negative.","ML probability 0.353 against threshold 0.400. 4 rule-based red flag(s) were triggered. Key reasons: Interest coverage is below 1, suggesting operating earnings may not comfortably cover finance costs.; Operating cash flow is negative despite positive revenue.; Net profit margin is negative.",This score estimates how closely the company's financial pattern resembles historical wilful defaulter cases in the training dataset.,0.0
Sun Pharmaceutical Industries Limited,L24230GJ1993PLC019050,hist_gradient_boosting,tier1a_v1,2016,2015,0.3299896448304617,0.39999999999999986,0,High,3,weak_interest_coverage|negative_profit_margin|rising_borrowings_trend,"Interest coverage is below 1, suggesting operating earnings may not comfortably cover finance costs. | Net profit margin is negative. | Borrowings trend over the available years is increasing.","ML probability 0.330 against threshold 0.400. 3 rule-based red flag(s) were triggered. Key reasons: Interest coverage is below 1, suggesting operating earnings may not comfortably cover finance costs.; Net profit margin is negative.; Borrowings trend over the available years is increasing.",This score estimates how closely the company's financial pattern resembles historical wilful defaulter cases in the training dataset.,0.0
Sun Pharmaceutical Industries Limited,L24230GJ1993PLC019050,hist_gradient_boosting,tier1a_v1,2016,2016,0.32891284612286054,0.39999999999999986,0,High,4,weak_interest_coverage|negative_operating_cash_flow|negative_profit_margin|rising_borrowings_trend,"Interest coverage is below 1, suggesting operating earnings may not comfortably cover finance costs. | Operating cash flow is negative despite positive revenue. | Net profit margin is negative.","ML probability 0.329 against threshold 0.400. 4 rule-based red flag(s) were triggered. Key reasons: Interest coverage is below 1, suggesting operating earnings may not comfortably cover finance costs.; Operating cash flow is negative despite positive revenue.; Net profit margin is negative.",This score estimates how closely the company's financial pattern resembles historical wilful defaulter cases in the training dataset.,0.0
Tata Elxsi Limited,L85110KA1989PLC009968,hist_gradient_boosting,tier1a_v1,2017,2015,0.32918359285306975,0.39999999999999986,0,Medium,0,,,ML probability 0.329 against threshold 0.400. No explicit rule-based red flags were triggered.,This score estimates how closely the company's financial pattern resembles historical wilful defaulter cases in the training dataset.,0.0
Tata Elxsi Limited,L85110KA1989PLC009968,hist_gradient_boosting,tier1a_v1,2017,2016,0.3294919937368012,0.39999999999999986,0,Medium,0,,,ML probability 0.329 against threshold 0.400. No explicit rule-based red flags were triggered.,This score estimates how closely the company's financial pattern resembles historical wilful defaulter cases in the training dataset.,0.0
Tata Elxsi Limited,L85110KA1989PLC009968,hist_gradient_boosting,tier1a_v1,2017,2017,0.32942845796052644,0.39999999999999986,0,Medium,0,,,ML probability 0.329 against threshold 0.400. No explicit rule-based red flags were triggered.,This score estimates how closely the company's financial pattern resembles historical wilful defaulter cases in the training dataset.,0.0
Tata Steel Limited,L27100WB1907PLC001473,hist_gradient_boosting,tier1a_v1,2016,2014,0.32825007577332305,0.39999999999999986,0,Medium,3,declining_revenue_trend|declining_cash_flow_trend|rising_borrowings_trend,Revenue trend over the available years is negative. | Operating cash flow trend over the available years is negative. | Borrowings trend over the available years is increasing.,ML probability 0.328 against threshold 0.400. 3 rule-based red flag(s) were triggered. Key reasons: Revenue trend over the available years is negative.; Operating cash flow trend over the available years is negative.; Borrowings trend over the available years is increasing.,This score estimates how closely the company's financial pattern resembles historical wilful defaulter cases in the training dataset.,0.0
Tata Steel Limited,L27100WB1907PLC001473,hist_gradient_boosting,tier1a_v1,2016,2015,0.32827553717599006,0.39999999999999986,0,Medium,3,declining_revenue_trend|declining_cash_flow_trend|rising_borrowings_trend,Revenue trend over the available years is negative. | Operating cash flow trend over the available years is negative. | Borrowings trend over the available years is increasing.,ML probability 0.328 against threshold 0.400. 3 rule-based red flag(s) were triggered. Key reasons: Revenue trend over the available years is negative.; Operating cash flow trend over the available years is negative.; Borrowings trend over the available years is increasing.,This score estimates how closely the company's financial pattern resembles historical wilful defaulter cases in the training dataset.,0.0
Tata Steel Limited,L27100WB1907PLC001473,hist_gradient_boosting,tier1a_v1,2016,2016,0.32944959356300313,0.39999999999999986,0,Medium,4,declining_revenue_trend|declining_cash_flow_trend|rising_borrowings_trend|margin_drop,Revenue trend over the available years is negative. | Operating cash flow trend over the available years is negative. | Borrowings trend over the available years is increasing.,ML probability 0.329 against threshold 0.400. 4 rule-based red flag(s) were triggered. Key reasons: Revenue trend over the available years is negative.; Operating cash flow trend over the available years is negative.; Borrowings trend over the available years is increasing.,This score estimates how closely the company's financial pattern resembles historical wilful defaulter cases in the training dataset.,0.0
Thermax Limited,L29299PN1980PLC022787,hist_gradient_boosting,tier1a_v1,2017,2015,0.3304221455940248,0.39999999999999986,0,Medium,1,declining_revenue_trend,Revenue trend over the available years is negative.,ML probability 0.330 against threshold 0.400. 1 rule-based red flag(s) were triggered. Key reasons: Revenue trend over the available years is negative.,This score estimates how closely the company's financial pattern resembles historical wilful defaulter cases in the training dataset.,0.0
Thermax Limited,L29299PN1980PLC022787,hist_gradient_boosting,tier1a_v1,2017,2016,0.33021152216434657,0.39999999999999986,0,Medium,1,declining_revenue_trend,Revenue trend over the available years is negative.,ML probability 0.330 against threshold 0.400. 1 rule-based red flag(s) were triggered. Key reasons: Revenue trend over the available years is negative.,This score estimates how closely the company's financial pattern resembles historical wilful defaulter cases in the training dataset.,0.0
Thermax Limited,L29299PN1980PLC022787,hist_gradient_boosting,tier1a_v1,2017,2017,0.3420442501344689,0.39999999999999986,0,Medium,1,declining_revenue_trend,Revenue trend over the available years is negative.,ML probability 0.342 against threshold 0.400. 1 rule-based red flag(s) were triggered. Key reasons: Revenue trend over the available years is negative.,This score estimates how closely the company's financial pattern resembles historical wilful defaulter cases in the training dataset.,0.0
Timken India Limited,L29130KA1996PLC048230,hist_gradient_boosting,tier1a_v1,2017,2015,0.3317932906426343,0.39999999999999986,0,Medium,1,rising_borrowings_trend,Borrowings trend over the available years is increasing.,ML probability 0.332 against threshold 0.400. 1 rule-based red flag(s) were triggered. Key reasons: Borrowings trend over the available years is increasing.,This score estimates how closely the company's financial pattern resembles historical wilful defaulter cases in the training dataset.,0.0
Timken India Limited,L29130KA1996PLC048230,hist_gradient_boosting,tier1a_v1,2017,2016,0.33074327570189915,0.39999999999999986,0,Medium,1,rising_borrowings_trend,Borrowings trend over the available years is increasing.,ML probability 0.331 against threshold 0.400. 1 rule-based red flag(s) were triggered. Key reasons: Borrowings trend over the available years is increasing.,This score estimates how closely the company's financial pattern resembles historical wilful defaulter cases in the training dataset.,0.0
Timken India Limited,L29130KA1996PLC048230,hist_gradient_boosting,tier1a_v1,2017,2017,0.3299948908317465,0.39999999999999986,0,Medium,1,rising_borrowings_trend,Borrowings trend over the available years is increasing.,ML probability 0.330 against threshold 0.400. 1 rule-based red flag(s) were triggered. Key reasons: Borrowings trend over the available years is increasing.,This score estimates how closely the company's financial pattern resembles historical wilful defaulter cases in the training dataset.,0.0
Titan Company Limited,L74999TZ1984PLC001456,hist_gradient_boosting,tier1a_v1,2017,2015,0.32827706329020334,0.39999999999999986,0,Medium,1,rising_borrowings_trend,Borrowings trend over the available years is increasing.,ML probability 0.328 against threshold 0.400. 1 rule-based red flag(s) were triggered. Key reasons: Borrowings trend over the available years is increasing.,This score estimates how closely the company's financial pattern resembles historical wilful defaulter cases in the training dataset.,0.0
Titan Company Limited,L74999TZ1984PLC001456,hist_gradient_boosting,tier1a_v1,2017,2016,0.328332422405951,0.39999999999999986,0,Medium,1,rising_borrowings_trend,Borrowings trend over the available years is increasing.,ML probability 0.328 against threshold 0.400. 1 rule-based red flag(s) were triggered. Key reasons: Borrowings trend over the available years is increasing.,This score estimates how closely the company's financial pattern resembles historical wilful defaulter cases in the training dataset.,0.0
Titan Company Limited,L74999TZ1984PLC001456,hist_gradient_boosting,tier1a_v1,2017,2017,0.32883835063345956,0.39999999999999986,0,Medium,2,rising_borrowings_trend|leverage_spike,Borrowings trend over the available years is increasing. | Debt-to-equity increased materially year over year.,ML probability 0.329 against threshold 0.400. 2 rule-based red flag(s) were triggered. Key reasons: Borrowings trend over the available years is increasing.; Debt-to-equity increased materially year over year.,This score estimates how closely the company's financial pattern resembles historical wilful defaulter cases in the training dataset.,0.0
Trident Limited,L17119PB1990PLC010365,hist_gradient_boosting,tier1a_v1,2017,2015,0.3358866637721681,0.39999999999999986,0,Medium,1,rising_borrowings_trend,Borrowings trend over the available years is increasing.,ML probability 0.336 against threshold 0.400. 1 rule-based red flag(s) were triggered. Key reasons: Borrowings trend over the available years is increasing.,This score estimates how closely the company's financial pattern resembles historical wilful defaulter cases in the training dataset.,0.0
Trident Limited,L17119PB1990PLC010365,hist_gradient_boosting,tier1a_v1,2017,2016,0.3331242106983216,0.39999999999999986,0,Medium,1,rising_borrowings_trend,Borrowings trend over the available years is increasing.,ML probability 0.333 against threshold 0.400. 1 rule-based red flag(s) were triggered. Key reasons: Borrowings trend over the available years is increasing.,This score estimates how closely the company's financial pattern resembles historical wilful defaulter cases in the training dataset.,0.0
Trident Limited,L17119PB1990PLC010365,hist_gradient_boosting,tier1a_v1,2017,2017,0.3295896741278787,0.39999999999999986,0,Medium,1,rising_borrowings_trend,Borrowings trend over the available years is increasing.,ML probability 0.330 against threshold 0.400. 1 rule-based red flag(s) were triggered. Key reasons: Borrowings trend over the available years is increasing.,This score estimates how closely the company's financial pattern resembles historical wilful defaulter cases in the training dataset.,0.0
UltraTech Cement Limited,L26940MH2000PLC128420,hist_gradient_boosting,tier1a_v1,2016,2014,0.328227219076973,0.39999999999999986,0,Medium,1,rising_borrowings_trend,Borrowings trend over the available years is increasing.,ML probability 0.328 against threshold 0.400. 1 rule-based red flag(s) were triggered. Key reasons: Borrowings trend over the available years is increasing.,This score estimates how closely the company's financial pattern resembles historical wilful defaulter cases in the training dataset.,0.0
UltraTech Cement Limited,L26940MH2000PLC128420,hist_gradient_boosting,tier1a_v1,2016,2015,0.32822139454391763,0.39999999999999986,0,Medium,1,rising_borrowings_trend,Borrowings trend over the available years is increasing.,ML probability 0.328 against threshold 0.400. 1 rule-based red flag(s) were triggered. Key reasons: Borrowings trend over the available years is increasing.,This score estimates how closely the company's financial pattern resembles historical wilful defaulter cases in the training dataset.,0.0
UltraTech Cement Limited,L26940MH2000PLC128420,hist_gradient_boosting,tier1a_v1,2016,2016,0.3282242375707699,0.39999999999999986,0,Medium,1,rising_borrowings_trend,Borrowings trend over the available years is increasing.,ML probability 0.328 against threshold 0.400. 1 rule-based red flag(s) were triggered. Key reasons: Borrowings trend over the available years is increasing.,This score estimates how closely the company's financial pattern resembles historical wilful defaulter cases in the training dataset.,0.0
Vaibhav Global Limited,L36911RJ1989PLC004945,hist_gradient_boosting,tier1a_v1,2017,2015,0.32917826285370133,0.39999999999999986,0,Medium,2,declining_cash_flow_trend|rising_borrowings_trend,Operating cash flow trend over the available years is negative. | Borrowings trend over the available years is increasing.,ML probability 0.329 against threshold 0.400. 2 rule-based red flag(s) were triggered. Key reasons: Operating cash flow trend over the available years is negative.; Borrowings trend over the available years is increasing.,This score estimates how closely the company's financial pattern resembles historical wilful defaulter cases in the training dataset.,0.0
Vaibhav Global Limited,L36911RJ1989PLC004945,hist_gradient_boosting,tier1a_v1,2017,2016,0.3383224328574442,0.39999999999999986,0,High,3,negative_operating_cash_flow|declining_cash_flow_trend|rising_borrowings_trend,Operating cash flow is negative despite positive revenue. | Operating cash flow trend over the available years is negative. | Borrowings trend over the available years is increasing.,ML probability 0.338 against threshold 0.400. 3 rule-based red flag(s) were triggered. Key reasons: Operating cash flow is negative despite positive revenue.; Operating cash flow trend over the available years is negative.; Borrowings trend over the available years is increasing.,This score estimates how closely the company's financial pattern resembles historical wilful defaulter cases in the training dataset.,0.0
Vaibhav Global Limited,L36911RJ1989PLC004945,hist_gradient_boosting,tier1a_v1,2017,2017,0.33275298528655645,0.39999999999999986,0,Medium,2,declining_cash_flow_trend|rising_borrowings_trend,Operating cash flow trend over the available years is negative. | Borrowings trend over the available years is increasing.,ML probability 0.333 against threshold 0.400. 2 rule-based red flag(s) were triggered. Key reasons: Operating cash flow trend over the available years is negative.; Borrowings trend over the available years is increasing.,This score estimates how closely the company's financial pattern resembles historical wilful defaulter cases in the training dataset.,0.0
TBZ - The Bride's Jeweller,L27205MH2007PLC167425,hist_gradient_boosting,tier1a_v1,2017,2015,0.7480515880088932,0.39999999999999986,1,High,1,declining_revenue_trend,Revenue trend over the available years is negative.,ML probability 0.748 against threshold 0.400. 1 rule-based red flag(s) were triggered. Key reasons: Revenue trend over the available years is negative.,This score estimates how closely the company's financial pattern resembles historical wilful defaulter cases in the training dataset.,0.0
TBZ - The Bride's Jeweller,L27205MH2007PLC167425,hist_gradient_boosting,tier1a_v1,2017,2016,0.7516735040970931,0.39999999999999986,1,High,3,weak_interest_coverage|negative_profit_margin|declining_revenue_trend,"Interest coverage is below 1, suggesting operating earnings may not comfortably cover finance costs. | Net profit margin is negative. | Revenue trend over the available years is negative.","ML probability 0.752 against threshold 0.400. 3 rule-based red flag(s) were triggered. Key reasons: Interest coverage is below 1, suggesting operating earnings may not comfortably cover finance costs.; Net profit margin is negative.; Revenue trend over the available years is negative.",This score estimates how closely the company's financial pattern resembles historical wilful defaulter cases in the training dataset.,0.0
TBZ - The Bride's Jeweller,L27205MH2007PLC167425,hist_gradient_boosting,tier1a_v1,2017,2017,0.7470657998481276,0.39999999999999986,1,High,1,declining_revenue_trend,Revenue trend over the available years is negative.,ML probability 0.747 against threshold 0.400. 1 rule-based red flag(s) were triggered. Key reasons: Revenue trend over the available years is negative.,This score estimates how closely the company's financial pattern resembles historical wilful defaulter cases in the training dataset.,0.0
Jindal Steel & Power Limited,L27105HR1979PLC009913,hist_gradient_boosting,tier1a_v1,2017,2015,0.33235524475869105,0.39999999999999986,0,High,2,excessive_leverage|negative_profit_margin,"Debt-to-equity is above 2, indicating elevated leverage. | Net profit margin is negative.","ML probability 0.332 against threshold 0.400. 2 rule-based red flag(s) were triggered. Key reasons: Debt-to-equity is above 2, indicating elevated leverage.; Net profit margin is negative.",This score estimates how closely the company's financial pattern resembles historical wilful defaulter cases in the training dataset.,0.0
Jindal Steel & Power Limited,L27105HR1979PLC009913,hist_gradient_boosting,tier1a_v1,2017,2016,0.32921416546082305,0.39999999999999986,0,High,3,weak_interest_coverage|negative_profit_margin|margin_drop,"Interest coverage is below 1, suggesting operating earnings may not comfortably cover finance costs. | Net profit margin is negative. | Net profit margin deteriorated materially year over year.","ML probability 0.329 against threshold 0.400. 3 rule-based red flag(s) were triggered. Key reasons: Interest coverage is below 1, suggesting operating earnings may not comfortably cover finance costs.; Net profit margin is negative.; Net profit margin deteriorated materially year over year.",This score estimates how closely the company's financial pattern resembles historical wilful defaulter cases in the training dataset.,0.0
Jindal Steel & Power Limited,L27105HR1979PLC009913,hist_gradient_boosting,tier1a_v1,2017,2017,0.3290476455506948,0.39999999999999986,0,High,2,weak_interest_coverage|negative_profit_margin,"Interest coverage is below 1, suggesting operating earnings may not comfortably cover finance costs. | Net profit margin is negative.","ML probability 0.329 against threshold 0.400. 2 rule-based red flag(s) were triggered. Key reasons: Interest coverage is below 1, suggesting operating earnings may not comfortably cover finance costs.; Net profit margin is negative.",This score estimates how closely the company's financial pattern resembles historical wilful defaulter cases in the training dataset.,0.0
Welspun India Limited,L17119GJ1985PLC033347,hist_gradient_boosting,tier1a_v1,2017,2015,0.3656766073008385,0.39999999999999986,0,Medium,1,rising_borrowings_trend,Borrowings trend over the available years is increasing.,ML probability 0.366 against threshold 0.400. 1 rule-based red flag(s) were triggered. Key reasons: Borrowings trend over the available years is increasing.,This score estimates how closely the company's financial pattern resembles historical wilful defaulter cases in the training dataset.,0.0
Welspun India Limited,L17119GJ1985PLC033347,hist_gradient_boosting,tier1a_v1,2017,2016,0.33848185322570384,0.39999999999999986,0,Medium,1,rising_borrowings_trend,Borrowings trend over the available years is increasing.,ML probability 0.338 against threshold 0.400. 1 rule-based red flag(s) were triggered. Key reasons: Borrowings trend over the available years is increasing.,This score estimates how closely the company's financial pattern resembles historical wilful defaulter cases in the training dataset.,0.0
Welspun India Limited,L17119GJ1985PLC033347,hist_gradient_boosting,tier1a_v1,2017,2017,0.3348202429100383,0.39999999999999986,0,Medium,2,rising_borrowings_trend|margin_drop,Borrowings trend over the available years is increasing. | Net profit margin deteriorated materially year over year.,ML probability 0.335 against threshold 0.400. 2 rule-based red flag(s) were triggered. Key reasons: Borrowings trend over the available years is increasing.; Net profit margin deteriorated materially year over year.,This score estimates how closely the company's financial pattern resembles historical wilful defaulter cases in the training dataset.,0.0
Dr Reddy's Laboratories Limited,L85195TG1984PLC004507,hist_gradient_boosting,tier1a_v1,2017,2015,0.32860284148227964,0.39999999999999986,0,Medium,2,declining_revenue_trend|declining_cash_flow_trend,Revenue trend over the available years is negative. | Operating cash flow trend over the available years is negative.,ML probability 0.329 against threshold 0.400. 2 rule-based red flag(s) were triggered. Key reasons: Revenue trend over the available years is negative.; Operating cash flow trend over the available years is negative.,This score estimates how closely the company's financial pattern resembles historical wilful defaulter cases in the training dataset.,0.0
Dr Reddy's Laboratories Limited,L85195TG1984PLC004507,hist_gradient_boosting,tier1a_v1,2017,2016,0.3300643171925845,0.39999999999999986,0,Medium,2,declining_revenue_trend|declining_cash_flow_trend,Revenue trend over the available years is negative. | Operating cash flow trend over the available years is negative.,ML probability 0.330 against threshold 0.400. 2 rule-based red flag(s) were triggered. Key reasons: Revenue trend over the available years is negative.; Operating cash flow trend over the available years is negative.,This score estimates how closely the company's financial pattern resembles historical wilful defaulter cases in the training dataset.,0.0
Dr Reddy's Laboratories Limited,L85195TG1984PLC004507,hist_gradient_boosting,tier1a_v1,2017,2017,0.32875366066619066,0.39999999999999986,0,Medium,2,declining_revenue_trend|declining_cash_flow_trend,Revenue trend over the available years is negative. | Operating cash flow trend over the available years is negative.,ML probability 0.329 against threshold 0.400. 2 rule-based red flag(s) were triggered. Key reasons: Revenue trend over the available years is negative.; Operating cash flow trend over the available years is negative.,This score estimates how closely the company's financial pattern resembles historical wilful defaulter cases in the training dataset.,0.0
Indian Hotels Company Limited,L74999MH1902PLC000183,hist_gradient_boosting,tier1a_v1,2017,2015,0.3436916668116143,0.39999999999999986,0,High,3,weak_liquidity|negative_profit_margin|large_contingent_liabilities,"Current ratio is below 1, indicating a short-term liquidity deficit. | Net profit margin is negative. | Contingent liabilities exceed 50% of net worth.","ML probability 0.344 against threshold 0.400. 3 rule-based red flag(s) were triggered. Key reasons: Current ratio is below 1, indicating a short-term liquidity deficit.; Net profit margin is negative.; Contingent liabilities exceed 50% of net worth.",This score estimates how closely the company's financial pattern resembles historical wilful defaulter cases in the training dataset.,0.0
Indian Hotels Company Limited,L74999MH1902PLC000183,hist_gradient_boosting,tier1a_v1,2017,2016,0.3302820954929092,0.39999999999999986,0,Medium,1,large_contingent_liabilities,Contingent liabilities exceed 50% of net worth.,ML probability 0.330 against threshold 0.400. 1 rule-based red flag(s) were triggered. Key reasons: Contingent liabilities exceed 50% of net worth.,This score estimates how closely the company's financial pattern resembles historical wilful defaulter cases in the training dataset.,0.0
Indian Hotels Company Limited,L74999MH1902PLC000183,hist_gradient_boosting,tier1a_v1,2017,2017,0.3326431729649064,0.39999999999999986,0,Medium,1,weak_liquidity,"Current ratio is below 1, indicating a short-term liquidity deficit.","ML probability 0.333 against threshold 0.400. 1 rule-based red flag(s) were triggered. Key reasons: Current ratio is below 1, indicating a short-term liquidity deficit.",This score estimates how closely the company's financial pattern resembles historical wilful defaulter cases in the training dataset.,0.0
Oil and Natural Gas Corporation Limited,L74899DL1993GOI054155,hist_gradient_boosting,tier1a_v1,2017,2015,0.328269921483231,0.39999999999999986,0,Medium,1,declining_revenue_trend,Revenue trend over the available years is negative.,ML probability 0.328 against threshold 0.400. 1 rule-based red flag(s) were triggered. Key reasons: Revenue trend over the available years is negative.,This score estimates how closely the company's financial pattern resembles historical wilful defaulter cases in the training dataset.,0.0
Oil and Natural Gas Corporation Limited,L74899DL1993GOI054155,hist_gradient_boosting,tier1a_v1,2017,2016,0.3282996016324741,0.39999999999999986,0,Medium,1,declining_revenue_trend,Revenue trend over the available years is negative.,ML probability 0.328 against threshold 0.400. 1 rule-based red flag(s) were triggered. Key reasons: Revenue trend over the available years is negative.,This score estimates how closely the company's financial pattern resembles historical wilful defaulter cases in the training dataset.,0.0
Oil and Natural Gas Corporation Limited,L74899DL1993GOI054155,hist_gradient_boosting,tier1a_v1,2017,2017,0.329147367557642,0.39999999999999986,0,Medium,1,declining_revenue_trend,Revenue trend over the available years is negative.,ML probability 0.329 against threshold 0.400. 1 rule-based red flag(s) were triggered. Key reasons: Revenue trend over the available years is negative.,This score estimates how closely the company's financial pattern resembles historical wilful defaulter cases in the training dataset.,0.0
Housing Development and Infra,L70100MH1996PLC101379,hist_gradient_boosting,tier1a_v1,2018,2016,0.7444430799457081,0.39999999999999986,1,High,2,declining_revenue_trend|declining_cash_flow_trend,Revenue trend over the available years is negative. | Operating cash flow trend over the available years is negative.,ML probability 0.744 against threshold 0.400. 2 rule-based red flag(s) were triggered. Key reasons: Revenue trend over the available years is negative.; Operating cash flow trend over the available years is negative.,This score estimates how closely the company's financial pattern resembles historical wilful defaulter cases in the training dataset.,0.0
Housing Development and Infra,L70100MH1996PLC101379,hist_gradient_boosting,tier1a_v1,2018,2017,0.7502688732692903,0.39999999999999986,1,High,2,declining_revenue_trend|declining_cash_flow_trend,Revenue trend over the available years is negative. | Operating cash flow trend over the available years is negative.,ML probability 0.750 against threshold 0.400. 2 rule-based red flag(s) were triggered. Key reasons: Revenue trend over the available years is negative.; Operating cash flow trend over the available years is negative.,This score estimates how closely the company's financial pattern resembles historical wilful defaulter cases in the training dataset.,0.0
Housing Development and Infra,L70100MH1996PLC101379,hist_gradient_boosting,tier1a_v1,2018,2018,0.7471623868455837,0.39999999999999986,1,High,2,declining_revenue_trend|declining_cash_flow_trend,Revenue trend over the available years is negative. | Operating cash flow trend over the available years is negative.,ML probability 0.747 against threshold 0.400. 2 rule-based red flag(s) were triggered. Key reasons: Revenue trend over the available years is negative.; Operating cash flow trend over the available years is negative.,This score estimates how closely the company's financial pattern resembles historical wilful defaulter cases in the training dataset.,0.0
Monnet Ispat & Energy Ltd,L02710CT1990PLC009826,hist_gradient_boosting,tier1a_v1,2016,2014,0.7513877516601647,0.39999999999999986,1,High,3,excessive_leverage|declining_revenue_trend|rising_borrowings_trend,"Debt-to-equity is above 2, indicating elevated leverage. | Revenue trend over the available years is negative. | Borrowings trend over the available years is increasing.","ML probability 0.751 against threshold 0.400. 3 rule-based red flag(s) were triggered. Key reasons: Debt-to-equity is above 2, indicating elevated leverage.; Revenue trend over the available years is negative.; Borrowings trend over the available years is increasing.",This score estimates how closely the company's financial pattern resembles historical wilful defaulter cases in the training dataset.,0.0
Monnet Ispat & Energy Ltd,L02710CT1990PLC009826,hist_gradient_boosting,tier1a_v1,2016,2015,0.7519438471464108,0.39999999999999986,1,High,7,weak_interest_coverage|excessive_leverage|negative_profit_margin|declining_revenue_trend|rising_borrowings_trend|leverage_spike|margin_drop,"Interest coverage is below 1, suggesting operating earnings may not comfortably cover finance costs. | Debt-to-equity is above 2, indicating elevated leverage. | Net profit margin is negative.","ML probability 0.752 against threshold 0.400. 7 rule-based red flag(s) were triggered. Key reasons: Interest coverage is below 1, suggesting operating earnings may not comfortably cover finance costs.; Debt-to-equity is above 2, indicating elevated leverage.; Net profit margin is negative.",This score estimates how closely the company's financial pattern resembles historical wilful defaulter cases in the training dataset.,0.0
Monnet Ispat & Energy Ltd,L02710CT1990PLC009826,hist_gradient_boosting,tier1a_v1,2016,2016,0.7521646223300682,0.39999999999999986,1,High,7,weak_interest_coverage|excessive_leverage|negative_profit_margin|declining_revenue_trend|rising_borrowings_trend|leverage_spike|margin_drop,"Interest coverage is below 1, suggesting operating earnings may not comfortably cover finance costs. | Debt-to-equity is above 2, indicating elevated leverage. | Net profit margin is negative.","ML probability 0.752 against threshold 0.400. 7 rule-based red flag(s) were triggered. Key reasons: Interest coverage is below 1, suggesting operating earnings may not comfortably cover finance costs.; Debt-to-equity is above 2, indicating elevated leverage.; Net profit margin is negative.",This score estimates how closely the company's financial pattern resembles historical wilful defaulter cases in the training dataset.,0.0
Ruchi Soya Industries Ltd,L15140MH1986PLC038536,hist_gradient_boosting,tier1a_v1,2016,2014,0.6241247661897144,0.39999999999999986,1,High,2,declining_cash_flow_trend|rising_borrowings_trend,Operating cash flow trend over the available years is negative. | Borrowings trend over the available years is increasing.,ML probability 0.624 against threshold 0.400. 2 rule-based red flag(s) were triggered. Key reasons: Operating cash flow trend over the available years is negative.; Borrowings trend over the available years is increasing.,This score estimates how closely the company's financial pattern resembles historical wilful defaulter cases in the training dataset.,0.0
Ruchi Soya Industries Ltd,L15140MH1986PLC038536,hist_gradient_boosting,tier1a_v1,2016,2015,0.6983143768122533,0.39999999999999986,1,High,4,negative_operating_cash_flow|declining_cash_flow_trend|rising_borrowings_trend|leverage_spike,Operating cash flow is negative despite positive revenue. | Operating cash flow trend over the available years is negative. | Borrowings trend over the available years is increasing.,ML probability 0.698 against threshold 0.400. 4 rule-based red flag(s) were triggered. Key reasons: Operating cash flow is negative despite positive revenue.; Operating cash flow trend over the available years is negative.; Borrowings trend over the available years is increasing.,This score estimates how closely the company's financial pattern resembles historical wilful defaulter cases in the training dataset.,0.0
Ruchi Soya Industries Ltd,L15140MH1986PLC038536,hist_gradient_boosting,tier1a_v1,2016,2016,0.7326010126130258,0.39999999999999986,1,High,7,weak_interest_coverage|excessive_leverage|negative_operating_cash_flow|negative_profit_margin|declining_cash_flow_trend|rising_borrowings_trend|leverage_spike,"Interest coverage is below 1, suggesting operating earnings may not comfortably cover finance costs. | Debt-to-equity is above 2, indicating elevated leverage. | Operating cash flow is negative despite positive revenue.","ML probability 0.733 against threshold 0.400. 7 rule-based red flag(s) were triggered. Key reasons: Interest coverage is below 1, suggesting operating earnings may not comfortably cover finance costs.; Debt-to-equity is above 2, indicating elevated leverage.; Operating cash flow is negative despite positive revenue.",This score estimates how closely the company's financial pattern resembles historical wilful defaulter cases in the training dataset.,0.0
SVOGL Oil Gas and Energy,L74899DL1989PLC038542,hist_gradient_boosting,tier1a_v1,2015,2013,0.7520273650869048,0.39999999999999986,1,High,4,excessive_leverage|declining_revenue_trend|declining_cash_flow_trend|rising_borrowings_trend,"Debt-to-equity is above 2, indicating elevated leverage. | Revenue trend over the available years is negative. | Operating cash flow trend over the available years is negative.","ML probability 0.752 against threshold 0.400. 4 rule-based red flag(s) were triggered. Key reasons: Debt-to-equity is above 2, indicating elevated leverage.; Revenue trend over the available years is negative.; Operating cash flow trend over the available years is negative.",This score estimates how closely the company's financial pattern resembles historical wilful defaulter cases in the training dataset.,0.0
SVOGL Oil Gas and Energy,L74899DL1989PLC038542,hist_gradient_boosting,tier1a_v1,2015,2014,0.7521202462350157,0.39999999999999986,1,High,9,weak_interest_coverage|excessive_leverage|negative_operating_cash_flow|negative_profit_margin|declining_revenue_trend|declining_cash_flow_trend|rising_borrowings_trend|leverage_spike|margin_drop,"Interest coverage is below 1, suggesting operating earnings may not comfortably cover finance costs. | Debt-to-equity is above 2, indicating elevated leverage. | Operating cash flow is negative despite positive revenue.","ML probability 0.752 against threshold 0.400. 9 rule-based red flag(s) were triggered. Key reasons: Interest coverage is below 1, suggesting operating earnings may not comfortably cover finance costs.; Debt-to-equity is above 2, indicating elevated leverage.; Operating cash flow is negative despite positive revenue.",This score estimates how closely the company's financial pattern resembles historical wilful defaulter cases in the training dataset.,0.0
SVOGL Oil Gas and Energy,L74899DL1989PLC038542,hist_gradient_boosting,tier1a_v1,2015,2015,0.752140713637933,0.39999999999999986,1,High,9,weak_interest_coverage|excessive_leverage|negative_operating_cash_flow|negative_profit_margin|declining_revenue_trend|declining_cash_flow_trend|rising_borrowings_trend|leverage_spike|margin_drop,"Interest coverage is below 1, suggesting operating earnings may not comfortably cover finance costs. | Debt-to-equity is above 2, indicating elevated leverage. | Operating cash flow is negative despite positive revenue.","ML probability 0.752 against threshold 0.400. 9 rule-based red flag(s) were triggered. Key reasons: Interest coverage is below 1, suggesting operating earnings may not comfortably cover finance costs.; Debt-to-equity is above 2, indicating elevated leverage.; Operating cash flow is negative despite positive revenue.",This score estimates how closely the company's financial pattern resembles historical wilful defaulter cases in the training dataset.,0.0
First Leasing Co of India,L65910TN1973PLC006423,hist_gradient_boosting,tier1a_v1,2013,2011,0.7512942880728218,0.39999999999999986,1,High,4,excessive_leverage|negative_operating_cash_flow|declining_cash_flow_trend|rising_borrowings_trend,"Debt-to-equity is above 2, indicating elevated leverage. | Operating cash flow is negative despite positive revenue. | Operating cash flow trend over the available years is negative.","ML probability 0.751 against threshold 0.400. 4 rule-based red flag(s) were triggered. Key reasons: Debt-to-equity is above 2, indicating elevated leverage.; Operating cash flow is negative despite positive revenue.; Operating cash flow trend over the available years is negative.",This score estimates how closely the company's financial pattern resembles historical wilful defaulter cases in the training dataset.,0.0
First Leasing Co of India,L65910TN1973PLC006423,hist_gradient_boosting,tier1a_v1,2013,2012,0.752048840062786,0.39999999999999986,1,High,5,excessive_leverage|negative_operating_cash_flow|declining_cash_flow_trend|rising_borrowings_trend|margin_drop,"Debt-to-equity is above 2, indicating elevated leverage. | Operating cash flow is negative despite positive revenue. | Operating cash flow trend over the available years is negative.","ML probability 0.752 against threshold 0.400. 5 rule-based red flag(s) were triggered. Key reasons: Debt-to-equity is above 2, indicating elevated leverage.; Operating cash flow is negative despite positive revenue.; Operating cash flow trend over the available years is negative.",This score estimates how closely the company's financial pattern resembles historical wilful defaulter cases in the training dataset.,0.0
First Leasing Co of India,L65910TN1973PLC006423,hist_gradient_boosting,tier1a_v1,2013,2013,0.7520550202359958,0.39999999999999986,1,High,4,excessive_leverage|negative_operating_cash_flow|declining_cash_flow_trend|rising_borrowings_trend,"Debt-to-equity is above 2, indicating elevated leverage. | Operating cash flow is negative despite positive revenue. | Operating cash flow trend over the available years is negative.","ML probability 0.752 against threshold 0.400. 4 rule-based red flag(s) were triggered. Key reasons: Debt-to-equity is above 2, indicating elevated leverage.; Operating cash flow is negative despite positive revenue.; Operating cash flow trend over the available years is negative.",This score estimates how closely the company's financial pattern resembles historical wilful defaulter cases in the training dataset.,0.0
Winsome Diamonds and Jewellery,L36910GJ1985PLC015915,hist_gradient_boosting,tier1a_v1,2012,2010,0.7424101259250829,0.39999999999999986,1,High,2,declining_cash_flow_trend|rising_borrowings_trend,Operating cash flow trend over the available years is negative. | Borrowings trend over the available years is increasing.,ML probability 0.742 against threshold 0.400. 2 rule-based red flag(s) were triggered. Key reasons: Operating cash flow trend over the available years is negative.; Borrowings trend over the available years is increasing.,This score estimates how closely the company's financial pattern resembles historical wilful defaulter cases in the training dataset.,0.0
Winsome Diamonds and Jewellery,L36910GJ1985PLC015915,hist_gradient_boosting,tier1a_v1,2012,2011,0.7421969213730384,0.39999999999999986,1,High,2,declining_cash_flow_trend|rising_borrowings_trend,Operating cash flow trend over the available years is negative. | Borrowings trend over the available years is increasing.,ML probability 0.742 against threshold 0.400. 2 rule-based red flag(s) were triggered. Key reasons: Operating cash flow trend over the available years is negative.; Borrowings trend over the available years is increasing.,This score estimates how closely the company's financial pattern resembles historical wilful defaulter cases in the training dataset.,0.0
Winsome Diamonds and Jewellery,L36910GJ1985PLC015915,hist_gradient_boosting,tier1a_v1,2012,2012,0.7436898003517382,0.39999999999999986,1,High,3,negative_operating_cash_flow|declining_cash_flow_trend|rising_borrowings_trend,Operating cash flow is negative despite positive revenue. | Operating cash flow trend over the available years is negative. | Borrowings trend over the available years is increasing.,ML probability 0.744 against threshold 0.400. 3 rule-based red flag(s) were triggered. Key reasons: Operating cash flow is negative despite positive revenue.; Operating cash flow trend over the available years is negative.; Borrowings trend over the available years is increasing.,This score estimates how closely the company's financial pattern resembles historical wilful defaulter cases in the training dataset.,0.0
Moser Baer India,L51909DL1983PLC015418,hist_gradient_boosting,tier1a_v1,2016,2013,0.7521486953250259,0.39999999999999986,1,High,5,weak_interest_coverage|negative_profit_margin|declining_revenue_trend|declining_cash_flow_trend|rising_borrowings_trend,"Interest coverage is below 1, suggesting operating earnings may not comfortably cover finance costs. | Net profit margin is negative. | Revenue trend over the available years is negative.","ML probability 0.752 against threshold 0.400. 5 rule-based red flag(s) were triggered. Key reasons: Interest coverage is below 1, suggesting operating earnings may not comfortably cover finance costs.; Net profit margin is negative.; Revenue trend over the available years is negative.",This score estimates how closely the company's financial pattern resembles historical wilful defaulter cases in the training dataset.,0.0
Moser Baer India,L51909DL1983PLC015418,hist_gradient_boosting,tier1a_v1,2016,2015,0.752169966094224,0.39999999999999986,1,High,6,weak_interest_coverage|negative_profit_margin|declining_revenue_trend|declining_cash_flow_trend|rising_borrowings_trend|margin_drop,"Interest coverage is below 1, suggesting operating earnings may not comfortably cover finance costs. | Net profit margin is negative. | Revenue trend over the available years is negative.","ML probability 0.752 against threshold 0.400. 6 rule-based red flag(s) were triggered. Key reasons: Interest coverage is below 1, suggesting operating earnings may not comfortably cover finance costs.; Net profit margin is negative.; Revenue trend over the available years is negative.",This score estimates how closely the company's financial pattern resembles historical wilful defaulter cases in the training dataset.,0.0
Moser Baer India,L51909DL1983PLC015418,hist_gradient_boosting,tier1a_v1,2016,2016,0.7521850078478715,0.39999999999999986,1,High,6,weak_interest_coverage|negative_profit_margin|declining_revenue_trend|declining_cash_flow_trend|rising_borrowings_trend|margin_drop,"Interest coverage is below 1, suggesting operating earnings may not comfortably cover finance costs. | Net profit margin is negative. | Revenue trend over the available years is negative.","ML probability 0.752 against threshold 0.400. 6 rule-based red flag(s) were triggered. Key reasons: Interest coverage is below 1, suggesting operating earnings may not comfortably cover finance costs.; Net profit margin is negative.; Revenue trend over the available years is negative.",This score estimates how closely the company's financial pattern resembles historical wilful defaulter cases in the training dataset.,0.0
S Kumars Nationwide,L17120MH1990PLC058361,hist_gradient_boosting,tier1a_v1,2013,2011,0.4409753987057956,0.39999999999999986,1,High,2,negative_operating_cash_flow|rising_borrowings_trend,Operating cash flow is negative despite positive revenue. | Borrowings trend over the available years is increasing.,ML probability 0.441 against threshold 0.400. 2 rule-based red flag(s) were triggered. Key reasons: Operating cash flow is negative despite positive revenue.; Borrowings trend over the available years is increasing.,This score estimates how closely the company's financial pattern resembles historical wilful defaulter cases in the training dataset.,0.0
S Kumars Nationwide,L17120MH1990PLC058361,hist_gradient_boosting,tier1a_v1,2013,2012,0.3497023312296838,0.39999999999999986,0,Medium,1,rising_borrowings_trend,Borrowings trend over the available years is increasing.,ML probability 0.350 against threshold 0.400. 1 rule-based red flag(s) were triggered. Key reasons: Borrowings trend over the available years is increasing.,This score estimates how closely the company's financial pattern resembles historical wilful defaulter cases in the training dataset.,0.0
S Kumars Nationwide,L17120MH1990PLC058361,hist_gradient_boosting,tier1a_v1,2013,2013,0.5778122236055117,0.39999999999999986,1,High,6,weak_interest_coverage|excessive_leverage|negative_profit_margin|rising_borrowings_trend|leverage_spike|margin_drop,"Interest coverage is below 1, suggesting operating earnings may not comfortably cover finance costs. | Debt-to-equity is above 2, indicating elevated leverage. | Net profit margin is negative.","ML probability 0.578 against threshold 0.400. 6 rule-based red flag(s) were triggered. Key reasons: Interest coverage is below 1, suggesting operating earnings may not comfortably cover finance costs.; Debt-to-equity is above 2, indicating elevated leverage.; Net profit margin is negative.",This score estimates how closely the company's financial pattern resembles historical wilful defaulter cases in the training dataset.,0.0
