company_name,cin,years_received,latest_financial_year,model_name,model_version,ml_probability,model_threshold,ml_class,risk_band,rule_flags_triggered,rule_flag_count,top_reasons,support_summary,warnings,yearwise_scores_json
ABG Shipyard Ltd,L61200GJ1985PLC007730,3,2016,hist_gradient_boosting,tier1a_v1,0.752130758736122,0.39999999999999986,1,High,weak_interest_coverage|weak_liquidity|negative_operating_cash_flow|negative_profit_margin|declining_revenue_trend|declining_cash_flow_trend|rising_borrowings_trend|margin_drop,8,"Interest coverage is below 1, suggesting operating earnings may not comfortably cover finance costs. | Current ratio is below 1, indicating a short-term liquidity deficit. | Operating cash flow is negative despite positive revenue.","ML probability 0.752 against threshold 0.400. 8 rule-based red flag(s) were triggered. Key reasons: Interest coverage is below 1, suggesting operating earnings may not comfortably cover finance costs.; Current ratio is below 1, indicating a short-term liquidity deficit.; Operating cash flow is negative despite positive revenue.",,"[{""financial_year"": 2014, ""ml_probability"": 0.7513238028086736, ""model_threshold"": 0.39999999999999986, ""ml_class"": 1, ""rule_flags_triggered"": [""weak_interest_coverage"", ""excessive_leverage"", ""negative_operating_cash_flow"", ""negative_profit_margin"", ""large_contingent_liabilities"", ""declining_revenue_trend"", ""declining_cash_flow_trend"", ""rising_borrowings_trend""], ""rule_flag_count"": 8, ""critical_rule_count"": 5, ""risk_band"": ""High"", ""top_reasons"": [""Interest coverage is below 1, suggesting operating earnings may not comfortably cover finance costs."", ""Debt-to-equity is above 2, indicating elevated leverage."", ""Operating cash flow is negative despite positive revenue.""], ""support_summary"": ""ML probability 0.751 against threshold 0.400. 8 rule-based red flag(s) were triggered. Key reasons: Interest coverage is below 1, suggesting operating earnings may not comfortably cover finance costs.; Debt-to-equity is above 2, indicating elevated leverage.; Operating cash flow is negative despite positive revenue."", ""framing_message"": ""This score estimates how closely the company's financial pattern resembles historical wilful defaulter cases in the training dataset."", ""imputed_feature_fraction"": 0.0}, {""financial_year"": 2015, ""ml_probability"": 0.7518057636257858, ""model_threshold"": 0.39999999999999986, ""ml_class"": 1, ""rule_flags_triggered"": [""weak_interest_coverage"", ""excessive_leverage"", ""negative_operating_cash_flow"", ""negative_profit_margin"", ""large_contingent_liabilities"", ""declining_revenue_trend"", ""declining_cash_flow_trend"", ""rising_borrowings_trend"", ""leverage_spike"", ""margin_drop""], ""rule_flag_count"": 10, ""critical_rule_count"": 5, ""risk_band"": ""High"", ""top_reasons"": [""Interest coverage is below 1, suggesting operating earnings may not comfortably cover finance costs."", ""Debt-to-equity is above 2, indicating elevated leverage."", ""Operating cash flow is negative despite positive revenue.""], ""support_summary"": ""ML probability 0.752 against threshold 0.400. 10 rule-based red flag(s) were triggered. Key reasons: Interest coverage is below 1, suggesting operating earnings may not comfortably cover finance costs.; Debt-to-equity is above 2, indicating elevated leverage.; Operating cash flow is negative despite positive revenue."", ""framing_message"": ""This score estimates how closely the company's financial pattern resembles historical wilful defaulter cases in the training dataset."", ""imputed_feature_fraction"": 0.0}, {""financial_year"": 2016, ""ml_probability"": 0.752130758736122, ""model_threshold"": 0.39999999999999986, ""ml_class"": 1, ""rule_flags_triggered"": [""weak_interest_coverage"", ""weak_liquidity"", ""negative_operating_cash_flow"", ""negative_profit_margin"", ""declining_revenue_trend"", ""declining_cash_flow_trend"", ""rising_borrowings_trend"", ""margin_drop""], ""rule_flag_count"": 8, ""critical_rule_count"": 4, ""risk_band"": ""High"", ""top_reasons"": [""Interest coverage is below 1, suggesting operating earnings may not comfortably cover finance costs."", ""Current ratio is below 1, indicating a short-term liquidity deficit."", ""Operating cash flow is negative despite positive revenue.""], ""support_summary"": ""ML probability 0.752 against threshold 0.400. 8 rule-based red flag(s) were triggered. Key reasons: Interest coverage is below 1, suggesting operating earnings may not comfortably cover finance costs.; Current ratio is below 1, indicating a short-term liquidity deficit.; Operating cash flow is negative despite positive revenue."", ""framing_message"": ""This score estimates how closely the company's financial pattern resembles historical wilful defaulter cases in the training dataset."", ""imputed_feature_fraction"": 0.0}]"
Alok Industries Ltd,L17110DN1986PLC000334,3,2016,hist_gradient_boosting,tier1a_v1,0.658612489983262,0.39999999999999986,1,High,weak_interest_coverage|excessive_leverage|negative_operating_cash_flow|negative_profit_margin|declining_revenue_trend|declining_cash_flow_trend|rising_borrowings_trend|leverage_spike|margin_drop,9,"Interest coverage is below 1, suggesting operating earnings may not comfortably cover finance costs. | Debt-to-equity is above 2, indicating elevated leverage. | Operating cash flow is negative despite positive revenue.","ML probability 0.659 against threshold 0.400. 9 rule-based red flag(s) were triggered. Key reasons: Interest coverage is below 1, suggesting operating earnings may not comfortably cover finance costs.; Debt-to-equity is above 2, indicating elevated leverage.; Operating cash flow is negative despite positive revenue.",More than 30% of model input features were imputed for at least one year. | One or more key financial fields were missing and had to be imputed.,"[{""financial_year"": 2013, ""ml_probability"": 0.32841341478902014, ""model_threshold"": 0.39999999999999986, ""ml_class"": 0, ""rule_flags_triggered"": [""excessive_leverage"", ""large_contingent_liabilities"", ""declining_revenue_trend"", ""declining_cash_flow_trend"", ""rising_borrowings_trend""], ""rule_flag_count"": 5, ""critical_rule_count"": 2, ""risk_band"": ""High"", ""top_reasons"": [""Debt-to-equity is above 2, indicating elevated leverage."", ""Contingent liabilities exceed 50% of net worth."", ""Revenue trend over the available years is negative.""], ""support_summary"": ""ML probability 0.328 against threshold 0.400. 5 rule-based red flag(s) were triggered. Key reasons: Debt-to-equity is above 2, indicating elevated leverage.; Contingent liabilities exceed 50% of net worth.; Revenue trend over the available years is negative."", ""framing_message"": ""This score estimates how closely the company's financial pattern resembles historical wilful defaulter cases in the training dataset."", ""imputed_feature_fraction"": 0.3333333333333333}, {""financial_year"": 2015, ""ml_probability"": 0.3288831313598158, ""model_threshold"": 0.39999999999999986, ""ml_class"": 0, ""rule_flags_triggered"": [""excessive_leverage"", ""declining_revenue_trend"", ""declining_cash_flow_trend"", ""rising_borrowings_trend""], ""rule_flag_count"": 4, ""critical_rule_count"": 1, ""risk_band"": ""High"", ""top_reasons"": [""Debt-to-equity is above 2, indicating elevated leverage."", ""Revenue trend over the available years is negative."", ""Operating cash flow trend over the available years is negative.""], ""support_summary"": ""ML probability 0.329 against threshold 0.400. 4 rule-based red flag(s) were triggered. Key reasons: Debt-to-equity is above 2, indicating elevated leverage.; Revenue trend over the available years is negative.; Operating cash flow trend over the available years is negative."", ""framing_message"": ""This score estimates how closely the company's financial pattern resembles historical wilful defaulter cases in the training dataset."", ""imputed_feature_fraction"": 0.0}, {""financial_year"": 2016, ""ml_probability"": 0.658612489983262, ""model_threshold"": 0.39999999999999986, ""ml_class"": 1, ""rule_flags_triggered"": [""weak_interest_coverage"", ""excessive_leverage"", ""negative_operating_cash_flow"", ""negative_profit_margin"", ""declining_revenue_trend"", ""declining_cash_flow_trend"", ""rising_borrowings_trend"", ""leverage_spike"", ""margin_drop""], ""rule_flag_count"": 9, ""critical_rule_count"": 4, ""risk_band"": ""High"", ""top_reasons"": [""Interest coverage is below 1, suggesting operating earnings may not comfortably cover finance costs."", ""Debt-to-equity is above 2, indicating elevated leverage."", ""Operating cash flow is negative despite positive revenue.""], ""support_summary"": ""ML probability 0.659 against threshold 0.400. 9 rule-based red flag(s) were triggered. Key reasons: Interest coverage is below 1, suggesting operating earnings may not comfortably cover finance costs.; Debt-to-equity is above 2, indicating elevated leverage.; Operating cash flow is negative despite positive revenue."", ""framing_message"": ""This score estimates how closely the company's financial pattern resembles historical wilful defaulter cases in the training dataset."", ""imputed_feature_fraction"": 0.0}]"
Asian Star Company Ltd,L36910MH1995PLC086017,3,2017,hist_gradient_boosting,tier1a_v1,0.7390439956626309,0.39999999999999986,1,High,,0,,ML probability 0.739 against threshold 0.400. No explicit rule-based red flags were triggered.,,"[{""financial_year"": 2015, ""ml_probability"": 0.7519482777140187, ""model_threshold"": 0.39999999999999986, ""ml_class"": 1, ""rule_flags_triggered"": [], ""rule_flag_count"": 0, ""critical_rule_count"": 0, ""risk_band"": ""High"", ""top_reasons"": [], ""support_summary"": ""ML probability 0.752 against threshold 0.400. No explicit rule-based red flags were triggered."", ""framing_message"": ""This score estimates how closely the company's financial pattern resembles historical wilful defaulter cases in the training dataset."", ""imputed_feature_fraction"": 0.0}, {""financial_year"": 2016, ""ml_probability"": 0.7516340438448685, ""model_threshold"": 0.39999999999999986, ""ml_class"": 1, ""rule_flags_triggered"": [], ""rule_flag_count"": 0, ""critical_rule_count"": 0, ""risk_band"": ""High"", ""top_reasons"": [], ""support_summary"": ""ML probability 0.752 against threshold 0.400. No explicit rule-based red flags were triggered."", ""framing_message"": ""This score estimates how closely the company's financial pattern resembles historical wilful defaulter cases in the training dataset."", ""imputed_feature_fraction"": 0.0}, {""financial_year"": 2017, ""ml_probability"": 0.7390439956626309, ""model_threshold"": 0.39999999999999986, ""ml_class"": 1, ""rule_flags_triggered"": [], ""rule_flag_count"": 0, ""critical_rule_count"": 0, ""risk_band"": ""High"", ""top_reasons"": [], ""support_summary"": ""ML probability 0.739 against threshold 0.400. No explicit rule-based red flags were triggered."", ""framing_message"": ""This score estimates how closely the company's financial pattern resembles historical wilful defaulter cases in the training dataset."", ""imputed_feature_fraction"": 0.0}]"
Bhushan Steel Limited,L27109DL1990PLC040690,3,2016,hist_gradient_boosting,tier1a_v1,0.7498371125555043,0.39999999999999986,1,High,weak_interest_coverage|excessive_leverage|weak_liquidity|negative_operating_cash_flow|negative_profit_margin|qualified_audit_signal|large_contingent_liabilities|declining_cash_flow_trend|rising_borrowings_trend|leverage_spike|margin_drop,11,"Interest coverage is below 1, suggesting operating earnings may not comfortably cover finance costs. | Debt-to-equity is above 2, indicating elevated leverage. | Current ratio is below 1, indicating a short-term liquidity deficit.","ML probability 0.750 against threshold 0.400. 11 rule-based red flag(s) were triggered. Key reasons: Interest coverage is below 1, suggesting operating earnings may not comfortably cover finance costs.; Debt-to-equity is above 2, indicating elevated leverage.; Current ratio is below 1, indicating a short-term liquidity deficit.",,"[{""financial_year"": 2014, ""ml_probability"": 0.7406229475650606, ""model_threshold"": 0.39999999999999986, ""ml_class"": 1, ""rule_flags_triggered"": [""excessive_leverage"", ""weak_liquidity"", ""qualified_audit_signal"", ""declining_cash_flow_trend"", ""rising_borrowings_trend""], ""rule_flag_count"": 5, ""critical_rule_count"": 3, ""risk_band"": ""High"", ""top_reasons"": [""Debt-to-equity is above 2, indicating elevated leverage."", ""Current ratio is below 1, indicating a short-term liquidity deficit."", ""A qualified, adverse, or disclaimer audit opinion was detected.""], ""support_summary"": ""ML probability 0.741 against threshold 0.400. 5 rule-based red flag(s) were triggered. Key reasons: Debt-to-equity is above 2, indicating elevated leverage.; Current ratio is below 1, indicating a short-term liquidity deficit.; A qualified, adverse, or disclaimer audit opinion was detected."", ""framing_message"": ""This score estimates how closely the company's financial pattern resembles historical wilful defaulter cases in the training dataset."", ""imputed_feature_fraction"": 0.0}, {""financial_year"": 2015, ""ml_probability"": 0.7433319182156555, ""model_threshold"": 0.39999999999999986, ""ml_class"": 1, ""rule_flags_triggered"": [""weak_interest_coverage"", ""excessive_leverage"", ""weak_liquidity"", ""negative_profit_margin"", ""qualified_audit_signal"", ""declining_cash_flow_trend"", ""rising_borrowings_trend"", ""leverage_spike"", ""margin_drop""], ""rule_flag_count"": 9, ""critical_rule_count"": 5, ""risk_band"": ""High"", ""top_reasons"": [""Interest coverage is below 1, suggesting operating earnings may not comfortably cover finance costs."", ""Debt-to-equity is above 2, indicating elevated leverage."", ""Current ratio is below 1, indicating a short-term liquidity deficit.""], ""support_summary"": ""ML probability 0.743 against threshold 0.400. 9 rule-based red flag(s) were triggered. Key reasons: Interest coverage is below 1, suggesting operating earnings may not comfortably cover finance costs.; Debt-to-equity is above 2, indicating elevated leverage.; Current ratio is below 1, indicating a short-term liquidity deficit."", ""framing_message"": ""This score estimates how closely the company's financial pattern resembles historical wilful defaulter cases in the training dataset."", ""imputed_feature_fraction"": 0.0}, {""financial_year"": 2016, ""ml_probability"": 0.7498371125555043, ""model_threshold"": 0.39999999999999986, ""ml_class"": 1, ""rule_flags_triggered"": [""weak_interest_coverage"", ""excessive_leverage"", ""weak_liquidity"", ""negative_operating_cash_flow"", ""negative_profit_margin"", ""qualified_audit_signal"", ""large_contingent_liabilities"", ""declining_cash_flow_trend"", ""rising_borrowings_trend"", ""leverage_spike"", ""margin_drop""], ""rule_flag_count"": 11, ""critical_rule_count"": 7, ""risk_band"": ""High"", ""top_reasons"": [""Interest coverage is below 1, suggesting operating earnings may not comfortably cover finance costs."", ""Debt-to-equity is above 2, indicating elevated leverage."", ""Current ratio is below 1, indicating a short-term liquidity deficit.""], ""support_summary"": ""ML probability 0.750 against threshold 0.400. 11 rule-based red flag(s) were triggered. Key reasons: Interest coverage is below 1, suggesting operating earnings may not comfortably cover finance costs.; Debt-to-equity is above 2, indicating elevated leverage.; Current ratio is below 1, indicating a short-term liquidity deficit."", ""framing_message"": ""This score estimates how closely the company's financial pattern resembles historical wilful defaulter cases in the training dataset."", ""imputed_feature_fraction"": 0.0}]"
Cox & Kings Limited,L63040MH1939PLC011352,3,2018,hist_gradient_boosting,tier1a_v1,0.4007679354850794,0.39999999999999986,1,High,negative_operating_cash_flow|declining_revenue_trend|declining_cash_flow_trend|rising_borrowings_trend,4,Operating cash flow is negative despite positive revenue. | Revenue trend over the available years is negative. | Operating cash flow trend over the available years is negative.,ML probability 0.401 against threshold 0.400. 4 rule-based red flag(s) were triggered. Key reasons: Operating cash flow is negative despite positive revenue.; Revenue trend over the available years is negative.; Operating cash flow trend over the available years is negative.,,"[{""financial_year"": 2016, ""ml_probability"": 0.3353816931119083, ""model_threshold"": 0.39999999999999986, ""ml_class"": 0, ""rule_flags_triggered"": [""declining_revenue_trend"", ""declining_cash_flow_trend"", ""rising_borrowings_trend""], ""rule_flag_count"": 3, ""critical_rule_count"": 0, ""risk_band"": ""Medium"", ""top_reasons"": [""Revenue trend over the available years is negative."", ""Operating cash flow trend over the available years is negative."", ""Borrowings trend over the available years is increasing.""], ""support_summary"": ""ML probability 0.335 against threshold 0.400. 3 rule-based red flag(s) were triggered. Key reasons: Revenue trend over the available years is negative.; Operating cash flow trend over the available years is negative.; Borrowings trend over the available years is increasing."", ""framing_message"": ""This score estimates how closely the company's financial pattern resembles historical wilful defaulter cases in the training dataset."", ""imputed_feature_fraction"": 0.0}, {""financial_year"": 2017, ""ml_probability"": 0.39745913943897915, ""model_threshold"": 0.39999999999999986, ""ml_class"": 0, ""rule_flags_triggered"": [""negative_operating_cash_flow"", ""declining_revenue_trend"", ""declining_cash_flow_trend"", ""rising_borrowings_trend""], ""rule_flag_count"": 4, ""critical_rule_count"": 1, ""risk_band"": ""High"", ""top_reasons"": [""Operating cash flow is negative despite positive revenue."", ""Revenue trend over the available years is negative."", ""Operating cash flow trend over the available years is negative.""], ""support_summary"": ""ML probability 0.397 against threshold 0.400. 4 rule-based red flag(s) were triggered. Key reasons: Operating cash flow is negative despite positive revenue.; Revenue trend over the available years is negative.; Operating cash flow trend over the available years is negative."", ""framing_message"": ""This score estimates how closely the company's financial pattern resembles historical wilful defaulter cases in the training dataset."", ""imputed_feature_fraction"": 0.0}, {""financial_year"": 2018, ""ml_probability"": 0.4007679354850794, ""model_threshold"": 0.39999999999999986, ""ml_class"": 1, ""rule_flags_triggered"": [""negative_operating_cash_flow"", ""declining_revenue_trend"", ""declining_cash_flow_trend"", ""rising_borrowings_trend""], ""rule_flag_count"": 4, ""critical_rule_count"": 1, ""risk_band"": ""High"", ""top_reasons"": [""Operating cash flow is negative despite positive revenue."", ""Revenue trend over the available years is negative."", ""Operating cash flow trend over the available years is negative.""], ""support_summary"": ""ML probability 0.401 against threshold 0.400. 4 rule-based red flag(s) were triggered. Key reasons: Operating cash flow is negative despite positive revenue.; Revenue trend over the available years is negative.; Operating cash flow trend over the available years is negative."", ""framing_message"": ""This score estimates how closely the company's financial pattern resembles historical wilful defaulter cases in the training dataset."", ""imputed_feature_fraction"": 0.0}]"
Deccan Chronicle Holdings,L22122TG2002PLC040110,3,2012,hist_gradient_boosting,tier1a_v1,0.7521225998325616,0.39999999999999986,1,High,weak_interest_coverage|excessive_leverage|weak_liquidity|negative_profit_margin|large_contingent_liabilities|declining_revenue_trend|declining_cash_flow_trend|rising_borrowings_trend|leverage_spike|margin_drop,10,"Interest coverage is below 1, suggesting operating earnings may not comfortably cover finance costs. | Debt-to-equity is above 2, indicating elevated leverage. | Current ratio is below 1, indicating a short-term liquidity deficit.","ML probability 0.752 against threshold 0.400. 10 rule-based red flag(s) were triggered. Key reasons: Interest coverage is below 1, suggesting operating earnings may not comfortably cover finance costs.; Debt-to-equity is above 2, indicating elevated leverage.; Current ratio is below 1, indicating a short-term liquidity deficit.",,"[{""financial_year"": 2010, ""ml_probability"": 0.47214282176990635, ""model_threshold"": 0.39999999999999986, ""ml_class"": 1, ""rule_flags_triggered"": [""declining_revenue_trend"", ""declining_cash_flow_trend"", ""rising_borrowings_trend""], ""rule_flag_count"": 3, ""critical_rule_count"": 0, ""risk_band"": ""High"", ""top_reasons"": [""Revenue trend over the available years is negative."", ""Operating cash flow trend over the available years is negative."", ""Borrowings trend over the available years is increasing.""], ""support_summary"": ""ML probability 0.472 against threshold 0.400. 3 rule-based red flag(s) were triggered. Key reasons: Revenue trend over the available years is negative.; Operating cash flow trend over the available years is negative.; Borrowings trend over the available years is increasing."", ""framing_message"": ""This score estimates how closely the company's financial pattern resembles historical wilful defaulter cases in the training dataset."", ""imputed_feature_fraction"": 0.0}, {""financial_year"": 2011, ""ml_probability"": 0.34374973957168975, ""model_threshold"": 0.39999999999999986, ""ml_class"": 0, ""rule_flags_triggered"": [""declining_revenue_trend"", ""declining_cash_flow_trend"", ""rising_borrowings_trend"", ""leverage_spike"", ""margin_drop""], ""rule_flag_count"": 5, ""critical_rule_count"": 0, ""risk_band"": ""Medium"", ""top_reasons"": [""Revenue trend over the available years is negative."", ""Operating cash flow trend over the available years is negative."", ""Borrowings trend over the available years is increasing.""], ""support_summary"": ""ML probability 0.344 against threshold 0.400. 5 rule-based red flag(s) were triggered. Key reasons: Revenue trend over the available years is negative.; Operating cash flow trend over the available years is negative.; Borrowings trend over the available years is increasing."", ""framing_message"": ""This score estimates how closely the company's financial pattern resembles historical wilful defaulter cases in the training dataset."", ""imputed_feature_fraction"": 0.0}, {""financial_year"": 2012, ""ml_probability"": 0.7521225998325616, ""model_threshold"": 0.39999999999999986, ""ml_class"": 1, ""rule_flags_triggered"": [""weak_interest_coverage"", ""excessive_leverage"", ""weak_liquidity"", ""negative_profit_margin"", ""large_contingent_liabilities"", ""declining_revenue_trend"", ""declining_cash_flow_trend"", ""rising_borrowings_trend"", ""leverage_spike"", ""margin_drop""], ""rule_flag_count"": 10, ""critical_rule_count"": 5, ""risk_band"": ""High"", ""top_reasons"": [""Interest coverage is below 1, suggesting operating earnings may not comfortably cover finance costs."", ""Debt-to-equity is above 2, indicating elevated leverage."", ""Current ratio is below 1, indicating a short-term liquidity deficit.""], ""support_summary"": ""ML probability 0.752 against threshold 0.400. 10 rule-based red flag(s) were triggered. Key reasons: Interest coverage is below 1, suggesting operating earnings may not comfortably cover finance costs.; Debt-to-equity is above 2, indicating elevated leverage.; Current ratio is below 1, indicating a short-term liquidity deficit."", ""framing_message"": ""This score estimates how closely the company's financial pattern resembles historical wilful defaulter cases in the training dataset."", ""imputed_feature_fraction"": 0.0}]"
Elder Pharmaceuticals Ltd,L24239MH1983PLC029714,3,2014,hist_gradient_boosting,tier1a_v1,0.6918084764258701,0.39999999999999986,1,High,weak_liquidity|declining_revenue_trend|margin_drop,3,"Current ratio is below 1, indicating a short-term liquidity deficit. | Revenue trend over the available years is negative. | Net profit margin deteriorated materially year over year.","ML probability 0.692 against threshold 0.400. 3 rule-based red flag(s) were triggered. Key reasons: Current ratio is below 1, indicating a short-term liquidity deficit.; Revenue trend over the available years is negative.; Net profit margin deteriorated materially year over year.",,"[{""financial_year"": 2012, ""ml_probability"": 0.4914184212315941, ""model_threshold"": 0.39999999999999986, ""ml_class"": 1, ""rule_flags_triggered"": [""declining_revenue_trend""], ""rule_flag_count"": 1, ""critical_rule_count"": 0, ""risk_band"": ""High"", ""top_reasons"": [""Revenue trend over the available years is negative.""], ""support_summary"": ""ML probability 0.491 against threshold 0.400. 1 rule-based red flag(s) were triggered. Key reasons: Revenue trend over the available years is negative."", ""framing_message"": ""This score estimates how closely the company's financial pattern resembles historical wilful defaulter cases in the training dataset."", ""imputed_feature_fraction"": 0.0}, {""financial_year"": 2013, ""ml_probability"": 0.6418863628422083, ""model_threshold"": 0.39999999999999986, ""ml_class"": 1, ""rule_flags_triggered"": [""weak_liquidity"", ""negative_operating_cash_flow"", ""declining_revenue_trend""], ""rule_flag_count"": 3, ""critical_rule_count"": 2, ""risk_band"": ""High"", ""top_reasons"": [""Current ratio is below 1, indicating a short-term liquidity deficit."", ""Operating cash flow is negative despite positive revenue."", ""Revenue trend over the available years is negative.""], ""support_summary"": ""ML probability 0.642 against threshold 0.400. 3 rule-based red flag(s) were triggered. Key reasons: Current ratio is below 1, indicating a short-term liquidity deficit.; Operating cash flow is negative despite positive revenue.; Revenue trend over the available years is negative."", ""framing_message"": ""This score estimates how closely the company's financial pattern resembles historical wilful defaulter cases in the training dataset."", ""imputed_feature_fraction"": 0.0}, {""financial_year"": 2014, ""ml_probability"": 0.6918084764258701, ""model_threshold"": 0.39999999999999986, ""ml_class"": 1, ""rule_flags_triggered"": [""weak_liquidity"", ""declining_revenue_trend"", ""margin_drop""], ""rule_flag_count"": 3, ""critical_rule_count"": 1, ""risk_band"": ""High"", ""top_reasons"": [""Current ratio is below 1, indicating a short-term liquidity deficit."", ""Revenue trend over the available years is negative."", ""Net profit margin deteriorated materially year over year.""], ""support_summary"": ""ML probability 0.692 against threshold 0.400. 3 rule-based red flag(s) were triggered. Key reasons: Current ratio is below 1, indicating a short-term liquidity deficit.; Revenue trend over the available years is negative.; Net profit margin deteriorated materially year over year."", ""framing_message"": ""This score estimates how closely the company's financial pattern resembles historical wilful defaulter cases in the training dataset."", ""imputed_feature_fraction"": 0.0}]"
Era Infra Engineering,L74899DL1990PLC041350,3,2017,hist_gradient_boosting,tier1a_v1,0.752183726167995,0.39999999999999986,1,High,weak_interest_coverage|negative_profit_margin|declining_revenue_trend|rising_borrowings_trend,4,"Interest coverage is below 1, suggesting operating earnings may not comfortably cover finance costs. | Net profit margin is negative. | Revenue trend over the available years is negative.","ML probability 0.752 against threshold 0.400. 4 rule-based red flag(s) were triggered. Key reasons: Interest coverage is below 1, suggesting operating earnings may not comfortably cover finance costs.; Net profit margin is negative.; Revenue trend over the available years is negative.",,"[{""financial_year"": 2015, ""ml_probability"": 0.7520907136387496, ""model_threshold"": 0.39999999999999986, ""ml_class"": 1, ""rule_flags_triggered"": [""weak_interest_coverage"", ""excessive_leverage"", ""negative_profit_margin"", ""declining_revenue_trend"", ""rising_borrowings_trend""], ""rule_flag_count"": 5, ""critical_rule_count"": 3, ""risk_band"": ""High"", ""top_reasons"": [""Interest coverage is below 1, suggesting operating earnings may not comfortably cover finance costs."", ""Debt-to-equity is above 2, indicating elevated leverage."", ""Net profit margin is negative.""], ""support_summary"": ""ML probability 0.752 against threshold 0.400. 5 rule-based red flag(s) were triggered. Key reasons: Interest coverage is below 1, suggesting operating earnings may not comfortably cover finance costs.; Debt-to-equity is above 2, indicating elevated leverage.; Net profit margin is negative."", ""framing_message"": ""This score estimates how closely the company's financial pattern resembles historical wilful defaulter cases in the training dataset."", ""imputed_feature_fraction"": 0.0}, {""financial_year"": 2016, ""ml_probability"": 0.7521827009507678, ""model_threshold"": 0.39999999999999986, ""ml_class"": 1, ""rule_flags_triggered"": [""weak_interest_coverage"", ""negative_profit_margin"", ""declining_revenue_trend"", ""rising_borrowings_trend"", ""margin_drop""], ""rule_flag_count"": 5, ""critical_rule_count"": 2, ""risk_band"": ""High"", ""top_reasons"": [""Interest coverage is below 1, suggesting operating earnings may not comfortably cover finance costs."", ""Net profit margin is negative."", ""Revenue trend over the available years is negative.""], ""support_summary"": ""ML probability 0.752 against threshold 0.400. 5 rule-based red flag(s) were triggered. Key reasons: Interest coverage is below 1, suggesting operating earnings may not comfortably cover finance costs.; Net profit margin is negative.; Revenue trend over the available years is negative."", ""framing_message"": ""This score estimates how closely the company's financial pattern resembles historical wilful defaulter cases in the training dataset."", ""imputed_feature_fraction"": 0.0}, {""financial_year"": 2017, ""ml_probability"": 0.752183726167995, ""model_threshold"": 0.39999999999999986, ""ml_class"": 1, ""rule_flags_triggered"": [""weak_interest_coverage"", ""negative_profit_margin"", ""declining_revenue_trend"", ""rising_borrowings_trend""], ""rule_flag_count"": 4, ""critical_rule_count"": 2, ""risk_band"": ""High"", ""top_reasons"": [""Interest coverage is below 1, suggesting operating earnings may not comfortably cover finance costs."", ""Net profit margin is negative."", ""Revenue trend over the available years is negative.""], ""support_summary"": ""ML probability 0.752 against threshold 0.400. 4 rule-based red flag(s) were triggered. Key reasons: Interest coverage is below 1, suggesting operating earnings may not comfortably cover finance costs.; Net profit margin is negative.; Revenue trend over the available years is negative."", ""framing_message"": ""This score estimates how closely the company's financial pattern resembles historical wilful defaulter cases in the training dataset."", ""imputed_feature_fraction"": 0.0}]"
Gammon India Ltd,L74999DL1922PLC000997,3,2017,hist_gradient_boosting,tier1a_v1,0.7513897607250297,0.39999999999999986,1,High,weak_interest_coverage|excessive_leverage|weak_liquidity|negative_profit_margin|large_contingent_liabilities|declining_revenue_trend|leverage_spike|margin_drop,8,"Interest coverage is below 1, suggesting operating earnings may not comfortably cover finance costs. | Debt-to-equity is above 2, indicating elevated leverage. | Current ratio is below 1, indicating a short-term liquidity deficit.","ML probability 0.751 against threshold 0.400. 8 rule-based red flag(s) were triggered. Key reasons: Interest coverage is below 1, suggesting operating earnings may not comfortably cover finance costs.; Debt-to-equity is above 2, indicating elevated leverage.; Current ratio is below 1, indicating a short-term liquidity deficit.",,"[{""financial_year"": 2014, ""ml_probability"": 0.7521609080212727, ""model_threshold"": 0.39999999999999986, ""ml_class"": 1, ""rule_flags_triggered"": [""excessive_leverage"", ""negative_operating_cash_flow"", ""large_contingent_liabilities"", ""declining_revenue_trend""], ""rule_flag_count"": 4, ""critical_rule_count"": 3, ""risk_band"": ""High"", ""top_reasons"": [""Debt-to-equity is above 2, indicating elevated leverage."", ""Operating cash flow is negative despite positive revenue."", ""Contingent liabilities exceed 50% of net worth.""], ""support_summary"": ""ML probability 0.752 against threshold 0.400. 4 rule-based red flag(s) were triggered. Key reasons: Debt-to-equity is above 2, indicating elevated leverage.; Operating cash flow is negative despite positive revenue.; Contingent liabilities exceed 50% of net worth."", ""framing_message"": ""This score estimates how closely the company's financial pattern resembles historical wilful defaulter cases in the training dataset."", ""imputed_feature_fraction"": 0.0}, {""financial_year"": 2016, ""ml_probability"": 0.7518945502482061, ""model_threshold"": 0.39999999999999986, ""ml_class"": 1, ""rule_flags_triggered"": [""excessive_leverage"", ""weak_liquidity"", ""large_contingent_liabilities"", ""declining_revenue_trend""], ""rule_flag_count"": 4, ""critical_rule_count"": 3, ""risk_band"": ""High"", ""top_reasons"": [""Debt-to-equity is above 2, indicating elevated leverage."", ""Current ratio is below 1, indicating a short-term liquidity deficit."", ""Contingent liabilities exceed 50% of net worth.""], ""support_summary"": ""ML probability 0.752 against threshold 0.400. 4 rule-based red flag(s) were triggered. Key reasons: Debt-to-equity is above 2, indicating elevated leverage.; Current ratio is below 1, indicating a short-term liquidity deficit.; Contingent liabilities exceed 50% of net worth."", ""framing_message"": ""This score estimates how closely the company's financial pattern resembles historical wilful defaulter cases in the training dataset."", ""imputed_feature_fraction"": 0.0}, {""financial_year"": 2017, ""ml_probability"": 0.7513897607250297, ""model_threshold"": 0.39999999999999986, ""ml_class"": 1, ""rule_flags_triggered"": [""weak_interest_coverage"", ""excessive_leverage"", ""weak_liquidity"", ""negative_profit_margin"", ""large_contingent_liabilities"", ""declining_revenue_trend"", ""leverage_spike"", ""margin_drop""], ""rule_flag_count"": 8, ""critical_rule_count"": 5, ""risk_band"": ""High"", ""top_reasons"": [""Interest coverage is below 1, suggesting operating earnings may not comfortably cover finance costs."", ""Debt-to-equity is above 2, indicating elevated leverage."", ""Current ratio is below 1, indicating a short-term liquidity deficit.""], ""support_summary"": ""ML probability 0.751 against threshold 0.400. 8 rule-based red flag(s) were triggered. Key reasons: Interest coverage is below 1, suggesting operating earnings may not comfortably cover finance costs.; Debt-to-equity is above 2, indicating elevated leverage.; Current ratio is below 1, indicating a short-term liquidity deficit."", ""framing_message"": ""This score estimates how closely the company's financial pattern resembles historical wilful defaulter cases in the training dataset."", ""imputed_feature_fraction"": 0.0}]"
Gitanjali Gems Limited,L36911MH1986PLC040689,3,2017,hist_gradient_boosting,tier1a_v1,0.7442946644037637,0.39999999999999986,1,High,large_contingent_liabilities|rising_borrowings_trend,2,Contingent liabilities exceed 50% of net worth. | Borrowings trend over the available years is increasing.,ML probability 0.744 against threshold 0.400. 2 rule-based red flag(s) were triggered. Key reasons: Contingent liabilities exceed 50% of net worth.; Borrowings trend over the available years is increasing.,,"[{""financial_year"": 2015, ""ml_probability"": 0.7510368368951938, ""model_threshold"": 0.39999999999999986, ""ml_class"": 1, ""rule_flags_triggered"": [""large_contingent_liabilities"", ""rising_borrowings_trend""], ""rule_flag_count"": 2, ""critical_rule_count"": 1, ""risk_band"": ""High"", ""top_reasons"": [""Contingent liabilities exceed 50% of net worth."", ""Borrowings trend over the available years is increasing.""], ""support_summary"": ""ML probability 0.751 against threshold 0.400. 2 rule-based red flag(s) were triggered. Key reasons: Contingent liabilities exceed 50% of net worth.; Borrowings trend over the available years is increasing."", ""framing_message"": ""This score estimates how closely the company's financial pattern resembles historical wilful defaulter cases in the training dataset."", ""imputed_feature_fraction"": 0.0}, {""financial_year"": 2016, ""ml_probability"": 0.7520186165254155, ""model_threshold"": 0.39999999999999986, ""ml_class"": 1, ""rule_flags_triggered"": [""large_contingent_liabilities"", ""rising_borrowings_trend""], ""rule_flag_count"": 2, ""critical_rule_count"": 1, ""risk_band"": ""High"", ""top_reasons"": [""Contingent liabilities exceed 50% of net worth."", ""Borrowings trend over the available years is increasing.""], ""support_summary"": ""ML probability 0.752 against threshold 0.400. 2 rule-based red flag(s) were triggered. Key reasons: Contingent liabilities exceed 50% of net worth.; Borrowings trend over the available years is increasing."", ""framing_message"": ""This score estimates how closely the company's financial pattern resembles historical wilful defaulter cases in the training dataset."", ""imputed_feature_fraction"": 0.0}, {""financial_year"": 2017, ""ml_probability"": 0.7442946644037637, ""model_threshold"": 0.39999999999999986, ""ml_class"": 1, ""rule_flags_triggered"": [""large_contingent_liabilities"", ""rising_borrowings_trend""], ""rule_flag_count"": 2, ""critical_rule_count"": 1, ""risk_band"": ""High"", ""top_reasons"": [""Contingent liabilities exceed 50% of net worth."", ""Borrowings trend over the available years is increasing.""], ""support_summary"": ""ML probability 0.744 against threshold 0.400. 2 rule-based red flag(s) were triggered. Key reasons: Contingent liabilities exceed 50% of net worth.; Borrowings trend over the available years is increasing."", ""framing_message"": ""This score estimates how closely the company's financial pattern resembles historical wilful defaulter cases in the training dataset."", ""imputed_feature_fraction"": 0.0}]"
HCC (Hindustan Construction Co Ltd),L26922MH1926PLC000407,3,2018,hist_gradient_boosting,tier1a_v1,0.7506028807028585,0.39999999999999986,1,High,weak_liquidity|qualified_audit_signal,2,"Current ratio is below 1, indicating a short-term liquidity deficit. | A qualified, adverse, or disclaimer audit opinion was detected.","ML probability 0.751 against threshold 0.400. 2 rule-based red flag(s) were triggered. Key reasons: Current ratio is below 1, indicating a short-term liquidity deficit.; A qualified, adverse, or disclaimer audit opinion was detected.",,"[{""financial_year"": 2016, ""ml_probability"": 0.7513500857723739, ""model_threshold"": 0.39999999999999986, ""ml_class"": 1, ""rule_flags_triggered"": [""excessive_leverage"", ""weak_liquidity"", ""qualified_audit_signal"", ""large_contingent_liabilities""], ""rule_flag_count"": 4, ""critical_rule_count"": 4, ""risk_band"": ""High"", ""top_reasons"": [""Debt-to-equity is above 2, indicating elevated leverage."", ""Current ratio is below 1, indicating a short-term liquidity deficit."", ""A qualified, adverse, or disclaimer audit opinion was detected.""], ""support_summary"": ""ML probability 0.751 against threshold 0.400. 4 rule-based red flag(s) were triggered. Key reasons: Debt-to-equity is above 2, indicating elevated leverage.; Current ratio is below 1, indicating a short-term liquidity deficit.; A qualified, adverse, or disclaimer audit opinion was detected."", ""framing_message"": ""This score estimates how closely the company's financial pattern resembles historical wilful defaulter cases in the training dataset."", ""imputed_feature_fraction"": 0.0}, {""financial_year"": 2017, ""ml_probability"": 0.7424425797968883, ""model_threshold"": 0.39999999999999986, ""ml_class"": 1, ""rule_flags_triggered"": [""qualified_audit_signal""], ""rule_flag_count"": 1, ""critical_rule_count"": 1, ""risk_band"": ""High"", ""top_reasons"": [""A qualified, adverse, or disclaimer audit opinion was detected.""], ""support_summary"": ""ML probability 0.742 against threshold 0.400. 1 rule-based red flag(s) were triggered. Key reasons: A qualified, adverse, or disclaimer audit opinion was detected."", ""framing_message"": ""This score estimates how closely the company's financial pattern resembles historical wilful defaulter cases in the training dataset."", ""imputed_feature_fraction"": 0.0}, {""financial_year"": 2018, ""ml_probability"": 0.7506028807028585, ""model_threshold"": 0.39999999999999986, ""ml_class"": 1, ""rule_flags_triggered"": [""weak_liquidity"", ""qualified_audit_signal""], ""rule_flag_count"": 2, ""critical_rule_count"": 2, ""risk_band"": ""High"", ""top_reasons"": [""Current ratio is below 1, indicating a short-term liquidity deficit."", ""A qualified, adverse, or disclaimer audit opinion was detected.""], ""support_summary"": ""ML probability 0.751 against threshold 0.400. 2 rule-based red flag(s) were triggered. Key reasons: Current ratio is below 1, indicating a short-term liquidity deficit.; A qualified, adverse, or disclaimer audit opinion was detected."", ""framing_message"": ""This score estimates how closely the company's financial pattern resembles historical wilful defaulter cases in the training dataset."", ""imputed_feature_fraction"": 0.0}]"
Hanung Toys and Textiles,L74999DL1990PLC041722,3,2017,hist_gradient_boosting,tier1a_v1,0.7516020079455756,0.39999999999999986,1,High,negative_profit_margin|declining_revenue_trend|margin_drop,3,Net profit margin is negative. | Revenue trend over the available years is negative. | Net profit margin deteriorated materially year over year.,ML probability 0.752 against threshold 0.400. 3 rule-based red flag(s) were triggered. Key reasons: Net profit margin is negative.; Revenue trend over the available years is negative.; Net profit margin deteriorated materially year over year.,,"[{""financial_year"": 2015, ""ml_probability"": 0.7509875716700063, ""model_threshold"": 0.39999999999999986, ""ml_class"": 1, ""rule_flags_triggered"": [""weak_interest_coverage"", ""negative_operating_cash_flow"", ""negative_profit_margin"", ""declining_revenue_trend""], ""rule_flag_count"": 4, ""critical_rule_count"": 3, ""risk_band"": ""High"", ""top_reasons"": [""Interest coverage is below 1, suggesting operating earnings may not comfortably cover finance costs."", ""Operating cash flow is negative despite positive revenue."", ""Net profit margin is negative.""], ""support_summary"": ""ML probability 0.751 against threshold 0.400. 4 rule-based red flag(s) were triggered. Key reasons: Interest coverage is below 1, suggesting operating earnings may not comfortably cover finance costs.; Operating cash flow is negative despite positive revenue.; Net profit margin is negative."", ""framing_message"": ""This score estimates how closely the company's financial pattern resembles historical wilful defaulter cases in the training dataset."", ""imputed_feature_fraction"": 0.0}, {""financial_year"": 2016, ""ml_probability"": 0.7505204408145281, ""model_threshold"": 0.39999999999999986, ""ml_class"": 1, ""rule_flags_triggered"": [""weak_interest_coverage"", ""negative_operating_cash_flow"", ""negative_profit_margin"", ""declining_revenue_trend"", ""margin_drop""], ""rule_flag_count"": 5, ""critical_rule_count"": 3, ""risk_band"": ""High"", ""top_reasons"": [""Interest coverage is below 1, suggesting operating earnings may not comfortably cover finance costs."", ""Operating cash flow is negative despite positive revenue."", ""Net profit margin is negative.""], ""support_summary"": ""ML probability 0.751 against threshold 0.400. 5 rule-based red flag(s) were triggered. Key reasons: Interest coverage is below 1, suggesting operating earnings may not comfortably cover finance costs.; Operating cash flow is negative despite positive revenue.; Net profit margin is negative."", ""framing_message"": ""This score estimates how closely the company's financial pattern resembles historical wilful defaulter cases in the training dataset."", ""imputed_feature_fraction"": 0.0}, {""financial_year"": 2017, ""ml_probability"": 0.7516020079455756, ""model_threshold"": 0.39999999999999986, ""ml_class"": 1, ""rule_flags_triggered"": [""negative_profit_margin"", ""declining_revenue_trend"", ""margin_drop""], ""rule_flag_count"": 3, ""critical_rule_count"": 1, ""risk_band"": ""High"", ""top_reasons"": [""Net profit margin is negative."", ""Revenue trend over the available years is negative."", ""Net profit margin deteriorated materially year over year.""], ""support_summary"": ""ML probability 0.752 against threshold 0.400. 3 rule-based red flag(s) were triggered. Key reasons: Net profit margin is negative.; Revenue trend over the available years is negative.; Net profit margin deteriorated materially year over year."", ""framing_message"": ""This score estimates how closely the company's financial pattern resembles historical wilful defaulter cases in the training dataset."", ""imputed_feature_fraction"": 0.0}]"
IVRCL Limited,L45201AP1987PLC007959,3,2016,hist_gradient_boosting,tier1a_v1,0.7521966615934788,0.39999999999999986,1,High,weak_interest_coverage|excessive_leverage|negative_operating_cash_flow|negative_profit_margin|declining_revenue_trend|rising_borrowings_trend|leverage_spike|margin_drop,8,"Interest coverage is below 1, suggesting operating earnings may not comfortably cover finance costs. | Debt-to-equity is above 2, indicating elevated leverage. | Operating cash flow is negative despite positive revenue.","ML probability 0.752 against threshold 0.400. 8 rule-based red flag(s) were triggered. Key reasons: Interest coverage is below 1, suggesting operating earnings may not comfortably cover finance costs.; Debt-to-equity is above 2, indicating elevated leverage.; Operating cash flow is negative despite positive revenue.",,"[{""financial_year"": 2014, ""ml_probability"": 0.7518932453817914, ""model_threshold"": 0.39999999999999986, ""ml_class"": 1, ""rule_flags_triggered"": [""weak_interest_coverage"", ""excessive_leverage"", ""negative_operating_cash_flow"", ""negative_profit_margin"", ""declining_revenue_trend"", ""rising_borrowings_trend""], ""rule_flag_count"": 6, ""critical_rule_count"": 4, ""risk_band"": ""High"", ""top_reasons"": [""Interest coverage is below 1, suggesting operating earnings may not comfortably cover finance costs."", ""Debt-to-equity is above 2, indicating elevated leverage."", ""Operating cash flow is negative despite positive revenue.""], ""support_summary"": ""ML probability 0.752 against threshold 0.400. 6 rule-based red flag(s) were triggered. Key reasons: Interest coverage is below 1, suggesting operating earnings may not comfortably cover finance costs.; Debt-to-equity is above 2, indicating elevated leverage.; Operating cash flow is negative despite positive revenue."", ""framing_message"": ""This score estimates how closely the company's financial pattern resembles historical wilful defaulter cases in the training dataset."", ""imputed_feature_fraction"": 0.0}, {""financial_year"": 2015, ""ml_probability"": 0.7520959279452228, ""model_threshold"": 0.39999999999999986, ""ml_class"": 1, ""rule_flags_triggered"": [""weak_interest_coverage"", ""excessive_leverage"", ""negative_operating_cash_flow"", ""negative_profit_margin"", ""declining_revenue_trend"", ""rising_borrowings_trend"", ""leverage_spike""], ""rule_flag_count"": 7, ""critical_rule_count"": 4, ""risk_band"": ""High"", ""top_reasons"": [""Interest coverage is below 1, suggesting operating earnings may not comfortably cover finance costs."", ""Debt-to-equity is above 2, indicating elevated leverage."", ""Operating cash flow is negative despite positive revenue.""], ""support_summary"": ""ML probability 0.752 against threshold 0.400. 7 rule-based red flag(s) were triggered. Key reasons: Interest coverage is below 1, suggesting operating earnings may not comfortably cover finance costs.; Debt-to-equity is above 2, indicating elevated leverage.; Operating cash flow is negative despite positive revenue."", ""framing_message"": ""This score estimates how closely the company's financial pattern resembles historical wilful defaulter cases in the training dataset."", ""imputed_feature_fraction"": 0.0}, {""financial_year"": 2016, ""ml_probability"": 0.7521966615934788, ""model_threshold"": 0.39999999999999986, ""ml_class"": 1, ""rule_flags_triggered"": [""weak_interest_coverage"", ""excessive_leverage"", ""negative_operating_cash_flow"", ""negative_profit_margin"", ""declining_revenue_trend"", ""rising_borrowings_trend"", ""leverage_spike"", ""margin_drop""], ""rule_flag_count"": 8, ""critical_rule_count"": 4, ""risk_band"": ""High"", ""top_reasons"": [""Interest coverage is below 1, suggesting operating earnings may not comfortably cover finance costs."", ""Debt-to-equity is above 2, indicating elevated leverage."", ""Operating cash flow is negative despite positive revenue.""], ""support_summary"": ""ML probability 0.752 against threshold 0.400. 8 rule-based red flag(s) were triggered. Key reasons: Interest coverage is below 1, suggesting operating earnings may not comfortably cover finance costs.; Debt-to-equity is above 2, indicating elevated leverage.; Operating cash flow is negative despite positive revenue."", ""framing_message"": ""This score estimates how closely the company's financial pattern resembles historical wilful defaulter cases in the training dataset."", ""imputed_feature_fraction"": 0.0}]"
JVL Agro Industries,L15140UP1989PLC011396,3,2018,hist_gradient_boosting,tier1a_v1,0.7521601957011319,0.39999999999999986,1,High,weak_interest_coverage|negative_operating_cash_flow|declining_revenue_trend|declining_cash_flow_trend|rising_borrowings_trend,5,"Interest coverage is below 1, suggesting operating earnings may not comfortably cover finance costs. | Operating cash flow is negative despite positive revenue. | Revenue trend over the available years is negative.","ML probability 0.752 against threshold 0.400. 5 rule-based red flag(s) were triggered. Key reasons: Interest coverage is below 1, suggesting operating earnings may not comfortably cover finance costs.; Operating cash flow is negative despite positive revenue.; Revenue trend over the available years is negative.",,"[{""financial_year"": 2016, ""ml_probability"": 0.7491096305774705, ""model_threshold"": 0.39999999999999986, ""ml_class"": 1, ""rule_flags_triggered"": [""negative_operating_cash_flow"", ""declining_revenue_trend"", ""declining_cash_flow_trend"", ""rising_borrowings_trend""], ""rule_flag_count"": 4, ""critical_rule_count"": 1, ""risk_band"": ""High"", ""top_reasons"": [""Operating cash flow is negative despite positive revenue."", ""Revenue trend over the available years is negative."", ""Operating cash flow trend over the available years is negative.""], ""support_summary"": ""ML probability 0.749 against threshold 0.400. 4 rule-based red flag(s) were triggered. Key reasons: Operating cash flow is negative despite positive revenue.; Revenue trend over the available years is negative.; Operating cash flow trend over the available years is negative."", ""framing_message"": ""This score estimates how closely the company's financial pattern resembles historical wilful defaulter cases in the training dataset."", ""imputed_feature_fraction"": 0.0}, {""financial_year"": 2017, ""ml_probability"": 0.7517453062730363, ""model_threshold"": 0.39999999999999986, ""ml_class"": 1, ""rule_flags_triggered"": [""negative_operating_cash_flow"", ""declining_revenue_trend"", ""declining_cash_flow_trend"", ""rising_borrowings_trend""], ""rule_flag_count"": 4, ""critical_rule_count"": 1, ""risk_band"": ""High"", ""top_reasons"": [""Operating cash flow is negative despite positive revenue."", ""Revenue trend over the available years is negative."", ""Operating cash flow trend over the available years is negative.""], ""support_summary"": ""ML probability 0.752 against threshold 0.400. 4 rule-based red flag(s) were triggered. Key reasons: Operating cash flow is negative despite positive revenue.; Revenue trend over the available years is negative.; Operating cash flow trend over the available years is negative."", ""framing_message"": ""This score estimates how closely the company's financial pattern resembles historical wilful defaulter cases in the training dataset."", ""imputed_feature_fraction"": 0.0}, {""financial_year"": 2018, ""ml_probability"": 0.7521601957011319, ""model_threshold"": 0.39999999999999986, ""ml_class"": 1, ""rule_flags_triggered"": [""weak_interest_coverage"", ""negative_operating_cash_flow"", ""declining_revenue_trend"", ""declining_cash_flow_trend"", ""rising_borrowings_trend""], ""rule_flag_count"": 5, ""critical_rule_count"": 2, ""risk_band"": ""High"", ""top_reasons"": [""Interest coverage is below 1, suggesting operating earnings may not comfortably cover finance costs."", ""Operating cash flow is negative despite positive revenue."", ""Revenue trend over the available years is negative.""], ""support_summary"": ""ML probability 0.752 against threshold 0.400. 5 rule-based red flag(s) were triggered. Key reasons: Interest coverage is below 1, suggesting operating earnings may not comfortably cover finance costs.; Operating cash flow is negative despite positive revenue.; Revenue trend over the available years is negative."", ""framing_message"": ""This score estimates how closely the company's financial pattern resembles historical wilful defaulter cases in the training dataset."", ""imputed_feature_fraction"": 0.0}]"
Jaiprakash Associates Ltd,L14106UP1995PLC019017,3,2016,hist_gradient_boosting,tier1a_v1,0.7487574713860325,0.39999999999999986,1,High,weak_interest_coverage|excessive_leverage|negative_profit_margin|declining_revenue_trend|leverage_spike|margin_drop,6,"Interest coverage is below 1, suggesting operating earnings may not comfortably cover finance costs. | Debt-to-equity is above 2, indicating elevated leverage. | Net profit margin is negative.","ML probability 0.749 against threshold 0.400. 6 rule-based red flag(s) were triggered. Key reasons: Interest coverage is below 1, suggesting operating earnings may not comfortably cover finance costs.; Debt-to-equity is above 2, indicating elevated leverage.; Net profit margin is negative.",,"[{""financial_year"": 2014, ""ml_probability"": 0.7506492645167231, ""model_threshold"": 0.39999999999999986, ""ml_class"": 1, ""rule_flags_triggered"": [""excessive_leverage"", ""declining_revenue_trend""], ""rule_flag_count"": 2, ""critical_rule_count"": 1, ""risk_band"": ""High"", ""top_reasons"": [""Debt-to-equity is above 2, indicating elevated leverage."", ""Revenue trend over the available years is negative.""], ""support_summary"": ""ML probability 0.751 against threshold 0.400. 2 rule-based red flag(s) were triggered. Key reasons: Debt-to-equity is above 2, indicating elevated leverage.; Revenue trend over the available years is negative."", ""framing_message"": ""This score estimates how closely the company's financial pattern resembles historical wilful defaulter cases in the training dataset."", ""imputed_feature_fraction"": 0.0}, {""financial_year"": 2015, ""ml_probability"": 0.7505312353049832, ""model_threshold"": 0.39999999999999986, ""ml_class"": 1, ""rule_flags_triggered"": [""weak_interest_coverage"", ""negative_profit_margin"", ""declining_revenue_trend"", ""margin_drop""], ""rule_flag_count"": 4, ""critical_rule_count"": 2, ""risk_band"": ""High"", ""top_reasons"": [""Interest coverage is below 1, suggesting operating earnings may not comfortably cover finance costs."", ""Net profit margin is negative."", ""Revenue trend over the available years is negative.""], ""support_summary"": ""ML probability 0.751 against threshold 0.400. 4 rule-based red flag(s) were triggered. Key reasons: Interest coverage is below 1, suggesting operating earnings may not comfortably cover finance costs.; Net profit margin is negative.; Revenue trend over the available years is negative."", ""framing_message"": ""This score estimates how closely the company's financial pattern resembles historical wilful defaulter cases in the training dataset."", ""imputed_feature_fraction"": 0.0}, {""financial_year"": 2016, ""ml_probability"": 0.7487574713860325, ""model_threshold"": 0.39999999999999986, ""ml_class"": 1, ""rule_flags_triggered"": [""weak_interest_coverage"", ""excessive_leverage"", ""negative_profit_margin"", ""declining_revenue_trend"", ""leverage_spike"", ""margin_drop""], ""rule_flag_count"": 6, ""critical_rule_count"": 3, ""risk_band"": ""High"", ""top_reasons"": [""Interest coverage is below 1, suggesting operating earnings may not comfortably cover finance costs."", ""Debt-to-equity is above 2, indicating elevated leverage."", ""Net profit margin is negative.""], ""support_summary"": ""ML probability 0.749 against threshold 0.400. 6 rule-based red flag(s) were triggered. Key reasons: Interest coverage is below 1, suggesting operating earnings may not comfortably cover finance costs.; Debt-to-equity is above 2, indicating elevated leverage.; Net profit margin is negative."", ""framing_message"": ""This score estimates how closely the company's financial pattern resembles historical wilful defaulter cases in the training dataset."", ""imputed_feature_fraction"": 0.0}]"
Jaypee Infratech Ltd,L45203UP2007PLC033119,3,2016,hist_gradient_boosting,tier1a_v1,0.7502656141149879,0.39999999999999986,1,High,weak_interest_coverage|negative_profit_margin|declining_revenue_trend|rising_borrowings_trend|margin_drop,5,"Interest coverage is below 1, suggesting operating earnings may not comfortably cover finance costs. | Net profit margin is negative. | Revenue trend over the available years is negative.","ML probability 0.750 against threshold 0.400. 5 rule-based red flag(s) were triggered. Key reasons: Interest coverage is below 1, suggesting operating earnings may not comfortably cover finance costs.; Net profit margin is negative.; Revenue trend over the available years is negative.",,"[{""financial_year"": 2014, ""ml_probability"": 0.7515308029473443, ""model_threshold"": 0.39999999999999986, ""ml_class"": 1, ""rule_flags_triggered"": [""declining_revenue_trend"", ""rising_borrowings_trend""], ""rule_flag_count"": 2, ""critical_rule_count"": 0, ""risk_band"": ""High"", ""top_reasons"": [""Revenue trend over the available years is negative."", ""Borrowings trend over the available years is increasing.""], ""support_summary"": ""ML probability 0.752 against threshold 0.400. 2 rule-based red flag(s) were triggered. Key reasons: Revenue trend over the available years is negative.; Borrowings trend over the available years is increasing."", ""framing_message"": ""This score estimates how closely the company's financial pattern resembles historical wilful defaulter cases in the training dataset."", ""imputed_feature_fraction"": 0.0}, {""financial_year"": 2015, ""ml_probability"": 0.7515734791297206, ""model_threshold"": 0.39999999999999986, ""ml_class"": 1, ""rule_flags_triggered"": [""declining_revenue_trend"", ""rising_borrowings_trend""], ""rule_flag_count"": 2, ""critical_rule_count"": 0, ""risk_band"": ""High"", ""top_reasons"": [""Revenue trend over the available years is negative."", ""Borrowings trend over the available years is increasing.""], ""support_summary"": ""ML probability 0.752 against threshold 0.400. 2 rule-based red flag(s) were triggered. Key reasons: Revenue trend over the available years is negative.; Borrowings trend over the available years is increasing."", ""framing_message"": ""This score estimates how closely the company's financial pattern resembles historical wilful defaulter cases in the training dataset."", ""imputed_feature_fraction"": 0.0}, {""financial_year"": 2016, ""ml_probability"": 0.7502656141149879, ""model_threshold"": 0.39999999999999986, ""ml_class"": 1, ""rule_flags_triggered"": [""weak_interest_coverage"", ""negative_profit_margin"", ""declining_revenue_trend"", ""rising_borrowings_trend"", ""margin_drop""], ""rule_flag_count"": 5, ""critical_rule_count"": 2, ""risk_band"": ""High"", ""top_reasons"": [""Interest coverage is below 1, suggesting operating earnings may not comfortably cover finance costs."", ""Net profit margin is negative."", ""Revenue trend over the available years is negative.""], ""support_summary"": ""ML probability 0.750 against threshold 0.400. 5 rule-based red flag(s) were triggered. Key reasons: Interest coverage is below 1, suggesting operating earnings may not comfortably cover finance costs.; Net profit margin is negative.; Revenue trend over the available years is negative."", ""framing_message"": ""This score estimates how closely the company's financial pattern resembles historical wilful defaulter cases in the training dataset."", ""imputed_feature_fraction"": 0.0}]"
Jyoti Structures Ltd,L45200MH1974PLC017494,3,2016,hist_gradient_boosting,tier1a_v1,0.7516223861299007,0.39999999999999986,1,High,weak_interest_coverage|excessive_leverage|negative_operating_cash_flow|negative_profit_margin|declining_revenue_trend|declining_cash_flow_trend|rising_borrowings_trend|leverage_spike|margin_drop,9,"Interest coverage is below 1, suggesting operating earnings may not comfortably cover finance costs. | Debt-to-equity is above 2, indicating elevated leverage. | Operating cash flow is negative despite positive revenue.","ML probability 0.752 against threshold 0.400. 9 rule-based red flag(s) were triggered. Key reasons: Interest coverage is below 1, suggesting operating earnings may not comfortably cover finance costs.; Debt-to-equity is above 2, indicating elevated leverage.; Operating cash flow is negative despite positive revenue.",,"[{""financial_year"": 2014, ""ml_probability"": 0.7455833262424576, ""model_threshold"": 0.39999999999999986, ""ml_class"": 1, ""rule_flags_triggered"": [""declining_revenue_trend"", ""declining_cash_flow_trend"", ""rising_borrowings_trend""], ""rule_flag_count"": 3, ""critical_rule_count"": 0, ""risk_band"": ""High"", ""top_reasons"": [""Revenue trend over the available years is negative."", ""Operating cash flow trend over the available years is negative."", ""Borrowings trend over the available years is increasing.""], ""support_summary"": ""ML probability 0.746 against threshold 0.400. 3 rule-based red flag(s) were triggered. Key reasons: Revenue trend over the available years is negative.; Operating cash flow trend over the available years is negative.; Borrowings trend over the available years is increasing."", ""framing_message"": ""This score estimates how closely the company's financial pattern resembles historical wilful defaulter cases in the training dataset."", ""imputed_feature_fraction"": 0.0}, {""financial_year"": 2015, ""ml_probability"": 0.7510687193749647, ""model_threshold"": 0.39999999999999986, ""ml_class"": 1, ""rule_flags_triggered"": [""weak_interest_coverage"", ""excessive_leverage"", ""negative_operating_cash_flow"", ""negative_profit_margin"", ""declining_revenue_trend"", ""declining_cash_flow_trend"", ""rising_borrowings_trend"", ""leverage_spike"", ""margin_drop""], ""rule_flag_count"": 9, ""critical_rule_count"": 4, ""risk_band"": ""High"", ""top_reasons"": [""Interest coverage is below 1, suggesting operating earnings may not comfortably cover finance costs."", ""Debt-to-equity is above 2, indicating elevated leverage."", ""Operating cash flow is negative despite positive revenue.""], ""support_summary"": ""ML probability 0.751 against threshold 0.400. 9 rule-based red flag(s) were triggered. Key reasons: Interest coverage is below 1, suggesting operating earnings may not comfortably cover finance costs.; Debt-to-equity is above 2, indicating elevated leverage.; Operating cash flow is negative despite positive revenue."", ""framing_message"": ""This score estimates how closely the company's financial pattern resembles historical wilful defaulter cases in the training dataset."", ""imputed_feature_fraction"": 0.0}, {""financial_year"": 2016, ""ml_probability"": 0.7516223861299007, ""model_threshold"": 0.39999999999999986, ""ml_class"": 1, ""rule_flags_triggered"": [""weak_interest_coverage"", ""excessive_leverage"", ""negative_operating_cash_flow"", ""negative_profit_margin"", ""declining_revenue_trend"", ""declining_cash_flow_trend"", ""rising_borrowings_trend"", ""leverage_spike"", ""margin_drop""], ""rule_flag_count"": 9, ""critical_rule_count"": 4, ""risk_band"": ""High"", ""top_reasons"": [""Interest coverage is below 1, suggesting operating earnings may not comfortably cover finance costs."", ""Debt-to-equity is above 2, indicating elevated leverage."", ""Operating cash flow is negative despite positive revenue.""], ""support_summary"": ""ML probability 0.752 against threshold 0.400. 9 rule-based red flag(s) were triggered. Key reasons: Interest coverage is below 1, suggesting operating earnings may not comfortably cover finance costs.; Debt-to-equity is above 2, indicating elevated leverage.; Operating cash flow is negative despite positive revenue."", ""framing_message"": ""This score estimates how closely the company's financial pattern resembles historical wilful defaulter cases in the training dataset."", ""imputed_feature_fraction"": 0.0}]"
Kingfisher Airlines,L85110KA1995PLC018045,3,2013,hist_gradient_boosting,tier1a_v1,0.752101653501824,0.39999999999999986,1,High,weak_interest_coverage|negative_operating_cash_flow|negative_profit_margin|declining_revenue_trend|declining_cash_flow_trend|rising_borrowings_trend|margin_drop,7,"Interest coverage is below 1, suggesting operating earnings may not comfortably cover finance costs. | Operating cash flow is negative despite positive revenue. | Net profit margin is negative.","ML probability 0.752 against threshold 0.400. 7 rule-based red flag(s) were triggered. Key reasons: Interest coverage is below 1, suggesting operating earnings may not comfortably cover finance costs.; Operating cash flow is negative despite positive revenue.; Net profit margin is negative.",,"[{""financial_year"": 2011, ""ml_probability"": 0.7519681202427915, ""model_threshold"": 0.39999999999999986, ""ml_class"": 1, ""rule_flags_triggered"": [""negative_profit_margin"", ""declining_revenue_trend"", ""declining_cash_flow_trend"", ""rising_borrowings_trend""], ""rule_flag_count"": 4, ""critical_rule_count"": 1, ""risk_band"": ""High"", ""top_reasons"": [""Net profit margin is negative."", ""Revenue trend over the available years is negative."", ""Operating cash flow trend over the available years is negative.""], ""support_summary"": ""ML probability 0.752 against threshold 0.400. 4 rule-based red flag(s) were triggered. Key reasons: Net profit margin is negative.; Revenue trend over the available years is negative.; Operating cash flow trend over the available years is negative."", ""framing_message"": ""This score estimates how closely the company's financial pattern resembles historical wilful defaulter cases in the training dataset."", ""imputed_feature_fraction"": 0.0}, {""financial_year"": 2012, ""ml_probability"": 0.7518391263970186, ""model_threshold"": 0.39999999999999986, ""ml_class"": 1, ""rule_flags_triggered"": [""weak_interest_coverage"", ""negative_operating_cash_flow"", ""negative_profit_margin"", ""declining_revenue_trend"", ""declining_cash_flow_trend"", ""rising_borrowings_trend"", ""margin_drop""], ""rule_flag_count"": 7, ""critical_rule_count"": 3, ""risk_band"": ""High"", ""top_reasons"": [""Interest coverage is below 1, suggesting operating earnings may not comfortably cover finance costs."", ""Operating cash flow is negative despite positive revenue."", ""Net profit margin is negative.""], ""support_summary"": ""ML probability 0.752 against threshold 0.400. 7 rule-based red flag(s) were triggered. Key reasons: Interest coverage is below 1, suggesting operating earnings may not comfortably cover finance costs.; Operating cash flow is negative despite positive revenue.; Net profit margin is negative."", ""framing_message"": ""This score estimates how closely the company's financial pattern resembles historical wilful defaulter cases in the training dataset."", ""imputed_feature_fraction"": 0.0}, {""financial_year"": 2013, ""ml_probability"": 0.752101653501824, ""model_threshold"": 0.39999999999999986, ""ml_class"": 1, ""rule_flags_triggered"": [""weak_interest_coverage"", ""negative_operating_cash_flow"", ""negative_profit_margin"", ""declining_revenue_trend"", ""declining_cash_flow_trend"", ""rising_borrowings_trend"", ""margin_drop""], ""rule_flag_count"": 7, ""critical_rule_count"": 3, ""risk_band"": ""High"", ""top_reasons"": [""Interest coverage is below 1, suggesting operating earnings may not comfortably cover finance costs."", ""Operating cash flow is negative despite positive revenue."", ""Net profit margin is negative.""], ""support_summary"": ""ML probability 0.752 against threshold 0.400. 7 rule-based red flag(s) were triggered. Key reasons: Interest coverage is below 1, suggesting operating earnings may not comfortably cover finance costs.; Operating cash flow is negative despite positive revenue.; Net profit margin is negative."", ""framing_message"": ""This score estimates how closely the company's financial pattern resembles historical wilful defaulter cases in the training dataset."", ""imputed_feature_fraction"": 0.0}]"
Kwality Ltd,L74899DL1992PLC255519,3,2017,hist_gradient_boosting,tier1a_v1,0.7521232990944967,0.39999999999999986,1,High,rising_borrowings_trend,1,Borrowings trend over the available years is increasing.,ML probability 0.752 against threshold 0.400. 1 rule-based red flag(s) were triggered. Key reasons: Borrowings trend over the available years is increasing.,,"[{""financial_year"": 2015, ""ml_probability"": 0.7521822211842707, ""model_threshold"": 0.39999999999999986, ""ml_class"": 1, ""rule_flags_triggered"": [""rising_borrowings_trend""], ""rule_flag_count"": 1, ""critical_rule_count"": 0, ""risk_band"": ""High"", ""top_reasons"": [""Borrowings trend over the available years is increasing.""], ""support_summary"": ""ML probability 0.752 against threshold 0.400. 1 rule-based red flag(s) were triggered. Key reasons: Borrowings trend over the available years is increasing."", ""framing_message"": ""This score estimates how closely the company's financial pattern resembles historical wilful defaulter cases in the training dataset."", ""imputed_feature_fraction"": 0.0}, {""financial_year"": 2016, ""ml_probability"": 0.7521299540116476, ""model_threshold"": 0.39999999999999986, ""ml_class"": 1, ""rule_flags_triggered"": [""rising_borrowings_trend""], ""rule_flag_count"": 1, ""critical_rule_count"": 0, ""risk_band"": ""High"", ""top_reasons"": [""Borrowings trend over the available years is increasing.""], ""support_summary"": ""ML probability 0.752 against threshold 0.400. 1 rule-based red flag(s) were triggered. Key reasons: Borrowings trend over the available years is increasing."", ""framing_message"": ""This score estimates how closely the company's financial pattern resembles historical wilful defaulter cases in the training dataset."", ""imputed_feature_fraction"": 0.0}, {""financial_year"": 2017, ""ml_probability"": 0.7521232990944967, ""model_threshold"": 0.39999999999999986, ""ml_class"": 1, ""rule_flags_triggered"": [""rising_borrowings_trend""], ""rule_flag_count"": 1, ""critical_rule_count"": 0, ""risk_band"": ""High"", ""top_reasons"": [""Borrowings trend over the available years is increasing.""], ""support_summary"": ""ML probability 0.752 against threshold 0.400. 1 rule-based red flag(s) were triggered. Key reasons: Borrowings trend over the available years is increasing."", ""framing_message"": ""This score estimates how closely the company's financial pattern resembles historical wilful defaulter cases in the training dataset."", ""imputed_feature_fraction"": 0.0}]"
Lanco Infratech Ltd,L45200TG1993PLC015545,3,2016,hist_gradient_boosting,tier1a_v1,0.7508002786645837,0.39999999999999986,1,High,weak_interest_coverage|excessive_leverage|negative_operating_cash_flow|negative_profit_margin|declining_cash_flow_trend|rising_borrowings_trend|leverage_spike,7,"Interest coverage is below 1, suggesting operating earnings may not comfortably cover finance costs. | Debt-to-equity is above 2, indicating elevated leverage. | Operating cash flow is negative despite positive revenue.","ML probability 0.751 against threshold 0.400. 7 rule-based red flag(s) were triggered. Key reasons: Interest coverage is below 1, suggesting operating earnings may not comfortably cover finance costs.; Debt-to-equity is above 2, indicating elevated leverage.; Operating cash flow is negative despite positive revenue.",,"[{""financial_year"": 2014, ""ml_probability"": 0.7489296768519548, ""model_threshold"": 0.39999999999999986, ""ml_class"": 1, ""rule_flags_triggered"": [""weak_interest_coverage"", ""excessive_leverage"", ""negative_operating_cash_flow"", ""negative_profit_margin"", ""declining_cash_flow_trend"", ""rising_borrowings_trend""], ""rule_flag_count"": 6, ""critical_rule_count"": 4, ""risk_band"": ""High"", ""top_reasons"": [""Interest coverage is below 1, suggesting operating earnings may not comfortably cover finance costs."", ""Debt-to-equity is above 2, indicating elevated leverage."", ""Operating cash flow is negative despite positive revenue.""], ""support_summary"": ""ML probability 0.749 against threshold 0.400. 6 rule-based red flag(s) were triggered. Key reasons: Interest coverage is below 1, suggesting operating earnings may not comfortably cover finance costs.; Debt-to-equity is above 2, indicating elevated leverage.; Operating cash flow is negative despite positive revenue."", ""framing_message"": ""This score estimates how closely the company's financial pattern resembles historical wilful defaulter cases in the training dataset."", ""imputed_feature_fraction"": 0.0}, {""financial_year"": 2015, ""ml_probability"": 0.7491260480239489, ""model_threshold"": 0.39999999999999986, ""ml_class"": 1, ""rule_flags_triggered"": [""weak_interest_coverage"", ""excessive_leverage"", ""negative_profit_margin"", ""declining_cash_flow_trend"", ""rising_borrowings_trend"", ""leverage_spike"", ""margin_drop""], ""rule_flag_count"": 7, ""critical_rule_count"": 3, ""risk_band"": ""High"", ""top_reasons"": [""Interest coverage is below 1, suggesting operating earnings may not comfortably cover finance costs."", ""Debt-to-equity is above 2, indicating elevated leverage."", ""Net profit margin is negative.""], ""support_summary"": ""ML probability 0.749 against threshold 0.400. 7 rule-based red flag(s) were triggered. Key reasons: Interest coverage is below 1, suggesting operating earnings may not comfortably cover finance costs.; Debt-to-equity is above 2, indicating elevated leverage.; Net profit margin is negative."", ""framing_message"": ""This score estimates how closely the company's financial pattern resembles historical wilful defaulter cases in the training dataset."", ""imputed_feature_fraction"": 0.0}, {""financial_year"": 2016, ""ml_probability"": 0.7508002786645837, ""model_threshold"": 0.39999999999999986, ""ml_class"": 1, ""rule_flags_triggered"": [""weak_interest_coverage"", ""excessive_leverage"", ""negative_operating_cash_flow"", ""negative_profit_margin"", ""declining_cash_flow_trend"", ""rising_borrowings_trend"", ""leverage_spike""], ""rule_flag_count"": 7, ""critical_rule_count"": 4, ""risk_band"": ""High"", ""top_reasons"": [""Interest coverage is below 1, suggesting operating earnings may not comfortably cover finance costs."", ""Debt-to-equity is above 2, indicating elevated leverage."", ""Operating cash flow is negative despite positive revenue.""], ""support_summary"": ""ML probability 0.751 against threshold 0.400. 7 rule-based red flag(s) were triggered. Key reasons: Interest coverage is below 1, suggesting operating earnings may not comfortably cover finance costs.; Debt-to-equity is above 2, indicating elevated leverage.; Operating cash flow is negative despite positive revenue."", ""framing_message"": ""This score estimates how closely the company's financial pattern resembles historical wilful defaulter cases in the training dataset."", ""imputed_feature_fraction"": 0.0}]"
Mawana Sugars Ltd,L15421DL2002PLC118184,3,2023,hist_gradient_boosting,tier1a_v1,0.7503857270457372,0.39999999999999986,1,High,large_contingent_liabilities|declining_cash_flow_trend|rising_borrowings_trend,3,Contingent liabilities exceed 50% of net worth. | Operating cash flow trend over the available years is negative. | Borrowings trend over the available years is increasing.,ML probability 0.750 against threshold 0.400. 3 rule-based red flag(s) were triggered. Key reasons: Contingent liabilities exceed 50% of net worth.; Operating cash flow trend over the available years is negative.; Borrowings trend over the available years is increasing.,,"[{""financial_year"": 2021, ""ml_probability"": 0.7435443708135501, ""model_threshold"": 0.39999999999999986, ""ml_class"": 1, ""rule_flags_triggered"": [""large_contingent_liabilities"", ""declining_cash_flow_trend"", ""rising_borrowings_trend""], ""rule_flag_count"": 3, ""critical_rule_count"": 1, ""risk_band"": ""High"", ""top_reasons"": [""Contingent liabilities exceed 50% of net worth."", ""Operating cash flow trend over the available years is negative."", ""Borrowings trend over the available years is increasing.""], ""support_summary"": ""ML probability 0.744 against threshold 0.400. 3 rule-based red flag(s) were triggered. Key reasons: Contingent liabilities exceed 50% of net worth.; Operating cash flow trend over the available years is negative.; Borrowings trend over the available years is increasing."", ""framing_message"": ""This score estimates how closely the company's financial pattern resembles historical wilful defaulter cases in the training dataset."", ""imputed_feature_fraction"": 0.0}, {""financial_year"": 2022, ""ml_probability"": 0.7485021942873452, ""model_threshold"": 0.39999999999999986, ""ml_class"": 1, ""rule_flags_triggered"": [""negative_operating_cash_flow"", ""large_contingent_liabilities"", ""declining_cash_flow_trend"", ""rising_borrowings_trend"", ""leverage_spike""], ""rule_flag_count"": 5, ""critical_rule_count"": 2, ""risk_band"": ""High"", ""top_reasons"": [""Operating cash flow is negative despite positive revenue."", ""Contingent liabilities exceed 50% of net worth."", ""Operating cash flow trend over the available years is negative.""], ""support_summary"": ""ML probability 0.749 against threshold 0.400. 5 rule-based red flag(s) were triggered. Key reasons: Operating cash flow is negative despite positive revenue.; Contingent liabilities exceed 50% of net worth.; Operating cash flow trend over the available years is negative."", ""framing_message"": ""This score estimates how closely the company's financial pattern resembles historical wilful defaulter cases in the training dataset."", ""imputed_feature_fraction"": 0.0}, {""financial_year"": 2023, ""ml_probability"": 0.7503857270457372, ""model_threshold"": 0.39999999999999986, ""ml_class"": 1, ""rule_flags_triggered"": [""large_contingent_liabilities"", ""declining_cash_flow_trend"", ""rising_borrowings_trend""], ""rule_flag_count"": 3, ""critical_rule_count"": 1, ""risk_band"": ""High"", ""top_reasons"": [""Contingent liabilities exceed 50% of net worth."", ""Operating cash flow trend over the available years is negative."", ""Borrowings trend over the available years is increasing.""], ""support_summary"": ""ML probability 0.750 against threshold 0.400. 3 rule-based red flag(s) were triggered. Key reasons: Contingent liabilities exceed 50% of net worth.; Operating cash flow trend over the available years is negative.; Borrowings trend over the available years is increasing."", ""framing_message"": ""This score estimates how closely the company's financial pattern resembles historical wilful defaulter cases in the training dataset."", ""imputed_feature_fraction"": 0.0}]"
Metalyst Forgings,L28910MH1977PLC019569,3,2016,hist_gradient_boosting,tier1a_v1,0.7521466429126548,0.39999999999999986,1,High,weak_interest_coverage|excessive_leverage|negative_profit_margin|declining_revenue_trend|declining_cash_flow_trend|rising_borrowings_trend|leverage_spike|margin_drop,8,"Interest coverage is below 1, suggesting operating earnings may not comfortably cover finance costs. | Debt-to-equity is above 2, indicating elevated leverage. | Net profit margin is negative.","ML probability 0.752 against threshold 0.400. 8 rule-based red flag(s) were triggered. Key reasons: Interest coverage is below 1, suggesting operating earnings may not comfortably cover finance costs.; Debt-to-equity is above 2, indicating elevated leverage.; Net profit margin is negative.",,"[{""financial_year"": 2014, ""ml_probability"": 0.7490476878417126, ""model_threshold"": 0.39999999999999986, ""ml_class"": 1, ""rule_flags_triggered"": [""excessive_leverage"", ""declining_revenue_trend"", ""declining_cash_flow_trend"", ""rising_borrowings_trend""], ""rule_flag_count"": 4, ""critical_rule_count"": 1, ""risk_band"": ""High"", ""top_reasons"": [""Debt-to-equity is above 2, indicating elevated leverage."", ""Revenue trend over the available years is negative."", ""Operating cash flow trend over the available years is negative.""], ""support_summary"": ""ML probability 0.749 against threshold 0.400. 4 rule-based red flag(s) were triggered. Key reasons: Debt-to-equity is above 2, indicating elevated leverage.; Revenue trend over the available years is negative.; Operating cash flow trend over the available years is negative."", ""framing_message"": ""This score estimates how closely the company's financial pattern resembles historical wilful defaulter cases in the training dataset."", ""imputed_feature_fraction"": 0.0}, {""financial_year"": 2015, ""ml_probability"": 0.749754434900633, ""model_threshold"": 0.39999999999999986, ""ml_class"": 1, ""rule_flags_triggered"": [""weak_interest_coverage"", ""excessive_leverage"", ""negative_profit_margin"", ""declining_revenue_trend"", ""declining_cash_flow_trend"", ""rising_borrowings_trend"", ""leverage_spike"", ""margin_drop""], ""rule_flag_count"": 8, ""critical_rule_count"": 3, ""risk_band"": ""High"", ""top_reasons"": [""Interest coverage is below 1, suggesting operating earnings may not comfortably cover finance costs."", ""Debt-to-equity is above 2, indicating elevated leverage."", ""Net profit margin is negative.""], ""support_summary"": ""ML probability 0.750 against threshold 0.400. 8 rule-based red flag(s) were triggered. Key reasons: Interest coverage is below 1, suggesting operating earnings may not comfortably cover finance costs.; Debt-to-equity is above 2, indicating elevated leverage.; Net profit margin is negative."", ""framing_message"": ""This score estimates how closely the company's financial pattern resembles historical wilful defaulter cases in the training dataset."", ""imputed_feature_fraction"": 0.0}, {""financial_year"": 2016, ""ml_probability"": 0.7521466429126548, ""model_threshold"": 0.39999999999999986, ""ml_class"": 1, ""rule_flags_triggered"": [""weak_interest_coverage"", ""excessive_leverage"", ""negative_profit_margin"", ""declining_revenue_trend"", ""declining_cash_flow_trend"", ""rising_borrowings_trend"", ""leverage_spike"", ""margin_drop""], ""rule_flag_count"": 8, ""critical_rule_count"": 3, ""risk_band"": ""High"", ""top_reasons"": [""Interest coverage is below 1, suggesting operating earnings may not comfortably cover finance costs."", ""Debt-to-equity is above 2, indicating elevated leverage."", ""Net profit margin is negative.""], ""support_summary"": ""ML probability 0.752 against threshold 0.400. 8 rule-based red flag(s) were triggered. Key reasons: Interest coverage is below 1, suggesting operating earnings may not comfortably cover finance costs.; Debt-to-equity is above 2, indicating elevated leverage.; Net profit margin is negative."", ""framing_message"": ""This score estimates how closely the company's financial pattern resembles historical wilful defaulter cases in the training dataset."", ""imputed_feature_fraction"": 0.0}]"
Nakoda Limited,L17111GJ1984PLC045995,3,2020,hist_gradient_boosting,tier1a_v1,0.5915866967621422,0.39999999999999986,1,High,declining_revenue_trend,1,Revenue trend over the available years is negative.,ML probability 0.592 against threshold 0.400. 1 rule-based red flag(s) were triggered. Key reasons: Revenue trend over the available years is negative.,,"[{""financial_year"": 2018, ""ml_probability"": 0.6770718162347321, ""model_threshold"": 0.39999999999999986, ""ml_class"": 1, ""rule_flags_triggered"": [""excessive_leverage"", ""negative_operating_cash_flow"", ""declining_revenue_trend""], ""rule_flag_count"": 3, ""critical_rule_count"": 2, ""risk_band"": ""High"", ""top_reasons"": [""Debt-to-equity is above 2, indicating elevated leverage."", ""Operating cash flow is negative despite positive revenue."", ""Revenue trend over the available years is negative.""], ""support_summary"": ""ML probability 0.677 against threshold 0.400. 3 rule-based red flag(s) were triggered. Key reasons: Debt-to-equity is above 2, indicating elevated leverage.; Operating cash flow is negative despite positive revenue.; Revenue trend over the available years is negative."", ""framing_message"": ""This score estimates how closely the company's financial pattern resembles historical wilful defaulter cases in the training dataset."", ""imputed_feature_fraction"": 0.0}, {""financial_year"": 2019, ""ml_probability"": 0.7048247047678884, ""model_threshold"": 0.39999999999999986, ""ml_class"": 1, ""rule_flags_triggered"": [""declining_revenue_trend""], ""rule_flag_count"": 1, ""critical_rule_count"": 0, ""risk_band"": ""High"", ""top_reasons"": [""Revenue trend over the available years is negative.""], ""support_summary"": ""ML probability 0.705 against threshold 0.400. 1 rule-based red flag(s) were triggered. Key reasons: Revenue trend over the available years is negative."", ""framing_message"": ""This score estimates how closely the company's financial pattern resembles historical wilful defaulter cases in the training dataset."", ""imputed_feature_fraction"": 0.0}, {""financial_year"": 2020, ""ml_probability"": 0.5915866967621422, ""model_threshold"": 0.39999999999999986, ""ml_class"": 1, ""rule_flags_triggered"": [""declining_revenue_trend""], ""rule_flag_count"": 1, ""critical_rule_count"": 0, ""risk_band"": ""High"", ""top_reasons"": [""Revenue trend over the available years is negative.""], ""support_summary"": ""ML probability 0.592 against threshold 0.400. 1 rule-based red flag(s) were triggered. Key reasons: Revenue trend over the available years is negative."", ""framing_message"": ""This score estimates how closely the company's financial pattern resembles historical wilful defaulter cases in the training dataset."", ""imputed_feature_fraction"": 0.0}]"
PC Jeweller Ltd,L36911DL2005PLC134929,3,2022,hist_gradient_boosting,tier1a_v1,0.7468487342600512,0.39999999999999986,1,High,weak_interest_coverage|negative_operating_cash_flow|negative_profit_margin|qualified_audit_signal|declining_revenue_trend|declining_cash_flow_trend|rising_borrowings_trend|leverage_spike|margin_drop,9,"Interest coverage is below 1, suggesting operating earnings may not comfortably cover finance costs. | Operating cash flow is negative despite positive revenue. | Net profit margin is negative.","ML probability 0.747 against threshold 0.400. 9 rule-based red flag(s) were triggered. Key reasons: Interest coverage is below 1, suggesting operating earnings may not comfortably cover finance costs.; Operating cash flow is negative despite positive revenue.; Net profit margin is negative.",,"[{""financial_year"": 2020, ""ml_probability"": 0.7501948817226248, ""model_threshold"": 0.39999999999999986, ""ml_class"": 1, ""rule_flags_triggered"": [""qualified_audit_signal"", ""declining_revenue_trend"", ""declining_cash_flow_trend"", ""rising_borrowings_trend""], ""rule_flag_count"": 4, ""critical_rule_count"": 1, ""risk_band"": ""High"", ""top_reasons"": [""A qualified, adverse, or disclaimer audit opinion was detected."", ""Revenue trend over the available years is negative."", ""Operating cash flow trend over the available years is negative.""], ""support_summary"": ""ML probability 0.750 against threshold 0.400. 4 rule-based red flag(s) were triggered. Key reasons: A qualified, adverse, or disclaimer audit opinion was detected.; Revenue trend over the available years is negative.; Operating cash flow trend over the available years is negative."", ""framing_message"": ""This score estimates how closely the company's financial pattern resembles historical wilful defaulter cases in the training dataset."", ""imputed_feature_fraction"": 0.0}, {""financial_year"": 2021, ""ml_probability"": 0.7503170337412821, ""model_threshold"": 0.39999999999999986, ""ml_class"": 1, ""rule_flags_triggered"": [""qualified_audit_signal"", ""declining_revenue_trend"", ""declining_cash_flow_trend"", ""rising_borrowings_trend""], ""rule_flag_count"": 4, ""critical_rule_count"": 1, ""risk_band"": ""High"", ""top_reasons"": [""A qualified, adverse, or disclaimer audit opinion was detected."", ""Revenue trend over the available years is negative."", ""Operating cash flow trend over the available years is negative.""], ""support_summary"": ""ML probability 0.750 against threshold 0.400. 4 rule-based red flag(s) were triggered. Key reasons: A qualified, adverse, or disclaimer audit opinion was detected.; Revenue trend over the available years is negative.; Operating cash flow trend over the available years is negative."", ""framing_message"": ""This score estimates how closely the company's financial pattern resembles historical wilful defaulter cases in the training dataset."", ""imputed_feature_fraction"": 0.0}, {""financial_year"": 2022, ""ml_probability"": 0.7468487342600512, ""model_threshold"": 0.39999999999999986, ""ml_class"": 1, ""rule_flags_triggered"": [""weak_interest_coverage"", ""negative_operating_cash_flow"", ""negative_profit_margin"", ""qualified_audit_signal"", ""declining_revenue_trend"", ""declining_cash_flow_trend"", ""rising_borrowings_trend"", ""leverage_spike"", ""margin_drop""], ""rule_flag_count"": 9, ""critical_rule_count"": 4, ""risk_band"": ""High"", ""top_reasons"": [""Interest coverage is below 1, suggesting operating earnings may not comfortably cover finance costs."", ""Operating cash flow is negative despite positive revenue."", ""Net profit margin is negative.""], ""support_summary"": ""ML probability 0.747 against threshold 0.400. 9 rule-based red flag(s) were triggered. Key reasons: Interest coverage is below 1, suggesting operating earnings may not comfortably cover finance costs.; Operating cash flow is negative despite positive revenue.; Net profit margin is negative."", ""framing_message"": ""This score estimates how closely the company's financial pattern resembles historical wilful defaulter cases in the training dataset."", ""imputed_feature_fraction"": 0.0}]"
PSL Limited,L67120DD1987PLC002395,3,2018,hist_gradient_boosting,tier1a_v1,0.7415840419406127,0.39999999999999986,1,High,declining_revenue_trend,1,Revenue trend over the available years is negative.,ML probability 0.742 against threshold 0.400. 1 rule-based red flag(s) were triggered. Key reasons: Revenue trend over the available years is negative.,,"[{""financial_year"": 2016, ""ml_probability"": 0.7456644417488087, ""model_threshold"": 0.39999999999999986, ""ml_class"": 1, ""rule_flags_triggered"": [""declining_revenue_trend""], ""rule_flag_count"": 1, ""critical_rule_count"": 0, ""risk_band"": ""High"", ""top_reasons"": [""Revenue trend over the available years is negative.""], ""support_summary"": ""ML probability 0.746 against threshold 0.400. 1 rule-based red flag(s) were triggered. Key reasons: Revenue trend over the available years is negative."", ""framing_message"": ""This score estimates how closely the company's financial pattern resembles historical wilful defaulter cases in the training dataset."", ""imputed_feature_fraction"": 0.0}, {""financial_year"": 2017, ""ml_probability"": 0.7426808480843586, ""model_threshold"": 0.39999999999999986, ""ml_class"": 1, ""rule_flags_triggered"": [""declining_revenue_trend""], ""rule_flag_count"": 1, ""critical_rule_count"": 0, ""risk_band"": ""High"", ""top_reasons"": [""Revenue trend over the available years is negative.""], ""support_summary"": ""ML probability 0.743 against threshold 0.400. 1 rule-based red flag(s) were triggered. Key reasons: Revenue trend over the available years is negative."", ""framing_message"": ""This score estimates how closely the company's financial pattern resembles historical wilful defaulter cases in the training dataset."", ""imputed_feature_fraction"": 0.0}, {""financial_year"": 2018, ""ml_probability"": 0.7415840419406127, ""model_threshold"": 0.39999999999999986, ""ml_class"": 1, ""rule_flags_triggered"": [""declining_revenue_trend""], ""rule_flag_count"": 1, ""critical_rule_count"": 0, ""risk_band"": ""High"", ""top_reasons"": [""Revenue trend over the available years is negative.""], ""support_summary"": ""ML probability 0.742 against threshold 0.400. 1 rule-based red flag(s) were triggered. Key reasons: Revenue trend over the available years is negative."", ""framing_message"": ""This score estimates how closely the company's financial pattern resembles historical wilful defaulter cases in the training dataset."", ""imputed_feature_fraction"": 0.0}]"
Parekh Aluminex,L27203MH1994PLC080732,3,2012,hist_gradient_boosting,tier1a_v1,0.7514224362316939,0.39999999999999986,1,High,excessive_leverage|negative_operating_cash_flow|declining_cash_flow_trend|rising_borrowings_trend|leverage_spike,5,"Debt-to-equity is above 2, indicating elevated leverage. | Operating cash flow is negative despite positive revenue. | Operating cash flow trend over the available years is negative.","ML probability 0.751 against threshold 0.400. 5 rule-based red flag(s) were triggered. Key reasons: Debt-to-equity is above 2, indicating elevated leverage.; Operating cash flow is negative despite positive revenue.; Operating cash flow trend over the available years is negative.",,"[{""financial_year"": 2010, ""ml_probability"": 0.7472936181753292, ""model_threshold"": 0.39999999999999986, ""ml_class"": 1, ""rule_flags_triggered"": [""declining_cash_flow_trend"", ""rising_borrowings_trend""], ""rule_flag_count"": 2, ""critical_rule_count"": 0, ""risk_band"": ""High"", ""top_reasons"": [""Operating cash flow trend over the available years is negative."", ""Borrowings trend over the available years is increasing.""], ""support_summary"": ""ML probability 0.747 against threshold 0.400. 2 rule-based red flag(s) were triggered. Key reasons: Operating cash flow trend over the available years is negative.; Borrowings trend over the available years is increasing."", ""framing_message"": ""This score estimates how closely the company's financial pattern resembles historical wilful defaulter cases in the training dataset."", ""imputed_feature_fraction"": 0.0}, {""financial_year"": 2011, ""ml_probability"": 0.7499539419652814, ""model_threshold"": 0.39999999999999986, ""ml_class"": 1, ""rule_flags_triggered"": [""negative_operating_cash_flow"", ""declining_cash_flow_trend"", ""rising_borrowings_trend""], ""rule_flag_count"": 3, ""critical_rule_count"": 1, ""risk_band"": ""High"", ""top_reasons"": [""Operating cash flow is negative despite positive revenue."", ""Operating cash flow trend over the available years is negative."", ""Borrowings trend over the available years is increasing.""], ""support_summary"": ""ML probability 0.750 against threshold 0.400. 3 rule-based red flag(s) were triggered. Key reasons: Operating cash flow is negative despite positive revenue.; Operating cash flow trend over the available years is negative.; Borrowings trend over the available years is increasing."", ""framing_message"": ""This score estimates how closely the company's financial pattern resembles historical wilful defaulter cases in the training dataset."", ""imputed_feature_fraction"": 0.0}, {""financial_year"": 2012, ""ml_probability"": 0.7514224362316939, ""model_threshold"": 0.39999999999999986, ""ml_class"": 1, ""rule_flags_triggered"": [""excessive_leverage"", ""negative_operating_cash_flow"", ""declining_cash_flow_trend"", ""rising_borrowings_trend"", ""leverage_spike""], ""rule_flag_count"": 5, ""critical_rule_count"": 2, ""risk_band"": ""High"", ""top_reasons"": [""Debt-to-equity is above 2, indicating elevated leverage."", ""Operating cash flow is negative despite positive revenue."", ""Operating cash flow trend over the available years is negative.""], ""support_summary"": ""ML probability 0.751 against threshold 0.400. 5 rule-based red flag(s) were triggered. Key reasons: Debt-to-equity is above 2, indicating elevated leverage.; Operating cash flow is negative despite positive revenue.; Operating cash flow trend over the available years is negative."", ""framing_message"": ""This score estimates how closely the company's financial pattern resembles historical wilful defaulter cases in the training dataset."", ""imputed_feature_fraction"": 0.0}]"
Pratibha Industries,L45200MH1995PLC090760,3,2017,hist_gradient_boosting,tier1a_v1,0.7521096697389213,0.39999999999999986,1,High,weak_interest_coverage|excessive_leverage|negative_operating_cash_flow|negative_profit_margin|declining_revenue_trend|declining_cash_flow_trend|rising_borrowings_trend|leverage_spike|margin_drop,9,"Interest coverage is below 1, suggesting operating earnings may not comfortably cover finance costs. | Debt-to-equity is above 2, indicating elevated leverage. | Operating cash flow is negative despite positive revenue.","ML probability 0.752 against threshold 0.400. 9 rule-based red flag(s) were triggered. Key reasons: Interest coverage is below 1, suggesting operating earnings may not comfortably cover finance costs.; Debt-to-equity is above 2, indicating elevated leverage.; Operating cash flow is negative despite positive revenue.",,"[{""financial_year"": 2015, ""ml_probability"": 0.7467169994068463, ""model_threshold"": 0.39999999999999986, ""ml_class"": 1, ""rule_flags_triggered"": [""excessive_leverage"", ""negative_operating_cash_flow"", ""declining_revenue_trend"", ""declining_cash_flow_trend"", ""rising_borrowings_trend""], ""rule_flag_count"": 5, ""critical_rule_count"": 2, ""risk_band"": ""High"", ""top_reasons"": [""Debt-to-equity is above 2, indicating elevated leverage."", ""Operating cash flow is negative despite positive revenue."", ""Revenue trend over the available years is negative.""], ""support_summary"": ""ML probability 0.747 against threshold 0.400. 5 rule-based red flag(s) were triggered. Key reasons: Debt-to-equity is above 2, indicating elevated leverage.; Operating cash flow is negative despite positive revenue.; Revenue trend over the available years is negative."", ""framing_message"": ""This score estimates how closely the company's financial pattern resembles historical wilful defaulter cases in the training dataset."", ""imputed_feature_fraction"": 0.0}, {""financial_year"": 2016, ""ml_probability"": 0.7517204608626575, ""model_threshold"": 0.39999999999999986, ""ml_class"": 1, ""rule_flags_triggered"": [""excessive_leverage"", ""negative_operating_cash_flow"", ""declining_revenue_trend"", ""declining_cash_flow_trend"", ""rising_borrowings_trend"", ""leverage_spike""], ""rule_flag_count"": 6, ""critical_rule_count"": 2, ""risk_band"": ""High"", ""top_reasons"": [""Debt-to-equity is above 2, indicating elevated leverage."", ""Operating cash flow is negative despite positive revenue."", ""Revenue trend over the available years is negative.""], ""support_summary"": ""ML probability 0.752 against threshold 0.400. 6 rule-based red flag(s) were triggered. Key reasons: Debt-to-equity is above 2, indicating elevated leverage.; Operating cash flow is negative despite positive revenue.; Revenue trend over the available years is negative."", ""framing_message"": ""This score estimates how closely the company's financial pattern resembles historical wilful defaulter cases in the training dataset."", ""imputed_feature_fraction"": 0.0}, {""financial_year"": 2017, ""ml_probability"": 0.7521096697389213, ""model_threshold"": 0.39999999999999986, ""ml_class"": 1, ""rule_flags_triggered"": [""weak_interest_coverage"", ""excessive_leverage"", ""negative_operating_cash_flow"", ""negative_profit_margin"", ""declining_revenue_trend"", ""declining_cash_flow_trend"", ""rising_borrowings_trend"", ""leverage_spike"", ""margin_drop""], ""rule_flag_count"": 9, ""critical_rule_count"": 4, ""risk_band"": ""High"", ""top_reasons"": [""Interest coverage is below 1, suggesting operating earnings may not comfortably cover finance costs."", ""Debt-to-equity is above 2, indicating elevated leverage."", ""Operating cash flow is negative despite positive revenue.""], ""support_summary"": ""ML probability 0.752 against threshold 0.400. 9 rule-based red flag(s) were triggered. Key reasons: Interest coverage is below 1, suggesting operating earnings may not comfortably cover finance costs.; Debt-to-equity is above 2, indicating elevated leverage.; Operating cash flow is negative despite positive revenue."", ""framing_message"": ""This score estimates how closely the company's financial pattern resembles historical wilful defaulter cases in the training dataset."", ""imputed_feature_fraction"": 0.0}]"
Punj Lloyd Ltd,L74899DL1988PLC033314,3,2018,hist_gradient_boosting,tier1a_v1,0.7516728324478775,0.39999999999999986,1,High,weak_interest_coverage,1,"Interest coverage is below 1, suggesting operating earnings may not comfortably cover finance costs.","ML probability 0.752 against threshold 0.400. 1 rule-based red flag(s) were triggered. Key reasons: Interest coverage is below 1, suggesting operating earnings may not comfortably cover finance costs.",,"[{""financial_year"": 2016, ""ml_probability"": 0.7517815779787792, ""model_threshold"": 0.39999999999999986, ""ml_class"": 1, ""rule_flags_triggered"": [""weak_interest_coverage"", ""excessive_leverage"", ""negative_operating_cash_flow"", ""negative_profit_margin""], ""rule_flag_count"": 4, ""critical_rule_count"": 4, ""risk_band"": ""High"", ""top_reasons"": [""Interest coverage is below 1, suggesting operating earnings may not comfortably cover finance costs."", ""Debt-to-equity is above 2, indicating elevated leverage."", ""Operating cash flow is negative despite positive revenue.""], ""support_summary"": ""ML probability 0.752 against threshold 0.400. 4 rule-based red flag(s) were triggered. Key reasons: Interest coverage is below 1, suggesting operating earnings may not comfortably cover finance costs.; Debt-to-equity is above 2, indicating elevated leverage.; Operating cash flow is negative despite positive revenue."", ""framing_message"": ""This score estimates how closely the company's financial pattern resembles historical wilful defaulter cases in the training dataset."", ""imputed_feature_fraction"": 0.0}, {""financial_year"": 2017, ""ml_probability"": 0.7521581345311967, ""model_threshold"": 0.39999999999999986, ""ml_class"": 1, ""rule_flags_triggered"": [""weak_interest_coverage"", ""excessive_leverage"", ""negative_profit_margin"", ""leverage_spike""], ""rule_flag_count"": 4, ""critical_rule_count"": 3, ""risk_band"": ""High"", ""top_reasons"": [""Interest coverage is below 1, suggesting operating earnings may not comfortably cover finance costs."", ""Debt-to-equity is above 2, indicating elevated leverage."", ""Net profit margin is negative.""], ""support_summary"": ""ML probability 0.752 against threshold 0.400. 4 rule-based red flag(s) were triggered. Key reasons: Interest coverage is below 1, suggesting operating earnings may not comfortably cover finance costs.; Debt-to-equity is above 2, indicating elevated leverage.; Net profit margin is negative."", ""framing_message"": ""This score estimates how closely the company's financial pattern resembles historical wilful defaulter cases in the training dataset."", ""imputed_feature_fraction"": 0.0}, {""financial_year"": 2018, ""ml_probability"": 0.7516728324478775, ""model_threshold"": 0.39999999999999986, ""ml_class"": 1, ""rule_flags_triggered"": [""weak_interest_coverage""], ""rule_flag_count"": 1, ""critical_rule_count"": 1, ""risk_band"": ""High"", ""top_reasons"": [""Interest coverage is below 1, suggesting operating earnings may not comfortably cover finance costs.""], ""support_summary"": ""ML probability 0.752 against threshold 0.400. 1 rule-based red flag(s) were triggered. Key reasons: Interest coverage is below 1, suggesting operating earnings may not comfortably cover finance costs."", ""framing_message"": ""This score estimates how closely the company's financial pattern resembles historical wilful defaulter cases in the training dataset."", ""imputed_feature_fraction"": 0.0}]"
REI Agro,L14200WB1994PLC104573,3,2016,hist_gradient_boosting,tier1a_v1,0.7522032631265149,0.39999999999999986,1,High,weak_interest_coverage|negative_profit_margin|declining_revenue_trend|declining_cash_flow_trend|rising_borrowings_trend,5,"Interest coverage is below 1, suggesting operating earnings may not comfortably cover finance costs. | Net profit margin is negative. | Revenue trend over the available years is negative.","ML probability 0.752 against threshold 0.400. 5 rule-based red flag(s) were triggered. Key reasons: Interest coverage is below 1, suggesting operating earnings may not comfortably cover finance costs.; Net profit margin is negative.; Revenue trend over the available years is negative.",,"[{""financial_year"": 2014, ""ml_probability"": 0.7521856455236166, ""model_threshold"": 0.39999999999999986, ""ml_class"": 1, ""rule_flags_triggered"": [""weak_interest_coverage"", ""excessive_leverage"", ""negative_profit_margin"", ""declining_revenue_trend"", ""declining_cash_flow_trend"", ""rising_borrowings_trend""], ""rule_flag_count"": 6, ""critical_rule_count"": 3, ""risk_band"": ""High"", ""top_reasons"": [""Interest coverage is below 1, suggesting operating earnings may not comfortably cover finance costs."", ""Debt-to-equity is above 2, indicating elevated leverage."", ""Net profit margin is negative.""], ""support_summary"": ""ML probability 0.752 against threshold 0.400. 6 rule-based red flag(s) were triggered. Key reasons: Interest coverage is below 1, suggesting operating earnings may not comfortably cover finance costs.; Debt-to-equity is above 2, indicating elevated leverage.; Net profit margin is negative."", ""framing_message"": ""This score estimates how closely the company's financial pattern resembles historical wilful defaulter cases in the training dataset."", ""imputed_feature_fraction"": 0.0}, {""financial_year"": 2015, ""ml_probability"": 0.7522041308313266, ""model_threshold"": 0.39999999999999986, ""ml_class"": 1, ""rule_flags_triggered"": [""weak_interest_coverage"", ""negative_operating_cash_flow"", ""negative_profit_margin"", ""declining_revenue_trend"", ""declining_cash_flow_trend"", ""rising_borrowings_trend"", ""margin_drop""], ""rule_flag_count"": 7, ""critical_rule_count"": 3, ""risk_band"": ""High"", ""top_reasons"": [""Interest coverage is below 1, suggesting operating earnings may not comfortably cover finance costs."", ""Operating cash flow is negative despite positive revenue."", ""Net profit margin is negative.""], ""support_summary"": ""ML probability 0.752 against threshold 0.400. 7 rule-based red flag(s) were triggered. Key reasons: Interest coverage is below 1, suggesting operating earnings may not comfortably cover finance costs.; Operating cash flow is negative despite positive revenue.; Net profit margin is negative."", ""framing_message"": ""This score estimates how closely the company's financial pattern resembles historical wilful defaulter cases in the training dataset."", ""imputed_feature_fraction"": 0.0}, {""financial_year"": 2016, ""ml_probability"": 0.7522032631265149, ""model_threshold"": 0.39999999999999986, ""ml_class"": 1, ""rule_flags_triggered"": [""weak_interest_coverage"", ""negative_profit_margin"", ""declining_revenue_trend"", ""declining_cash_flow_trend"", ""rising_borrowings_trend""], ""rule_flag_count"": 5, ""critical_rule_count"": 2, ""risk_band"": ""High"", ""top_reasons"": [""Interest coverage is below 1, suggesting operating earnings may not comfortably cover finance costs."", ""Net profit margin is negative."", ""Revenue trend over the available years is negative.""], ""support_summary"": ""ML probability 0.752 against threshold 0.400. 5 rule-based red flag(s) were triggered. Key reasons: Interest coverage is below 1, suggesting operating earnings may not comfortably cover finance costs.; Net profit margin is negative.; Revenue trend over the available years is negative."", ""framing_message"": ""This score estimates how closely the company's financial pattern resembles historical wilful defaulter cases in the training dataset."", ""imputed_feature_fraction"": 0.0}]"
Shree Ganesh Jewellery House,L36911WB2002PLC095086,3,2015,hist_gradient_boosting,tier1a_v1,0.7516098933589692,0.39999999999999986,1,High,weak_interest_coverage|excessive_leverage|weak_liquidity|negative_operating_cash_flow|negative_profit_margin|large_contingent_liabilities|declining_revenue_trend|declining_cash_flow_trend|rising_borrowings_trend|leverage_spike|margin_drop,11,"Interest coverage is below 1, suggesting operating earnings may not comfortably cover finance costs. | Debt-to-equity is above 2, indicating elevated leverage. | Current ratio is below 1, indicating a short-term liquidity deficit.","ML probability 0.752 against threshold 0.400. 11 rule-based red flag(s) were triggered. Key reasons: Interest coverage is below 1, suggesting operating earnings may not comfortably cover finance costs.; Debt-to-equity is above 2, indicating elevated leverage.; Current ratio is below 1, indicating a short-term liquidity deficit.",,"[{""financial_year"": 2013, ""ml_probability"": 0.7454297180021809, ""model_threshold"": 0.39999999999999986, ""ml_class"": 1, ""rule_flags_triggered"": [""large_contingent_liabilities"", ""declining_revenue_trend"", ""declining_cash_flow_trend"", ""rising_borrowings_trend""], ""rule_flag_count"": 4, ""critical_rule_count"": 1, ""risk_band"": ""High"", ""top_reasons"": [""Contingent liabilities exceed 50% of net worth."", ""Revenue trend over the available years is negative."", ""Operating cash flow trend over the available years is negative.""], ""support_summary"": ""ML probability 0.745 against threshold 0.400. 4 rule-based red flag(s) were triggered. Key reasons: Contingent liabilities exceed 50% of net worth.; Revenue trend over the available years is negative.; Operating cash flow trend over the available years is negative."", ""framing_message"": ""This score estimates how closely the company's financial pattern resembles historical wilful defaulter cases in the training dataset."", ""imputed_feature_fraction"": 0.0}, {""financial_year"": 2014, ""ml_probability"": 0.7508196100917939, ""model_threshold"": 0.39999999999999986, ""ml_class"": 1, ""rule_flags_triggered"": [""weak_interest_coverage"", ""excessive_leverage"", ""weak_liquidity"", ""negative_operating_cash_flow"", ""negative_profit_margin"", ""large_contingent_liabilities"", ""declining_revenue_trend"", ""declining_cash_flow_trend"", ""rising_borrowings_trend"", ""leverage_spike"", ""margin_drop""], ""rule_flag_count"": 11, ""critical_rule_count"": 6, ""risk_band"": ""High"", ""top_reasons"": [""Interest coverage is below 1, suggesting operating earnings may not comfortably cover finance costs."", ""Debt-to-equity is above 2, indicating elevated leverage."", ""Current ratio is below 1, indicating a short-term liquidity deficit.""], ""support_summary"": ""ML probability 0.751 against threshold 0.400. 11 rule-based red flag(s) were triggered. Key reasons: Interest coverage is below 1, suggesting operating earnings may not comfortably cover finance costs.; Debt-to-equity is above 2, indicating elevated leverage.; Current ratio is below 1, indicating a short-term liquidity deficit."", ""framing_message"": ""This score estimates how closely the company's financial pattern resembles historical wilful defaulter cases in the training dataset."", ""imputed_feature_fraction"": 0.0}, {""financial_year"": 2015, ""ml_probability"": 0.7516098933589692, ""model_threshold"": 0.39999999999999986, ""ml_class"": 1, ""rule_flags_triggered"": [""weak_interest_coverage"", ""excessive_leverage"", ""weak_liquidity"", ""negative_operating_cash_flow"", ""negative_profit_margin"", ""large_contingent_liabilities"", ""declining_revenue_trend"", ""declining_cash_flow_trend"", ""rising_borrowings_trend"", ""leverage_spike"", ""margin_drop""], ""rule_flag_count"": 11, ""critical_rule_count"": 6, ""risk_band"": ""High"", ""top_reasons"": [""Interest coverage is below 1, suggesting operating earnings may not comfortably cover finance costs."", ""Debt-to-equity is above 2, indicating elevated leverage."", ""Current ratio is below 1, indicating a short-term liquidity deficit.""], ""support_summary"": ""ML probability 0.752 against threshold 0.400. 11 rule-based red flag(s) were triggered. Key reasons: Interest coverage is below 1, suggesting operating earnings may not comfortably cover finance costs.; Debt-to-equity is above 2, indicating elevated leverage.; Current ratio is below 1, indicating a short-term liquidity deficit."", ""framing_message"": ""This score estimates how closely the company's financial pattern resembles historical wilful defaulter cases in the training dataset."", ""imputed_feature_fraction"": 0.0}]"
Shree Renuka Sugars Limited,L01542KA1995PLC019046,3,2022,hist_gradient_boosting,tier1a_v1,0.7521865858974145,0.39999999999999986,1,High,excessive_leverage|declining_cash_flow_trend|rising_borrowings_trend,3,"Debt-to-equity is above 2, indicating elevated leverage. | Operating cash flow trend over the available years is negative. | Borrowings trend over the available years is increasing.","ML probability 0.752 against threshold 0.400. 3 rule-based red flag(s) were triggered. Key reasons: Debt-to-equity is above 2, indicating elevated leverage.; Operating cash flow trend over the available years is negative.; Borrowings trend over the available years is increasing.",,"[{""financial_year"": 2020, ""ml_probability"": 0.7512838586262327, ""model_threshold"": 0.39999999999999986, ""ml_class"": 1, ""rule_flags_triggered"": [""weak_interest_coverage"", ""negative_profit_margin"", ""declining_cash_flow_trend"", ""rising_borrowings_trend""], ""rule_flag_count"": 4, ""critical_rule_count"": 2, ""risk_band"": ""High"", ""top_reasons"": [""Interest coverage is below 1, suggesting operating earnings may not comfortably cover finance costs."", ""Net profit margin is negative."", ""Operating cash flow trend over the available years is negative.""], ""support_summary"": ""ML probability 0.751 against threshold 0.400. 4 rule-based red flag(s) were triggered. Key reasons: Interest coverage is below 1, suggesting operating earnings may not comfortably cover finance costs.; Net profit margin is negative.; Operating cash flow trend over the available years is negative."", ""framing_message"": ""This score estimates how closely the company's financial pattern resembles historical wilful defaulter cases in the training dataset."", ""imputed_feature_fraction"": 0.0}, {""financial_year"": 2021, ""ml_probability"": 0.7521883096655559, ""model_threshold"": 0.39999999999999986, ""ml_class"": 1, ""rule_flags_triggered"": [""excessive_leverage"", ""negative_operating_cash_flow"", ""declining_cash_flow_trend"", ""rising_borrowings_trend""], ""rule_flag_count"": 4, ""critical_rule_count"": 2, ""risk_band"": ""High"", ""top_reasons"": [""Debt-to-equity is above 2, indicating elevated leverage."", ""Operating cash flow is negative despite positive revenue."", ""Operating cash flow trend over the available years is negative.""], ""support_summary"": ""ML probability 0.752 against threshold 0.400. 4 rule-based red flag(s) were triggered. Key reasons: Debt-to-equity is above 2, indicating elevated leverage.; Operating cash flow is negative despite positive revenue.; Operating cash flow trend over the available years is negative."", ""framing_message"": ""This score estimates how closely the company's financial pattern resembles historical wilful defaulter cases in the training dataset."", ""imputed_feature_fraction"": 0.0}, {""financial_year"": 2022, ""ml_probability"": 0.7521865858974145, ""model_threshold"": 0.39999999999999986, ""ml_class"": 1, ""rule_flags_triggered"": [""excessive_leverage"", ""declining_cash_flow_trend"", ""rising_borrowings_trend""], ""rule_flag_count"": 3, ""critical_rule_count"": 1, ""risk_band"": ""High"", ""top_reasons"": [""Debt-to-equity is above 2, indicating elevated leverage."", ""Operating cash flow trend over the available years is negative."", ""Borrowings trend over the available years is increasing.""], ""support_summary"": ""ML probability 0.752 against threshold 0.400. 3 rule-based red flag(s) were triggered. Key reasons: Debt-to-equity is above 2, indicating elevated leverage.; Operating cash flow trend over the available years is negative.; Borrowings trend over the available years is increasing."", ""framing_message"": ""This score estimates how closely the company's financial pattern resembles historical wilful defaulter cases in the training dataset."", ""imputed_feature_fraction"": 0.0}]"
Shri Lakshmi Cotsyn,L17122UP1988PLC009985,3,2017,hist_gradient_boosting,tier1a_v1,0.7515713492114257,0.39999999999999986,1,High,weak_interest_coverage|negative_profit_margin|declining_revenue_trend|margin_drop,4,"Interest coverage is below 1, suggesting operating earnings may not comfortably cover finance costs. | Net profit margin is negative. | Revenue trend over the available years is negative.","ML probability 0.752 against threshold 0.400. 4 rule-based red flag(s) were triggered. Key reasons: Interest coverage is below 1, suggesting operating earnings may not comfortably cover finance costs.; Net profit margin is negative.; Revenue trend over the available years is negative.",,"[{""financial_year"": 2015, ""ml_probability"": 0.7507971218067255, ""model_threshold"": 0.39999999999999986, ""ml_class"": 1, ""rule_flags_triggered"": [""weak_interest_coverage"", ""negative_operating_cash_flow"", ""negative_profit_margin"", ""declining_revenue_trend""], ""rule_flag_count"": 4, ""critical_rule_count"": 3, ""risk_band"": ""High"", ""top_reasons"": [""Interest coverage is below 1, suggesting operating earnings may not comfortably cover finance costs."", ""Operating cash flow is negative despite positive revenue."", ""Net profit margin is negative.""], ""support_summary"": ""ML probability 0.751 against threshold 0.400. 4 rule-based red flag(s) were triggered. Key reasons: Interest coverage is below 1, suggesting operating earnings may not comfortably cover finance costs.; Operating cash flow is negative despite positive revenue.; Net profit margin is negative."", ""framing_message"": ""This score estimates how closely the company's financial pattern resembles historical wilful defaulter cases in the training dataset."", ""imputed_feature_fraction"": 0.0}, {""financial_year"": 2016, ""ml_probability"": 0.7515320398916184, ""model_threshold"": 0.39999999999999986, ""ml_class"": 1, ""rule_flags_triggered"": [""weak_interest_coverage"", ""negative_profit_margin"", ""declining_revenue_trend""], ""rule_flag_count"": 3, ""critical_rule_count"": 2, ""risk_band"": ""High"", ""top_reasons"": [""Interest coverage is below 1, suggesting operating earnings may not comfortably cover finance costs."", ""Net profit margin is negative."", ""Revenue trend over the available years is negative.""], ""support_summary"": ""ML probability 0.752 against threshold 0.400. 3 rule-based red flag(s) were triggered. Key reasons: Interest coverage is below 1, suggesting operating earnings may not comfortably cover finance costs.; Net profit margin is negative.; Revenue trend over the available years is negative."", ""framing_message"": ""This score estimates how closely the company's financial pattern resembles historical wilful defaulter cases in the training dataset."", ""imputed_feature_fraction"": 0.0}, {""financial_year"": 2017, ""ml_probability"": 0.7515713492114257, ""model_threshold"": 0.39999999999999986, ""ml_class"": 1, ""rule_flags_triggered"": [""weak_interest_coverage"", ""negative_profit_margin"", ""declining_revenue_trend"", ""margin_drop""], ""rule_flag_count"": 4, ""critical_rule_count"": 2, ""risk_band"": ""High"", ""top_reasons"": [""Interest coverage is below 1, suggesting operating earnings may not comfortably cover finance costs."", ""Net profit margin is negative."", ""Revenue trend over the available years is negative.""], ""support_summary"": ""ML probability 0.752 against threshold 0.400. 4 rule-based red flag(s) were triggered. Key reasons: Interest coverage is below 1, suggesting operating earnings may not comfortably cover finance costs.; Net profit margin is negative.; Revenue trend over the available years is negative."", ""framing_message"": ""This score estimates how closely the company's financial pattern resembles historical wilful defaulter cases in the training dataset."", ""imputed_feature_fraction"": 0.0}]"
Sical Logistics Ltd,L51909TN1955PLC002431,3,2020,hist_gradient_boosting,tier1a_v1,0.7476806715389009,0.39999999999999986,1,High,weak_interest_coverage|negative_profit_margin|declining_revenue_trend|margin_drop,4,"Interest coverage is below 1, suggesting operating earnings may not comfortably cover finance costs. | Net profit margin is negative. | Revenue trend over the available years is negative.","ML probability 0.748 against threshold 0.400. 4 rule-based red flag(s) were triggered. Key reasons: Interest coverage is below 1, suggesting operating earnings may not comfortably cover finance costs.; Net profit margin is negative.; Revenue trend over the available years is negative.",,"[{""financial_year"": 2018, ""ml_probability"": 0.7505001280155958, ""model_threshold"": 0.39999999999999986, ""ml_class"": 1, ""rule_flags_triggered"": [""declining_revenue_trend""], ""rule_flag_count"": 1, ""critical_rule_count"": 0, ""risk_band"": ""High"", ""top_reasons"": [""Revenue trend over the available years is negative.""], ""support_summary"": ""ML probability 0.751 against threshold 0.400. 1 rule-based red flag(s) were triggered. Key reasons: Revenue trend over the available years is negative."", ""framing_message"": ""This score estimates how closely the company's financial pattern resembles historical wilful defaulter cases in the training dataset."", ""imputed_feature_fraction"": 0.0}, {""financial_year"": 2019, ""ml_probability"": 0.7513976967234207, ""model_threshold"": 0.39999999999999986, ""ml_class"": 1, ""rule_flags_triggered"": [""negative_operating_cash_flow"", ""declining_revenue_trend""], ""rule_flag_count"": 2, ""critical_rule_count"": 1, ""risk_band"": ""High"", ""top_reasons"": [""Operating cash flow is negative despite positive revenue."", ""Revenue trend over the available years is negative.""], ""support_summary"": ""ML probability 0.751 against threshold 0.400. 2 rule-based red flag(s) were triggered. Key reasons: Operating cash flow is negative despite positive revenue.; Revenue trend over the available years is negative."", ""framing_message"": ""This score estimates how closely the company's financial pattern resembles historical wilful defaulter cases in the training dataset."", ""imputed_feature_fraction"": 0.0}, {""financial_year"": 2020, ""ml_probability"": 0.7476806715389009, ""model_threshold"": 0.39999999999999986, ""ml_class"": 1, ""rule_flags_triggered"": [""weak_interest_coverage"", ""negative_profit_margin"", ""declining_revenue_trend"", ""margin_drop""], ""rule_flag_count"": 4, ""critical_rule_count"": 2, ""risk_band"": ""High"", ""top_reasons"": [""Interest coverage is below 1, suggesting operating earnings may not comfortably cover finance costs."", ""Net profit margin is negative."", ""Revenue trend over the available years is negative.""], ""support_summary"": ""ML probability 0.748 against threshold 0.400. 4 rule-based red flag(s) were triggered. Key reasons: Interest coverage is below 1, suggesting operating earnings may not comfortably cover finance costs.; Net profit margin is negative.; Revenue trend over the available years is negative."", ""framing_message"": ""This score estimates how closely the company's financial pattern resembles historical wilful defaulter cases in the training dataset."", ""imputed_feature_fraction"": 0.0}]"
Simbhaoli Sugars Ltd,L15122UP2011PLC044210,3,2023,hist_gradient_boosting,tier1a_v1,0.7522079177745526,0.39999999999999986,1,High,weak_interest_coverage|negative_profit_margin|declining_revenue_trend|declining_cash_flow_trend,4,"Interest coverage is below 1, suggesting operating earnings may not comfortably cover finance costs. | Net profit margin is negative. | Revenue trend over the available years is negative.","ML probability 0.752 against threshold 0.400. 4 rule-based red flag(s) were triggered. Key reasons: Interest coverage is below 1, suggesting operating earnings may not comfortably cover finance costs.; Net profit margin is negative.; Revenue trend over the available years is negative.",,"[{""financial_year"": 2021, ""ml_probability"": 0.7521301047733483, ""model_threshold"": 0.39999999999999986, ""ml_class"": 1, ""rule_flags_triggered"": [""weak_interest_coverage"", ""negative_profit_margin"", ""declining_revenue_trend"", ""declining_cash_flow_trend""], ""rule_flag_count"": 4, ""critical_rule_count"": 2, ""risk_band"": ""High"", ""top_reasons"": [""Interest coverage is below 1, suggesting operating earnings may not comfortably cover finance costs."", ""Net profit margin is negative."", ""Revenue trend over the available years is negative.""], ""support_summary"": ""ML probability 0.752 against threshold 0.400. 4 rule-based red flag(s) were triggered. Key reasons: Interest coverage is below 1, suggesting operating earnings may not comfortably cover finance costs.; Net profit margin is negative.; Revenue trend over the available years is negative."", ""framing_message"": ""This score estimates how closely the company's financial pattern resembles historical wilful defaulter cases in the training dataset."", ""imputed_feature_fraction"": 0.0}, {""financial_year"": 2022, ""ml_probability"": 0.7521931709241024, ""model_threshold"": 0.39999999999999986, ""ml_class"": 1, ""rule_flags_triggered"": [""weak_interest_coverage"", ""negative_profit_margin"", ""declining_revenue_trend"", ""declining_cash_flow_trend""], ""rule_flag_count"": 4, ""critical_rule_count"": 2, ""risk_band"": ""High"", ""top_reasons"": [""Interest coverage is below 1, suggesting operating earnings may not comfortably cover finance costs."", ""Net profit margin is negative."", ""Revenue trend over the available years is negative.""], ""support_summary"": ""ML probability 0.752 against threshold 0.400. 4 rule-based red flag(s) were triggered. Key reasons: Interest coverage is below 1, suggesting operating earnings may not comfortably cover finance costs.; Net profit margin is negative.; Revenue trend over the available years is negative."", ""framing_message"": ""This score estimates how closely the company's financial pattern resembles historical wilful defaulter cases in the training dataset."", ""imputed_feature_fraction"": 0.0}, {""financial_year"": 2023, ""ml_probability"": 0.7522079177745526, ""model_threshold"": 0.39999999999999986, ""ml_class"": 1, ""rule_flags_triggered"": [""weak_interest_coverage"", ""negative_profit_margin"", ""declining_revenue_trend"", ""declining_cash_flow_trend""], ""rule_flag_count"": 4, ""critical_rule_count"": 2, ""risk_band"": ""High"", ""top_reasons"": [""Interest coverage is below 1, suggesting operating earnings may not comfortably cover finance costs."", ""Net profit margin is negative."", ""Revenue trend over the available years is negative.""], ""support_summary"": ""ML probability 0.752 against threshold 0.400. 4 rule-based red flag(s) were triggered. Key reasons: Interest coverage is below 1, suggesting operating earnings may not comfortably cover finance costs.; Net profit margin is negative.; Revenue trend over the available years is negative."", ""framing_message"": ""This score estimates how closely the company's financial pattern resembles historical wilful defaulter cases in the training dataset."", ""imputed_feature_fraction"": 0.0}]"
SpiceJet Ltd,L51909DL1984PLC288239,3,2023,hist_gradient_boosting,tier1a_v1,0.7519466913632762,0.39999999999999986,1,High,weak_interest_coverage|negative_profit_margin|declining_cash_flow_trend|rising_borrowings_trend,4,"Interest coverage is below 1, suggesting operating earnings may not comfortably cover finance costs. | Net profit margin is negative. | Operating cash flow trend over the available years is negative.","ML probability 0.752 against threshold 0.400. 4 rule-based red flag(s) were triggered. Key reasons: Interest coverage is below 1, suggesting operating earnings may not comfortably cover finance costs.; Net profit margin is negative.; Operating cash flow trend over the available years is negative.",,"[{""financial_year"": 2021, ""ml_probability"": 0.7414714620442999, ""model_threshold"": 0.39999999999999986, ""ml_class"": 1, ""rule_flags_triggered"": [""weak_interest_coverage"", ""negative_profit_margin"", ""declining_cash_flow_trend"", ""rising_borrowings_trend""], ""rule_flag_count"": 4, ""critical_rule_count"": 2, ""risk_band"": ""High"", ""top_reasons"": [""Interest coverage is below 1, suggesting operating earnings may not comfortably cover finance costs."", ""Net profit margin is negative."", ""Operating cash flow trend over the available years is negative.""], ""support_summary"": ""ML probability 0.741 against threshold 0.400. 4 rule-based red flag(s) were triggered. Key reasons: Interest coverage is below 1, suggesting operating earnings may not comfortably cover finance costs.; Net profit margin is negative.; Operating cash flow trend over the available years is negative."", ""framing_message"": ""This score estimates how closely the company's financial pattern resembles historical wilful defaulter cases in the training dataset."", ""imputed_feature_fraction"": 0.0}, {""financial_year"": 2022, ""ml_probability"": 0.7513847738232738, ""model_threshold"": 0.39999999999999986, ""ml_class"": 1, ""rule_flags_triggered"": [""weak_interest_coverage"", ""negative_profit_margin"", ""declining_cash_flow_trend"", ""rising_borrowings_trend"", ""margin_drop""], ""rule_flag_count"": 5, ""critical_rule_count"": 2, ""risk_band"": ""High"", ""top_reasons"": [""Interest coverage is below 1, suggesting operating earnings may not comfortably cover finance costs."", ""Net profit margin is negative."", ""Operating cash flow trend over the available years is negative.""], ""support_summary"": ""ML probability 0.751 against threshold 0.400. 5 rule-based red flag(s) were triggered. Key reasons: Interest coverage is below 1, suggesting operating earnings may not comfortably cover finance costs.; Net profit margin is negative.; Operating cash flow trend over the available years is negative."", ""framing_message"": ""This score estimates how closely the company's financial pattern resembles historical wilful defaulter cases in the training dataset."", ""imputed_feature_fraction"": 0.0}, {""financial_year"": 2023, ""ml_probability"": 0.7519466913632762, ""model_threshold"": 0.39999999999999986, ""ml_class"": 1, ""rule_flags_triggered"": [""weak_interest_coverage"", ""negative_profit_margin"", ""declining_cash_flow_trend"", ""rising_borrowings_trend""], ""rule_flag_count"": 4, ""critical_rule_count"": 2, ""risk_band"": ""High"", ""top_reasons"": [""Interest coverage is below 1, suggesting operating earnings may not comfortably cover finance costs."", ""Net profit margin is negative."", ""Operating cash flow trend over the available years is negative.""], ""support_summary"": ""ML probability 0.752 against threshold 0.400. 4 rule-based red flag(s) were triggered. Key reasons: Interest coverage is below 1, suggesting operating earnings may not comfortably cover finance costs.; Net profit margin is negative.; Operating cash flow trend over the available years is negative."", ""framing_message"": ""This score estimates how closely the company's financial pattern resembles historical wilful defaulter cases in the training dataset."", ""imputed_feature_fraction"": 0.0}]"
Surya Pharmaceutical,L24232DL1992PLC227186,3,2014,hist_gradient_boosting,tier1a_v1,0.7521260838627655,0.39999999999999986,1,High,weak_interest_coverage|weak_liquidity|negative_profit_margin|declining_revenue_trend|declining_cash_flow_trend|rising_borrowings_trend|margin_drop,7,"Interest coverage is below 1, suggesting operating earnings may not comfortably cover finance costs. | Current ratio is below 1, indicating a short-term liquidity deficit. | Net profit margin is negative.","ML probability 0.752 against threshold 0.400. 7 rule-based red flag(s) were triggered. Key reasons: Interest coverage is below 1, suggesting operating earnings may not comfortably cover finance costs.; Current ratio is below 1, indicating a short-term liquidity deficit.; Net profit margin is negative.",More than 30% of model input features were imputed for at least one year. | One or more key financial fields were missing and had to be imputed.,"[{""financial_year"": 2012, ""ml_probability"": 0.7521590170595717, ""model_threshold"": 0.39999999999999986, ""ml_class"": 1, ""rule_flags_triggered"": [""weak_interest_coverage"", ""excessive_leverage"", ""weak_liquidity"", ""negative_profit_margin"", ""large_contingent_liabilities"", ""declining_revenue_trend"", ""declining_cash_flow_trend"", ""rising_borrowings_trend""], ""rule_flag_count"": 8, ""critical_rule_count"": 5, ""risk_band"": ""High"", ""top_reasons"": [""Interest coverage is below 1, suggesting operating earnings may not comfortably cover finance costs."", ""Debt-to-equity is above 2, indicating elevated leverage."", ""Current ratio is below 1, indicating a short-term liquidity deficit.""], ""support_summary"": ""ML probability 0.752 against threshold 0.400. 8 rule-based red flag(s) were triggered. Key reasons: Interest coverage is below 1, suggesting operating earnings may not comfortably cover finance costs.; Debt-to-equity is above 2, indicating elevated leverage.; Current ratio is below 1, indicating a short-term liquidity deficit."", ""framing_message"": ""This score estimates how closely the company's financial pattern resembles historical wilful defaulter cases in the training dataset."", ""imputed_feature_fraction"": 0.0}, {""financial_year"": 2013, ""ml_probability"": 0.752181129283589, ""model_threshold"": 0.39999999999999986, ""ml_class"": 1, ""rule_flags_triggered"": [""weak_interest_coverage"", ""weak_liquidity"", ""negative_profit_margin"", ""declining_revenue_trend"", ""declining_cash_flow_trend"", ""rising_borrowings_trend"", ""margin_drop""], ""rule_flag_count"": 7, ""critical_rule_count"": 3, ""risk_band"": ""High"", ""top_reasons"": [""Interest coverage is below 1, suggesting operating earnings may not comfortably cover finance costs."", ""Current ratio is below 1, indicating a short-term liquidity deficit."", ""Net profit margin is negative.""], ""support_summary"": ""ML probability 0.752 against threshold 0.400. 7 rule-based red flag(s) were triggered. Key reasons: Interest coverage is below 1, suggesting operating earnings may not comfortably cover finance costs.; Current ratio is below 1, indicating a short-term liquidity deficit.; Net profit margin is negative."", ""framing_message"": ""This score estimates how closely the company's financial pattern resembles historical wilful defaulter cases in the training dataset."", ""imputed_feature_fraction"": 0.0}, {""financial_year"": 2014, ""ml_probability"": 0.7521260838627655, ""model_threshold"": 0.39999999999999986, ""ml_class"": 1, ""rule_flags_triggered"": [""weak_interest_coverage"", ""weak_liquidity"", ""negative_profit_margin"", ""declining_revenue_trend"", ""declining_cash_flow_trend"", ""rising_borrowings_trend"", ""margin_drop""], ""rule_flag_count"": 7, ""critical_rule_count"": 3, ""risk_band"": ""High"", ""top_reasons"": [""Interest coverage is below 1, suggesting operating earnings may not comfortably cover finance costs."", ""Current ratio is below 1, indicating a short-term liquidity deficit."", ""Net profit margin is negative.""], ""support_summary"": ""ML probability 0.752 against threshold 0.400. 7 rule-based red flag(s) were triggered. Key reasons: Interest coverage is below 1, suggesting operating earnings may not comfortably cover finance costs.; Current ratio is below 1, indicating a short-term liquidity deficit.; Net profit margin is negative."", ""framing_message"": ""This score estimates how closely the company's financial pattern resembles historical wilful defaulter cases in the training dataset."", ""imputed_feature_fraction"": 0.3333333333333333}]"
Suzlon Energy Ltd,L40100GJ1995PLC025447,3,2018,hist_gradient_boosting,tier1a_v1,0.7518585988565601,0.39999999999999986,1,High,weak_interest_coverage|excessive_leverage|negative_operating_cash_flow|negative_profit_margin|declining_cash_flow_trend|rising_borrowings_trend|leverage_spike|margin_drop,8,"Interest coverage is below 1, suggesting operating earnings may not comfortably cover finance costs. | Debt-to-equity is above 2, indicating elevated leverage. | Operating cash flow is negative despite positive revenue.","ML probability 0.752 against threshold 0.400. 8 rule-based red flag(s) were triggered. Key reasons: Interest coverage is below 1, suggesting operating earnings may not comfortably cover finance costs.; Debt-to-equity is above 2, indicating elevated leverage.; Operating cash flow is negative despite positive revenue.",,"[{""financial_year"": 2016, ""ml_probability"": 0.7483342821116339, ""model_threshold"": 0.39999999999999986, ""ml_class"": 1, ""rule_flags_triggered"": [""excessive_leverage"", ""declining_cash_flow_trend"", ""rising_borrowings_trend""], ""rule_flag_count"": 3, ""critical_rule_count"": 1, ""risk_band"": ""High"", ""top_reasons"": [""Debt-to-equity is above 2, indicating elevated leverage."", ""Operating cash flow trend over the available years is negative."", ""Borrowings trend over the available years is increasing.""], ""support_summary"": ""ML probability 0.748 against threshold 0.400. 3 rule-based red flag(s) were triggered. Key reasons: Debt-to-equity is above 2, indicating elevated leverage.; Operating cash flow trend over the available years is negative.; Borrowings trend over the available years is increasing."", ""framing_message"": ""This score estimates how closely the company's financial pattern resembles historical wilful defaulter cases in the training dataset."", ""imputed_feature_fraction"": 0.0}, {""financial_year"": 2017, ""ml_probability"": 0.7421037588974753, ""model_threshold"": 0.39999999999999986, ""ml_class"": 1, ""rule_flags_triggered"": [""excessive_leverage"", ""declining_cash_flow_trend"", ""rising_borrowings_trend""], ""rule_flag_count"": 3, ""critical_rule_count"": 1, ""risk_band"": ""High"", ""top_reasons"": [""Debt-to-equity is above 2, indicating elevated leverage."", ""Operating cash flow trend over the available years is negative."", ""Borrowings trend over the available years is increasing.""], ""support_summary"": ""ML probability 0.742 against threshold 0.400. 3 rule-based red flag(s) were triggered. Key reasons: Debt-to-equity is above 2, indicating elevated leverage.; Operating cash flow trend over the available years is negative.; Borrowings trend over the available years is increasing."", ""framing_message"": ""This score estimates how closely the company's financial pattern resembles historical wilful defaulter cases in the training dataset."", ""imputed_feature_fraction"": 0.0}, {""financial_year"": 2018, ""ml_probability"": 0.7518585988565601, ""model_threshold"": 0.39999999999999986, ""ml_class"": 1, ""rule_flags_triggered"": [""weak_interest_coverage"", ""excessive_leverage"", ""negative_operating_cash_flow"", ""negative_profit_margin"", ""declining_cash_flow_trend"", ""rising_borrowings_trend"", ""leverage_spike"", ""margin_drop""], ""rule_flag_count"": 8, ""critical_rule_count"": 4, ""risk_band"": ""High"", ""top_reasons"": [""Interest coverage is below 1, suggesting operating earnings may not comfortably cover finance costs."", ""Debt-to-equity is above 2, indicating elevated leverage."", ""Operating cash flow is negative despite positive revenue.""], ""support_summary"": ""ML probability 0.752 against threshold 0.400. 8 rule-based red flag(s) were triggered. Key reasons: Interest coverage is below 1, suggesting operating earnings may not comfortably cover finance costs.; Debt-to-equity is above 2, indicating elevated leverage.; Operating cash flow is negative despite positive revenue."", ""framing_message"": ""This score estimates how closely the company's financial pattern resembles historical wilful defaulter cases in the training dataset."", ""imputed_feature_fraction"": 0.0}]"
Unity Infraprojects,L99999MH1997PLC107153,3,2016,hist_gradient_boosting,tier1a_v1,0.7522010608479259,0.39999999999999986,1,High,weak_interest_coverage|excessive_leverage|negative_operating_cash_flow|negative_profit_margin|declining_revenue_trend|rising_borrowings_trend|leverage_spike|margin_drop,8,"Interest coverage is below 1, suggesting operating earnings may not comfortably cover finance costs. | Debt-to-equity is above 2, indicating elevated leverage. | Operating cash flow is negative despite positive revenue.","ML probability 0.752 against threshold 0.400. 8 rule-based red flag(s) were triggered. Key reasons: Interest coverage is below 1, suggesting operating earnings may not comfortably cover finance costs.; Debt-to-equity is above 2, indicating elevated leverage.; Operating cash flow is negative despite positive revenue.",,"[{""financial_year"": 2014, ""ml_probability"": 0.7520989532655272, ""model_threshold"": 0.39999999999999986, ""ml_class"": 1, ""rule_flags_triggered"": [""excessive_leverage"", ""negative_operating_cash_flow"", ""declining_revenue_trend"", ""rising_borrowings_trend""], ""rule_flag_count"": 4, ""critical_rule_count"": 2, ""risk_band"": ""High"", ""top_reasons"": [""Debt-to-equity is above 2, indicating elevated leverage."", ""Operating cash flow is negative despite positive revenue."", ""Revenue trend over the available years is negative.""], ""support_summary"": ""ML probability 0.752 against threshold 0.400. 4 rule-based red flag(s) were triggered. Key reasons: Debt-to-equity is above 2, indicating elevated leverage.; Operating cash flow is negative despite positive revenue.; Revenue trend over the available years is negative."", ""framing_message"": ""This score estimates how closely the company's financial pattern resembles historical wilful defaulter cases in the training dataset."", ""imputed_feature_fraction"": 0.0}, {""financial_year"": 2015, ""ml_probability"": 0.7521688767077853, ""model_threshold"": 0.39999999999999986, ""ml_class"": 1, ""rule_flags_triggered"": [""weak_interest_coverage"", ""excessive_leverage"", ""negative_operating_cash_flow"", ""negative_profit_margin"", ""declining_revenue_trend"", ""rising_borrowings_trend"", ""leverage_spike"", ""margin_drop""], ""rule_flag_count"": 8, ""critical_rule_count"": 4, ""risk_band"": ""High"", ""top_reasons"": [""Interest coverage is below 1, suggesting operating earnings may not comfortably cover finance costs."", ""Debt-to-equity is above 2, indicating elevated leverage."", ""Operating cash flow is negative despite positive revenue.""], ""support_summary"": ""ML probability 0.752 against threshold 0.400. 8 rule-based red flag(s) were triggered. Key reasons: Interest coverage is below 1, suggesting operating earnings may not comfortably cover finance costs.; Debt-to-equity is above 2, indicating elevated leverage.; Operating cash flow is negative despite positive revenue."", ""framing_message"": ""This score estimates how closely the company's financial pattern resembles historical wilful defaulter cases in the training dataset."", ""imputed_feature_fraction"": 0.0}, {""financial_year"": 2016, ""ml_probability"": 0.7522010608479259, ""model_threshold"": 0.39999999999999986, ""ml_class"": 1, ""rule_flags_triggered"": [""weak_interest_coverage"", ""excessive_leverage"", ""negative_operating_cash_flow"", ""negative_profit_margin"", ""declining_revenue_trend"", ""rising_borrowings_trend"", ""leverage_spike"", ""margin_drop""], ""rule_flag_count"": 8, ""critical_rule_count"": 4, ""risk_band"": ""High"", ""top_reasons"": [""Interest coverage is below 1, suggesting operating earnings may not comfortably cover finance costs."", ""Debt-to-equity is above 2, indicating elevated leverage."", ""Operating cash flow is negative despite positive revenue.""], ""support_summary"": ""ML probability 0.752 against threshold 0.400. 8 rule-based red flag(s) were triggered. Key reasons: Interest coverage is below 1, suggesting operating earnings may not comfortably cover finance costs.; Debt-to-equity is above 2, indicating elevated leverage.; Operating cash flow is negative despite positive revenue."", ""framing_message"": ""This score estimates how closely the company's financial pattern resembles historical wilful defaulter cases in the training dataset."", ""imputed_feature_fraction"": 0.0}]"
Varun Industries,L28990MH1996PLC097945,3,2013,hist_gradient_boosting,tier1a_v1,0.7518558644056091,0.39999999999999986,1,High,weak_interest_coverage|excessive_leverage|negative_operating_cash_flow|negative_profit_margin|large_contingent_liabilities|declining_revenue_trend|declining_cash_flow_trend|rising_borrowings_trend|leverage_spike|margin_drop,10,"Interest coverage is below 1, suggesting operating earnings may not comfortably cover finance costs. | Debt-to-equity is above 2, indicating elevated leverage. | Operating cash flow is negative despite positive revenue.","ML probability 0.752 against threshold 0.400. 10 rule-based red flag(s) were triggered. Key reasons: Interest coverage is below 1, suggesting operating earnings may not comfortably cover finance costs.; Debt-to-equity is above 2, indicating elevated leverage.; Operating cash flow is negative despite positive revenue.",,"[{""financial_year"": 2011, ""ml_probability"": 0.7470289501845446, ""model_threshold"": 0.39999999999999986, ""ml_class"": 1, ""rule_flags_triggered"": [""declining_revenue_trend"", ""declining_cash_flow_trend"", ""rising_borrowings_trend""], ""rule_flag_count"": 3, ""critical_rule_count"": 0, ""risk_band"": ""High"", ""top_reasons"": [""Revenue trend over the available years is negative."", ""Operating cash flow trend over the available years is negative."", ""Borrowings trend over the available years is increasing.""], ""support_summary"": ""ML probability 0.747 against threshold 0.400. 3 rule-based red flag(s) were triggered. Key reasons: Revenue trend over the available years is negative.; Operating cash flow trend over the available years is negative.; Borrowings trend over the available years is increasing."", ""framing_message"": ""This score estimates how closely the company's financial pattern resembles historical wilful defaulter cases in the training dataset."", ""imputed_feature_fraction"": 0.0}, {""financial_year"": 2012, ""ml_probability"": 0.7510752600978196, ""model_threshold"": 0.39999999999999986, ""ml_class"": 1, ""rule_flags_triggered"": [""weak_interest_coverage"", ""excessive_leverage"", ""weak_liquidity"", ""negative_operating_cash_flow"", ""negative_profit_margin"", ""large_contingent_liabilities"", ""declining_revenue_trend"", ""declining_cash_flow_trend"", ""rising_borrowings_trend"", ""leverage_spike"", ""margin_drop""], ""rule_flag_count"": 11, ""critical_rule_count"": 6, ""risk_band"": ""High"", ""top_reasons"": [""Interest coverage is below 1, suggesting operating earnings may not comfortably cover finance costs."", ""Debt-to-equity is above 2, indicating elevated leverage."", ""Current ratio is below 1, indicating a short-term liquidity deficit.""], ""support_summary"": ""ML probability 0.751 against threshold 0.400. 11 rule-based red flag(s) were triggered. Key reasons: Interest coverage is below 1, suggesting operating earnings may not comfortably cover finance costs.; Debt-to-equity is above 2, indicating elevated leverage.; Current ratio is below 1, indicating a short-term liquidity deficit."", ""framing_message"": ""This score estimates how closely the company's financial pattern resembles historical wilful defaulter cases in the training dataset."", ""imputed_feature_fraction"": 0.0}, {""financial_year"": 2013, ""ml_probability"": 0.7518558644056091, ""model_threshold"": 0.39999999999999986, ""ml_class"": 1, ""rule_flags_triggered"": [""weak_interest_coverage"", ""excessive_leverage"", ""negative_operating_cash_flow"", ""negative_profit_margin"", ""large_contingent_liabilities"", ""declining_revenue_trend"", ""declining_cash_flow_trend"", ""rising_borrowings_trend"", ""leverage_spike"", ""margin_drop""], ""rule_flag_count"": 10, ""critical_rule_count"": 5, ""risk_band"": ""High"", ""top_reasons"": [""Interest coverage is below 1, suggesting operating earnings may not comfortably cover finance costs."", ""Debt-to-equity is above 2, indicating elevated leverage."", ""Operating cash flow is negative despite positive revenue.""], ""support_summary"": ""ML probability 0.752 against threshold 0.400. 10 rule-based red flag(s) were triggered. Key reasons: Interest coverage is below 1, suggesting operating earnings may not comfortably cover finance costs.; Debt-to-equity is above 2, indicating elevated leverage.; Operating cash flow is negative despite positive revenue."", ""framing_message"": ""This score estimates how closely the company's financial pattern resembles historical wilful defaulter cases in the training dataset."", ""imputed_feature_fraction"": 0.0}]"
Videocon Industries Ltd,L99999MH1986PLC103624,3,2017,hist_gradient_boosting,tier1a_v1,0.7456699933056429,0.39999999999999986,1,High,weak_interest_coverage|excessive_leverage|negative_profit_margin|declining_revenue_trend|declining_cash_flow_trend|margin_drop,6,"Interest coverage is below 1, suggesting operating earnings may not comfortably cover finance costs. | Debt-to-equity is above 2, indicating elevated leverage. | Net profit margin is negative.","ML probability 0.746 against threshold 0.400. 6 rule-based red flag(s) were triggered. Key reasons: Interest coverage is below 1, suggesting operating earnings may not comfortably cover finance costs.; Debt-to-equity is above 2, indicating elevated leverage.; Net profit margin is negative.",,"[{""financial_year"": 2015, ""ml_probability"": 0.725186433442609, ""model_threshold"": 0.39999999999999986, ""ml_class"": 1, ""rule_flags_triggered"": [""weak_interest_coverage"", ""excessive_leverage"", ""negative_profit_margin"", ""declining_revenue_trend"", ""declining_cash_flow_trend""], ""rule_flag_count"": 5, ""critical_rule_count"": 3, ""risk_band"": ""High"", ""top_reasons"": [""Interest coverage is below 1, suggesting operating earnings may not comfortably cover finance costs."", ""Debt-to-equity is above 2, indicating elevated leverage."", ""Net profit margin is negative.""], ""support_summary"": ""ML probability 0.725 against threshold 0.400. 5 rule-based red flag(s) were triggered. Key reasons: Interest coverage is below 1, suggesting operating earnings may not comfortably cover finance costs.; Debt-to-equity is above 2, indicating elevated leverage.; Net profit margin is negative."", ""framing_message"": ""This score estimates how closely the company's financial pattern resembles historical wilful defaulter cases in the training dataset."", ""imputed_feature_fraction"": 0.0}, {""financial_year"": 2016, ""ml_probability"": 0.725186433442609, ""model_threshold"": 0.39999999999999986, ""ml_class"": 1, ""rule_flags_triggered"": [""excessive_leverage"", ""negative_profit_margin"", ""declining_revenue_trend"", ""declining_cash_flow_trend""], ""rule_flag_count"": 4, ""critical_rule_count"": 2, ""risk_band"": ""High"", ""top_reasons"": [""Debt-to-equity is above 2, indicating elevated leverage."", ""Net profit margin is negative."", ""Revenue trend over the available years is negative.""], ""support_summary"": ""ML probability 0.725 against threshold 0.400. 4 rule-based red flag(s) were triggered. Key reasons: Debt-to-equity is above 2, indicating elevated leverage.; Net profit margin is negative.; Revenue trend over the available years is negative."", ""framing_message"": ""This score estimates how closely the company's financial pattern resembles historical wilful defaulter cases in the training dataset."", ""imputed_feature_fraction"": 0.0}, {""financial_year"": 2017, ""ml_probability"": 0.7456699933056429, ""model_threshold"": 0.39999999999999986, ""ml_class"": 1, ""rule_flags_triggered"": [""weak_interest_coverage"", ""excessive_leverage"", ""negative_profit_margin"", ""declining_revenue_trend"", ""declining_cash_flow_trend"", ""margin_drop""], ""rule_flag_count"": 6, ""critical_rule_count"": 3, ""risk_band"": ""High"", ""top_reasons"": [""Interest coverage is below 1, suggesting operating earnings may not comfortably cover finance costs."", ""Debt-to-equity is above 2, indicating elevated leverage."", ""Net profit margin is negative.""], ""support_summary"": ""ML probability 0.746 against threshold 0.400. 6 rule-based red flag(s) were triggered. Key reasons: Interest coverage is below 1, suggesting operating earnings may not comfortably cover finance costs.; Debt-to-equity is above 2, indicating elevated leverage.; Net profit margin is negative."", ""framing_message"": ""This score estimates how closely the company's financial pattern resembles historical wilful defaulter cases in the training dataset."", ""imputed_feature_fraction"": 0.0}]"
Visa Steel Limited,L51109OR1996PLC004601,3,2021,hist_gradient_boosting,tier1a_v1,0.7521908326812532,0.39999999999999986,1,High,weak_interest_coverage|negative_profit_margin|declining_revenue_trend|declining_cash_flow_trend|rising_borrowings_trend|margin_drop,6,"Interest coverage is below 1, suggesting operating earnings may not comfortably cover finance costs. | Net profit margin is negative. | Revenue trend over the available years is negative.","ML probability 0.752 against threshold 0.400. 6 rule-based red flag(s) were triggered. Key reasons: Interest coverage is below 1, suggesting operating earnings may not comfortably cover finance costs.; Net profit margin is negative.; Revenue trend over the available years is negative.",,"[{""financial_year"": 2019, ""ml_probability"": 0.7521970463513262, ""model_threshold"": 0.39999999999999986, ""ml_class"": 1, ""rule_flags_triggered"": [""weak_interest_coverage"", ""excessive_leverage"", ""negative_profit_margin"", ""declining_revenue_trend"", ""declining_cash_flow_trend"", ""rising_borrowings_trend""], ""rule_flag_count"": 6, ""critical_rule_count"": 3, ""risk_band"": ""High"", ""top_reasons"": [""Interest coverage is below 1, suggesting operating earnings may not comfortably cover finance costs."", ""Debt-to-equity is above 2, indicating elevated leverage."", ""Net profit margin is negative.""], ""support_summary"": ""ML probability 0.752 against threshold 0.400. 6 rule-based red flag(s) were triggered. Key reasons: Interest coverage is below 1, suggesting operating earnings may not comfortably cover finance costs.; Debt-to-equity is above 2, indicating elevated leverage.; Net profit margin is negative."", ""framing_message"": ""This score estimates how closely the company's financial pattern resembles historical wilful defaulter cases in the training dataset."", ""imputed_feature_fraction"": 0.0}, {""financial_year"": 2020, ""ml_probability"": 0.752195521821569, ""model_threshold"": 0.39999999999999986, ""ml_class"": 1, ""rule_flags_triggered"": [""weak_interest_coverage"", ""excessive_leverage"", ""negative_profit_margin"", ""declining_revenue_trend"", ""declining_cash_flow_trend"", ""rising_borrowings_trend"", ""leverage_spike"", ""margin_drop""], ""rule_flag_count"": 8, ""critical_rule_count"": 3, ""risk_band"": ""High"", ""top_reasons"": [""Interest coverage is below 1, suggesting operating earnings may not comfortably cover finance costs."", ""Debt-to-equity is above 2, indicating elevated leverage."", ""Net profit margin is negative.""], ""support_summary"": ""ML probability 0.752 against threshold 0.400. 8 rule-based red flag(s) were triggered. Key reasons: Interest coverage is below 1, suggesting operating earnings may not comfortably cover finance costs.; Debt-to-equity is above 2, indicating elevated leverage.; Net profit margin is negative."", ""framing_message"": ""This score estimates how closely the company's financial pattern resembles historical wilful defaulter cases in the training dataset."", ""imputed_feature_fraction"": 0.0}, {""financial_year"": 2021, ""ml_probability"": 0.7521908326812532, ""model_threshold"": 0.39999999999999986, ""ml_class"": 1, ""rule_flags_triggered"": [""weak_interest_coverage"", ""negative_profit_margin"", ""declining_revenue_trend"", ""declining_cash_flow_trend"", ""rising_borrowings_trend"", ""margin_drop""], ""rule_flag_count"": 6, ""critical_rule_count"": 2, ""risk_band"": ""High"", ""top_reasons"": [""Interest coverage is below 1, suggesting operating earnings may not comfortably cover finance costs."", ""Net profit margin is negative."", ""Revenue trend over the available years is negative.""], ""support_summary"": ""ML probability 0.752 against threshold 0.400. 6 rule-based red flag(s) were triggered. Key reasons: Interest coverage is below 1, suggesting operating earnings may not comfortably cover finance costs.; Net profit margin is negative.; Revenue trend over the available years is negative."", ""framing_message"": ""This score estimates how closely the company's financial pattern resembles historical wilful defaulter cases in the training dataset."", ""imputed_feature_fraction"": 0.0}]"
C Mahendra Exports Limited,L27205MH2007PLC166717,3,2015,hist_gradient_boosting,tier1a_v1,0.7521617379376481,0.39999999999999986,1,High,weak_interest_coverage|excessive_leverage|negative_operating_cash_flow|negative_profit_margin|declining_revenue_trend|declining_cash_flow_trend|rising_borrowings_trend|leverage_spike|margin_drop,9,"Interest coverage is below 1, suggesting operating earnings may not comfortably cover finance costs. | Debt-to-equity is above 2, indicating elevated leverage. | Operating cash flow is negative despite positive revenue.","ML probability 0.752 against threshold 0.400. 9 rule-based red flag(s) were triggered. Key reasons: Interest coverage is below 1, suggesting operating earnings may not comfortably cover finance costs.; Debt-to-equity is above 2, indicating elevated leverage.; Operating cash flow is negative despite positive revenue.",,"[{""financial_year"": 2013, ""ml_probability"": 0.7516140723049456, ""model_threshold"": 0.39999999999999986, ""ml_class"": 1, ""rule_flags_triggered"": [""declining_revenue_trend"", ""declining_cash_flow_trend"", ""rising_borrowings_trend""], ""rule_flag_count"": 3, ""critical_rule_count"": 0, ""risk_band"": ""High"", ""top_reasons"": [""Revenue trend over the available years is negative."", ""Operating cash flow trend over the available years is negative."", ""Borrowings trend over the available years is increasing.""], ""support_summary"": ""ML probability 0.752 against threshold 0.400. 3 rule-based red flag(s) were triggered. Key reasons: Revenue trend over the available years is negative.; Operating cash flow trend over the available years is negative.; Borrowings trend over the available years is increasing."", ""framing_message"": ""This score estimates how closely the company's financial pattern resembles historical wilful defaulter cases in the training dataset."", ""imputed_feature_fraction"": 0.0}, {""financial_year"": 2014, ""ml_probability"": 0.7515758896831601, ""model_threshold"": 0.39999999999999986, ""ml_class"": 1, ""rule_flags_triggered"": [""declining_revenue_trend"", ""declining_cash_flow_trend"", ""rising_borrowings_trend""], ""rule_flag_count"": 3, ""critical_rule_count"": 0, ""risk_band"": ""High"", ""top_reasons"": [""Revenue trend over the available years is negative."", ""Operating cash flow trend over the available years is negative."", ""Borrowings trend over the available years is increasing.""], ""support_summary"": ""ML probability 0.752 against threshold 0.400. 3 rule-based red flag(s) were triggered. Key reasons: Revenue trend over the available years is negative.; Operating cash flow trend over the available years is negative.; Borrowings trend over the available years is increasing."", ""framing_message"": ""This score estimates how closely the company's financial pattern resembles historical wilful defaulter cases in the training dataset."", ""imputed_feature_fraction"": 0.0}, {""financial_year"": 2015, ""ml_probability"": 0.7521617379376481, ""model_threshold"": 0.39999999999999986, ""ml_class"": 1, ""rule_flags_triggered"": [""weak_interest_coverage"", ""excessive_leverage"", ""negative_operating_cash_flow"", ""negative_profit_margin"", ""declining_revenue_trend"", ""declining_cash_flow_trend"", ""rising_borrowings_trend"", ""leverage_spike"", ""margin_drop""], ""rule_flag_count"": 9, ""critical_rule_count"": 4, ""risk_band"": ""High"", ""top_reasons"": [""Interest coverage is below 1, suggesting operating earnings may not comfortably cover finance costs."", ""Debt-to-equity is above 2, indicating elevated leverage."", ""Operating cash flow is negative despite positive revenue.""], ""support_summary"": ""ML probability 0.752 against threshold 0.400. 9 rule-based red flag(s) were triggered. Key reasons: Interest coverage is below 1, suggesting operating earnings may not comfortably cover finance costs.; Debt-to-equity is above 2, indicating elevated leverage.; Operating cash flow is negative despite positive revenue."", ""framing_message"": ""This score estimates how closely the company's financial pattern resembles historical wilful defaulter cases in the training dataset."", ""imputed_feature_fraction"": 0.0}]"
ABB India Limited,L32202KA1949PLC032923,3,2017,hist_gradient_boosting,tier1a_v1,0.3296955500796574,0.39999999999999986,0,Medium,declining_revenue_trend|rising_borrowings_trend,2,Revenue trend over the available years is negative. | Borrowings trend over the available years is increasing.,ML probability 0.330 against threshold 0.400. 2 rule-based red flag(s) were triggered. Key reasons: Revenue trend over the available years is negative.; Borrowings trend over the available years is increasing.,,"[{""financial_year"": 2015, ""ml_probability"": 0.329911747256726, ""model_threshold"": 0.39999999999999986, ""ml_class"": 0, ""rule_flags_triggered"": [""declining_revenue_trend"", ""rising_borrowings_trend""], ""rule_flag_count"": 2, ""critical_rule_count"": 0, ""risk_band"": ""Medium"", ""top_reasons"": [""Revenue trend over the available years is negative."", ""Borrowings trend over the available years is increasing.""], ""support_summary"": ""ML probability 0.330 against threshold 0.400. 2 rule-based red flag(s) were triggered. Key reasons: Revenue trend over the available years is negative.; Borrowings trend over the available years is increasing."", ""framing_message"": ""This score estimates how closely the company's financial pattern resembles historical wilful defaulter cases in the training dataset."", ""imputed_feature_fraction"": 0.0}, {""financial_year"": 2016, ""ml_probability"": 0.32949370766572034, ""model_threshold"": 0.39999999999999986, ""ml_class"": 0, ""rule_flags_triggered"": [""declining_revenue_trend"", ""rising_borrowings_trend""], ""rule_flag_count"": 2, ""critical_rule_count"": 0, ""risk_band"": ""Medium"", ""top_reasons"": [""Revenue trend over the available years is negative."", ""Borrowings trend over the available years is increasing.""], ""support_summary"": ""ML probability 0.329 against threshold 0.400. 2 rule-based red flag(s) were triggered. Key reasons: Revenue trend over the available years is negative.; Borrowings trend over the available years is increasing."", ""framing_message"": ""This score estimates how closely the company's financial pattern resembles historical wilful defaulter cases in the training dataset."", ""imputed_feature_fraction"": 0.0}, {""financial_year"": 2017, ""ml_probability"": 0.3296955500796574, ""model_threshold"": 0.39999999999999986, ""ml_class"": 0, ""rule_flags_triggered"": [""declining_revenue_trend"", ""rising_borrowings_trend""], ""rule_flag_count"": 2, ""critical_rule_count"": 0, ""risk_band"": ""Medium"", ""top_reasons"": [""Revenue trend over the available years is negative."", ""Borrowings trend over the available years is increasing.""], ""support_summary"": ""ML probability 0.330 against threshold 0.400. 2 rule-based red flag(s) were triggered. Key reasons: Revenue trend over the available years is negative.; Borrowings trend over the available years is increasing."", ""framing_message"": ""This score estimates how closely the company's financial pattern resembles historical wilful defaulter cases in the training dataset."", ""imputed_feature_fraction"": 0.0}]"
Bajaj Finance Limited,L65910MH1987PLC042961,3,2023,hist_gradient_boosting,tier1a_v1,0.32942743641955524,0.39999999999999986,0,High,excessive_leverage|negative_operating_cash_flow|declining_cash_flow_trend|rising_borrowings_trend,4,"Debt-to-equity is above 2, indicating elevated leverage. | Operating cash flow is negative despite positive revenue. | Operating cash flow trend over the available years is negative.","ML probability 0.329 against threshold 0.400. 4 rule-based red flag(s) were triggered. Key reasons: Debt-to-equity is above 2, indicating elevated leverage.; Operating cash flow is negative despite positive revenue.; Operating cash flow trend over the available years is negative.",,"[{""financial_year"": 2021, ""ml_probability"": 0.3299189017989627, ""model_threshold"": 0.39999999999999986, ""ml_class"": 0, ""rule_flags_triggered"": [""excessive_leverage"", ""declining_cash_flow_trend"", ""rising_borrowings_trend""], ""rule_flag_count"": 3, ""critical_rule_count"": 1, ""risk_band"": ""High"", ""top_reasons"": [""Debt-to-equity is above 2, indicating elevated leverage."", ""Operating cash flow trend over the available years is negative."", ""Borrowings trend over the available years is increasing.""], ""support_summary"": ""ML probability 0.330 against threshold 0.400. 3 rule-based red flag(s) were triggered. Key reasons: Debt-to-equity is above 2, indicating elevated leverage.; Operating cash flow trend over the available years is negative.; Borrowings trend over the available years is increasing."", ""framing_message"": ""This score estimates how closely the company's financial pattern resembles historical wilful defaulter cases in the training dataset."", ""imputed_feature_fraction"": 0.0}, {""financial_year"": 2022, ""ml_probability"": 0.3295410772263545, ""model_threshold"": 0.39999999999999986, ""ml_class"": 0, ""rule_flags_triggered"": [""excessive_leverage"", ""negative_operating_cash_flow"", ""declining_cash_flow_trend"", ""rising_borrowings_trend""], ""rule_flag_count"": 4, ""critical_rule_count"": 2, ""risk_band"": ""High"", ""top_reasons"": [""Debt-to-equity is above 2, indicating elevated leverage."", ""Operating cash flow is negative despite positive revenue."", ""Operating cash flow trend over the available years is negative.""], ""support_summary"": ""ML probability 0.330 against threshold 0.400. 4 rule-based red flag(s) were triggered. Key reasons: Debt-to-equity is above 2, indicating elevated leverage.; Operating cash flow is negative despite positive revenue.; Operating cash flow trend over the available years is negative."", ""framing_message"": ""This score estimates how closely the company's financial pattern resembles historical wilful defaulter cases in the training dataset."", ""imputed_feature_fraction"": 0.0}, {""financial_year"": 2023, ""ml_probability"": 0.32942743641955524, ""model_threshold"": 0.39999999999999986, ""ml_class"": 0, ""rule_flags_triggered"": [""excessive_leverage"", ""negative_operating_cash_flow"", ""declining_cash_flow_trend"", ""rising_borrowings_trend""], ""rule_flag_count"": 4, ""critical_rule_count"": 2, ""risk_band"": ""High"", ""top_reasons"": [""Debt-to-equity is above 2, indicating elevated leverage."", ""Operating cash flow is negative despite positive revenue."", ""Operating cash flow trend over the available years is negative.""], ""support_summary"": ""ML probability 0.329 against threshold 0.400. 4 rule-based red flag(s) were triggered. Key reasons: Debt-to-equity is above 2, indicating elevated leverage.; Operating cash flow is negative despite positive revenue.; Operating cash flow trend over the available years is negative."", ""framing_message"": ""This score estimates how closely the company's financial pattern resembles historical wilful defaulter cases in the training dataset."", ""imputed_feature_fraction"": 0.0}]"
Bharat Heavy Electricals Limited,L74899DL1964GOI004281,3,2017,hist_gradient_boosting,tier1a_v1,0.3307575099563467,0.39999999999999986,0,Medium,declining_revenue_trend|declining_cash_flow_trend|rising_borrowings_trend,3,Revenue trend over the available years is negative. | Operating cash flow trend over the available years is negative. | Borrowings trend over the available years is increasing.,ML probability 0.331 against threshold 0.400. 3 rule-based red flag(s) were triggered. Key reasons: Revenue trend over the available years is negative.; Operating cash flow trend over the available years is negative.; Borrowings trend over the available years is increasing.,,"[{""financial_year"": 2015, ""ml_probability"": 0.3302384255496544, ""model_threshold"": 0.39999999999999986, ""ml_class"": 0, ""rule_flags_triggered"": [""declining_revenue_trend"", ""declining_cash_flow_trend"", ""rising_borrowings_trend""], ""rule_flag_count"": 3, ""critical_rule_count"": 0, ""risk_band"": ""Medium"", ""top_reasons"": [""Revenue trend over the available years is negative."", ""Operating cash flow trend over the available years is negative."", ""Borrowings trend over the available years is increasing.""], ""support_summary"": ""ML probability 0.330 against threshold 0.400. 3 rule-based red flag(s) were triggered. Key reasons: Revenue trend over the available years is negative.; Operating cash flow trend over the available years is negative.; Borrowings trend over the available years is increasing."", ""framing_message"": ""This score estimates how closely the company's financial pattern resembles historical wilful defaulter cases in the training dataset."", ""imputed_feature_fraction"": 0.0}, {""financial_year"": 2016, ""ml_probability"": 0.3294555466482025, ""model_threshold"": 0.39999999999999986, ""ml_class"": 0, ""rule_flags_triggered"": [""weak_interest_coverage"", ""negative_profit_margin"", ""declining_revenue_trend"", ""declining_cash_flow_trend"", ""rising_borrowings_trend"", ""margin_drop""], ""rule_flag_count"": 6, ""critical_rule_count"": 2, ""risk_band"": ""High"", ""top_reasons"": [""Interest coverage is below 1, suggesting operating earnings may not comfortably cover finance costs."", ""Net profit margin is negative."", ""Revenue trend over the available years is negative.""], ""support_summary"": ""ML probability 0.329 against threshold 0.400. 6 rule-based red flag(s) were triggered. Key reasons: Interest coverage is below 1, suggesting operating earnings may not comfortably cover finance costs.; Net profit margin is negative.; Revenue trend over the available years is negative."", ""framing_message"": ""This score estimates how closely the company's financial pattern resembles historical wilful defaulter cases in the training dataset."", ""imputed_feature_fraction"": 0.0}, {""financial_year"": 2017, ""ml_probability"": 0.3307575099563467, ""model_threshold"": 0.39999999999999986, ""ml_class"": 0, ""rule_flags_triggered"": [""declining_revenue_trend"", ""declining_cash_flow_trend"", ""rising_borrowings_trend""], ""rule_flag_count"": 3, ""critical_rule_count"": 0, ""risk_band"": ""Medium"", ""top_reasons"": [""Revenue trend over the available years is negative."", ""Operating cash flow trend over the available years is negative."", ""Borrowings trend over the available years is increasing.""], ""support_summary"": ""ML probability 0.331 against threshold 0.400. 3 rule-based red flag(s) were triggered. Key reasons: Revenue trend over the available years is negative.; Operating cash flow trend over the available years is negative.; Borrowings trend over the available years is increasing."", ""framing_message"": ""This score estimates how closely the company's financial pattern resembles historical wilful defaulter cases in the training dataset."", ""imputed_feature_fraction"": 0.0}]"
Blue Dart Express Limited,L66000MH1991PLC062329,3,2020,hist_gradient_boosting,tier1a_v1,0.334990301037492,0.39999999999999986,0,High,weak_interest_coverage|weak_liquidity|negative_profit_margin|declining_cash_flow_trend,4,"Interest coverage is below 1, suggesting operating earnings may not comfortably cover finance costs. | Current ratio is below 1, indicating a short-term liquidity deficit. | Net profit margin is negative.","ML probability 0.335 against threshold 0.400. 4 rule-based red flag(s) were triggered. Key reasons: Interest coverage is below 1, suggesting operating earnings may not comfortably cover finance costs.; Current ratio is below 1, indicating a short-term liquidity deficit.; Net profit margin is negative.",,"[{""financial_year"": 2018, ""ml_probability"": 0.3292644970735183, ""model_threshold"": 0.39999999999999986, ""ml_class"": 0, ""rule_flags_triggered"": [""declining_cash_flow_trend""], ""rule_flag_count"": 1, ""critical_rule_count"": 0, ""risk_band"": ""Medium"", ""top_reasons"": [""Operating cash flow trend over the available years is negative.""], ""support_summary"": ""ML probability 0.329 against threshold 0.400. 1 rule-based red flag(s) were triggered. Key reasons: Operating cash flow trend over the available years is negative."", ""framing_message"": ""This score estimates how closely the company's financial pattern resembles historical wilful defaulter cases in the training dataset."", ""imputed_feature_fraction"": 0.0}, {""financial_year"": 2019, ""ml_probability"": 0.3289910889838469, ""model_threshold"": 0.39999999999999986, ""ml_class"": 0, ""rule_flags_triggered"": [""declining_cash_flow_trend""], ""rule_flag_count"": 1, ""critical_rule_count"": 0, ""risk_band"": ""Medium"", ""top_reasons"": [""Operating cash flow trend over the available years is negative.""], ""support_summary"": ""ML probability 0.329 against threshold 0.400. 1 rule-based red flag(s) were triggered. Key reasons: Operating cash flow trend over the available years is negative."", ""framing_message"": ""This score estimates how closely the company's financial pattern resembles historical wilful defaulter cases in the training dataset."", ""imputed_feature_fraction"": 0.0}, {""financial_year"": 2020, ""ml_probability"": 0.334990301037492, ""model_threshold"": 0.39999999999999986, ""ml_class"": 0, ""rule_flags_triggered"": [""weak_interest_coverage"", ""weak_liquidity"", ""negative_profit_margin"", ""declining_cash_flow_trend""], ""rule_flag_count"": 4, ""critical_rule_count"": 3, ""risk_band"": ""High"", ""top_reasons"": [""Interest coverage is below 1, suggesting operating earnings may not comfortably cover finance costs."", ""Current ratio is below 1, indicating a short-term liquidity deficit."", ""Net profit margin is negative.""], ""support_summary"": ""ML probability 0.335 against threshold 0.400. 4 rule-based red flag(s) were triggered. Key reasons: Interest coverage is below 1, suggesting operating earnings may not comfortably cover finance costs.; Current ratio is below 1, indicating a short-term liquidity deficit.; Net profit margin is negative."", ""framing_message"": ""This score estimates how closely the company's financial pattern resembles historical wilful defaulter cases in the training dataset."", ""imputed_feature_fraction"": 0.0}]"
Britannia Industries Limited,L15412WB1918PLC002964,3,2018,hist_gradient_boosting,tier1a_v1,0.32838761910609704,0.39999999999999986,0,Medium,rising_borrowings_trend,1,Borrowings trend over the available years is increasing.,ML probability 0.328 against threshold 0.400. 1 rule-based red flag(s) were triggered. Key reasons: Borrowings trend over the available years is increasing.,,"[{""financial_year"": 2016, ""ml_probability"": 0.3283685732210893, ""model_threshold"": 0.39999999999999986, ""ml_class"": 0, ""rule_flags_triggered"": [""rising_borrowings_trend""], ""rule_flag_count"": 1, ""critical_rule_count"": 0, ""risk_band"": ""Medium"", ""top_reasons"": [""Borrowings trend over the available years is increasing.""], ""support_summary"": ""ML probability 0.328 against threshold 0.400. 1 rule-based red flag(s) were triggered. Key reasons: Borrowings trend over the available years is increasing."", ""framing_message"": ""This score estimates how closely the company's financial pattern resembles historical wilful defaulter cases in the training dataset."", ""imputed_feature_fraction"": 0.0}, {""financial_year"": 2017, ""ml_probability"": 0.3283598717153235, ""model_threshold"": 0.39999999999999986, ""ml_class"": 0, ""rule_flags_triggered"": [""rising_borrowings_trend""], ""rule_flag_count"": 1, ""critical_rule_count"": 0, ""risk_band"": ""Medium"", ""top_reasons"": [""Borrowings trend over the available years is increasing.""], ""support_summary"": ""ML probability 0.328 against threshold 0.400. 1 rule-based red flag(s) were triggered. Key reasons: Borrowings trend over the available years is increasing."", ""framing_message"": ""This score estimates how closely the company's financial pattern resembles historical wilful defaulter cases in the training dataset."", ""imputed_feature_fraction"": 0.0}, {""financial_year"": 2018, ""ml_probability"": 0.32838761910609704, ""model_threshold"": 0.39999999999999986, ""ml_class"": 0, ""rule_flags_triggered"": [""rising_borrowings_trend""], ""rule_flag_count"": 1, ""critical_rule_count"": 0, ""risk_band"": ""Medium"", ""top_reasons"": [""Borrowings trend over the available years is increasing.""], ""support_summary"": ""ML probability 0.328 against threshold 0.400. 1 rule-based red flag(s) were triggered. Key reasons: Borrowings trend over the available years is increasing."", ""framing_message"": ""This score estimates how closely the company's financial pattern resembles historical wilful defaulter cases in the training dataset."", ""imputed_feature_fraction"": 0.0}]"
Carborundum Universal Limited,L99999TN1954PLC000759,3,2017,hist_gradient_boosting,tier1a_v1,0.330919400685388,0.39999999999999986,0,Medium,,0,,ML probability 0.331 against threshold 0.400. No explicit rule-based red flags were triggered.,The latest score is in the medium band without rule-based support; review manually.,"[{""financial_year"": 2015, ""ml_probability"": 0.3299118146805894, ""model_threshold"": 0.39999999999999986, ""ml_class"": 0, ""rule_flags_triggered"": [], ""rule_flag_count"": 0, ""critical_rule_count"": 0, ""risk_band"": ""Medium"", ""top_reasons"": [], ""support_summary"": ""ML probability 0.330 against threshold 0.400. No explicit rule-based red flags were triggered."", ""framing_message"": ""This score estimates how closely the company's financial pattern resembles historical wilful defaulter cases in the training dataset."", ""imputed_feature_fraction"": 0.0}, {""financial_year"": 2016, ""ml_probability"": 0.3296846994278284, ""model_threshold"": 0.39999999999999986, ""ml_class"": 0, ""rule_flags_triggered"": [], ""rule_flag_count"": 0, ""critical_rule_count"": 0, ""risk_band"": ""Medium"", ""top_reasons"": [], ""support_summary"": ""ML probability 0.330 against threshold 0.400. No explicit rule-based red flags were triggered."", ""framing_message"": ""This score estimates how closely the company's financial pattern resembles historical wilful defaulter cases in the training dataset."", ""imputed_feature_fraction"": 0.0}, {""financial_year"": 2017, ""ml_probability"": 0.330919400685388, ""model_threshold"": 0.39999999999999986, ""ml_class"": 0, ""rule_flags_triggered"": [], ""rule_flag_count"": 0, ""critical_rule_count"": 0, ""risk_band"": ""Medium"", ""top_reasons"": [], ""support_summary"": ""ML probability 0.331 against threshold 0.400. No explicit rule-based red flags were triggered."", ""framing_message"": ""This score estimates how closely the company's financial pattern resembles historical wilful defaulter cases in the training dataset."", ""imputed_feature_fraction"": 0.0}]"
Coal India Limited,L23109WB1973GOI028844,3,2017,hist_gradient_boosting,tier1a_v1,0.3411862119950515,0.39999999999999986,0,High,weak_interest_coverage|negative_operating_cash_flow|declining_revenue_trend|declining_cash_flow_trend|margin_drop,5,"Interest coverage is below 1, suggesting operating earnings may not comfortably cover finance costs. | Operating cash flow is negative despite positive revenue. | Revenue trend over the available years is negative.","ML probability 0.341 against threshold 0.400. 5 rule-based red flag(s) were triggered. Key reasons: Interest coverage is below 1, suggesting operating earnings may not comfortably cover finance costs.; Operating cash flow is negative despite positive revenue.; Revenue trend over the available years is negative.",,"[{""financial_year"": 2015, ""ml_probability"": 0.33025961975156454, ""model_threshold"": 0.39999999999999986, ""ml_class"": 0, ""rule_flags_triggered"": [""large_contingent_liabilities"", ""declining_revenue_trend"", ""declining_cash_flow_trend""], ""rule_flag_count"": 3, ""critical_rule_count"": 1, ""risk_band"": ""High"", ""top_reasons"": [""Contingent liabilities exceed 50% of net worth."", ""Revenue trend over the available years is negative."", ""Operating cash flow trend over the available years is negative.""], ""support_summary"": ""ML probability 0.330 against threshold 0.400. 3 rule-based red flag(s) were triggered. Key reasons: Contingent liabilities exceed 50% of net worth.; Revenue trend over the available years is negative.; Operating cash flow trend over the available years is negative."", ""framing_message"": ""This score estimates how closely the company's financial pattern resembles historical wilful defaulter cases in the training dataset."", ""imputed_feature_fraction"": 0.0}, {""financial_year"": 2016, ""ml_probability"": 0.32900830005025417, ""model_threshold"": 0.39999999999999986, ""ml_class"": 0, ""rule_flags_triggered"": [""weak_interest_coverage"", ""negative_operating_cash_flow"", ""declining_revenue_trend"", ""declining_cash_flow_trend""], ""rule_flag_count"": 4, ""critical_rule_count"": 2, ""risk_band"": ""High"", ""top_reasons"": [""Interest coverage is below 1, suggesting operating earnings may not comfortably cover finance costs."", ""Operating cash flow is negative despite positive revenue."", ""Revenue trend over the available years is negative.""], ""support_summary"": ""ML probability 0.329 against threshold 0.400. 4 rule-based red flag(s) were triggered. Key reasons: Interest coverage is below 1, suggesting operating earnings may not comfortably cover finance costs.; Operating cash flow is negative despite positive revenue.; Revenue trend over the available years is negative."", ""framing_message"": ""This score estimates how closely the company's financial pattern resembles historical wilful defaulter cases in the training dataset."", ""imputed_feature_fraction"": 0.0}, {""financial_year"": 2017, ""ml_probability"": 0.3411862119950515, ""model_threshold"": 0.39999999999999986, ""ml_class"": 0, ""rule_flags_triggered"": [""weak_interest_coverage"", ""negative_operating_cash_flow"", ""declining_revenue_trend"", ""declining_cash_flow_trend"", ""margin_drop""], ""rule_flag_count"": 5, ""critical_rule_count"": 2, ""risk_band"": ""High"", ""top_reasons"": [""Interest coverage is below 1, suggesting operating earnings may not comfortably cover finance costs."", ""Operating cash flow is negative despite positive revenue."", ""Revenue trend over the available years is negative.""], ""support_summary"": ""ML probability 0.341 against threshold 0.400. 5 rule-based red flag(s) were triggered. Key reasons: Interest coverage is below 1, suggesting operating earnings may not comfortably cover finance costs.; Operating cash flow is negative despite positive revenue.; Revenue trend over the available years is negative."", ""framing_message"": ""This score estimates how closely the company's financial pattern resembles historical wilful defaulter cases in the training dataset."", ""imputed_feature_fraction"": 0.0}]"
Cochin Shipyard Limited,L63032KL1972GOI002414,3,2016,hist_gradient_boosting,tier1a_v1,0.3301288405142029,0.39999999999999986,0,Medium,,0,,ML probability 0.330 against threshold 0.400. No explicit rule-based red flags were triggered.,The latest score is in the medium band without rule-based support; review manually.,"[{""financial_year"": 2014, ""ml_probability"": 0.32912133852231773, ""model_threshold"": 0.39999999999999986, ""ml_class"": 0, ""rule_flags_triggered"": [""negative_operating_cash_flow"", ""qualified_audit_signal""], ""rule_flag_count"": 2, ""critical_rule_count"": 2, ""risk_band"": ""High"", ""top_reasons"": [""Operating cash flow is negative despite positive revenue."", ""A qualified, adverse, or disclaimer audit opinion was detected.""], ""support_summary"": ""ML probability 0.329 against threshold 0.400. 2 rule-based red flag(s) were triggered. Key reasons: Operating cash flow is negative despite positive revenue.; A qualified, adverse, or disclaimer audit opinion was detected."", ""framing_message"": ""This score estimates how closely the company's financial pattern resembles historical wilful defaulter cases in the training dataset."", ""imputed_feature_fraction"": 0.0}, {""financial_year"": 2015, ""ml_probability"": 0.33836279196666574, ""model_threshold"": 0.39999999999999986, ""ml_class"": 0, ""rule_flags_triggered"": [""qualified_audit_signal"", ""margin_drop""], ""rule_flag_count"": 2, ""critical_rule_count"": 1, ""risk_band"": ""High"", ""top_reasons"": [""A qualified, adverse, or disclaimer audit opinion was detected."", ""Net profit margin deteriorated materially year over year.""], ""support_summary"": ""ML probability 0.338 against threshold 0.400. 2 rule-based red flag(s) were triggered. Key reasons: A qualified, adverse, or disclaimer audit opinion was detected.; Net profit margin deteriorated materially year over year."", ""framing_message"": ""This score estimates how closely the company's financial pattern resembles historical wilful defaulter cases in the training dataset."", ""imputed_feature_fraction"": 0.0}, {""financial_year"": 2016, ""ml_probability"": 0.3301288405142029, ""model_threshold"": 0.39999999999999986, ""ml_class"": 0, ""rule_flags_triggered"": [], ""rule_flag_count"": 0, ""critical_rule_count"": 0, ""risk_band"": ""Medium"", ""top_reasons"": [], ""support_summary"": ""ML probability 0.330 against threshold 0.400. No explicit rule-based red flags were triggered."", ""framing_message"": ""This score estimates how closely the company's financial pattern resembles historical wilful defaulter cases in the training dataset."", ""imputed_feature_fraction"": 0.0}]"
DLF Limited,L70101DL1963PLC004462,3,2018,hist_gradient_boosting,tier1a_v1,0.3362587335233788,0.39999999999999986,0,Medium,declining_revenue_trend|declining_cash_flow_trend,2,Revenue trend over the available years is negative. | Operating cash flow trend over the available years is negative.,ML probability 0.336 against threshold 0.400. 2 rule-based red flag(s) were triggered. Key reasons: Revenue trend over the available years is negative.; Operating cash flow trend over the available years is negative.,,"[{""financial_year"": 2016, ""ml_probability"": 0.3292224950761255, ""model_threshold"": 0.39999999999999986, ""ml_class"": 0, ""rule_flags_triggered"": [""large_contingent_liabilities"", ""declining_revenue_trend"", ""declining_cash_flow_trend""], ""rule_flag_count"": 3, ""critical_rule_count"": 1, ""risk_band"": ""High"", ""top_reasons"": [""Contingent liabilities exceed 50% of net worth."", ""Revenue trend over the available years is negative."", ""Operating cash flow trend over the available years is negative.""], ""support_summary"": ""ML probability 0.329 against threshold 0.400. 3 rule-based red flag(s) were triggered. Key reasons: Contingent liabilities exceed 50% of net worth.; Revenue trend over the available years is negative.; Operating cash flow trend over the available years is negative."", ""framing_message"": ""This score estimates how closely the company's financial pattern resembles historical wilful defaulter cases in the training dataset."", ""imputed_feature_fraction"": 0.0}, {""financial_year"": 2017, ""ml_probability"": 0.33142246957374627, ""model_threshold"": 0.39999999999999986, ""ml_class"": 0, ""rule_flags_triggered"": [""negative_operating_cash_flow"", ""large_contingent_liabilities"", ""declining_revenue_trend"", ""declining_cash_flow_trend"", ""margin_drop""], ""rule_flag_count"": 5, ""critical_rule_count"": 2, ""risk_band"": ""High"", ""top_reasons"": [""Operating cash flow is negative despite positive revenue."", ""Contingent liabilities exceed 50% of net worth."", ""Revenue trend over the available years is negative.""], ""support_summary"": ""ML probability 0.331 against threshold 0.400. 5 rule-based red flag(s) were triggered. Key reasons: Operating cash flow is negative despite positive revenue.; Contingent liabilities exceed 50% of net worth.; Revenue trend over the available years is negative."", ""framing_message"": ""This score estimates how closely the company's financial pattern resembles historical wilful defaulter cases in the training dataset."", ""imputed_feature_fraction"": 0.0}, {""financial_year"": 2018, ""ml_probability"": 0.3362587335233788, ""model_threshold"": 0.39999999999999986, ""ml_class"": 0, ""rule_flags_triggered"": [""declining_revenue_trend"", ""declining_cash_flow_trend""], ""rule_flag_count"": 2, ""critical_rule_count"": 0, ""risk_band"": ""Medium"", ""top_reasons"": [""Revenue trend over the available years is negative."", ""Operating cash flow trend over the available years is negative.""], ""support_summary"": ""ML probability 0.336 against threshold 0.400. 2 rule-based red flag(s) were triggered. Key reasons: Revenue trend over the available years is negative.; Operating cash flow trend over the available years is negative."", ""framing_message"": ""This score estimates how closely the company's financial pattern resembles historical wilful defaulter cases in the training dataset."", ""imputed_feature_fraction"": 0.0}]"
Dabur India Limited,L24230UP1975PLC003919,3,2018,hist_gradient_boosting,tier1a_v1,0.33063044504333783,0.39999999999999986,0,Medium,declining_cash_flow_trend|rising_borrowings_trend,2,Operating cash flow trend over the available years is negative. | Borrowings trend over the available years is increasing.,ML probability 0.331 against threshold 0.400. 2 rule-based red flag(s) were triggered. Key reasons: Operating cash flow trend over the available years is negative.; Borrowings trend over the available years is increasing.,,"[{""financial_year"": 2016, ""ml_probability"": 0.3290196856794779, ""model_threshold"": 0.39999999999999986, ""ml_class"": 0, ""rule_flags_triggered"": [""declining_cash_flow_trend"", ""rising_borrowings_trend""], ""rule_flag_count"": 2, ""critical_rule_count"": 0, ""risk_band"": ""Medium"", ""top_reasons"": [""Operating cash flow trend over the available years is negative."", ""Borrowings trend over the available years is increasing.""], ""support_summary"": ""ML probability 0.329 against threshold 0.400. 2 rule-based red flag(s) were triggered. Key reasons: Operating cash flow trend over the available years is negative.; Borrowings trend over the available years is increasing."", ""framing_message"": ""This score estimates how closely the company's financial pattern resembles historical wilful defaulter cases in the training dataset."", ""imputed_feature_fraction"": 0.0}, {""financial_year"": 2017, ""ml_probability"": 0.3295560847078241, ""model_threshold"": 0.39999999999999986, ""ml_class"": 0, ""rule_flags_triggered"": [""declining_cash_flow_trend"", ""rising_borrowings_trend""], ""rule_flag_count"": 2, ""critical_rule_count"": 0, ""risk_band"": ""Medium"", ""top_reasons"": [""Operating cash flow trend over the available years is negative."", ""Borrowings trend over the available years is increasing.""], ""support_summary"": ""ML probability 0.330 against threshold 0.400. 2 rule-based red flag(s) were triggered. Key reasons: Operating cash flow trend over the available years is negative.; Borrowings trend over the available years is increasing."", ""framing_message"": ""This score estimates how closely the company's financial pattern resembles historical wilful defaulter cases in the training dataset."", ""imputed_feature_fraction"": 0.0}, {""financial_year"": 2018, ""ml_probability"": 0.33063044504333783, ""model_threshold"": 0.39999999999999986, ""ml_class"": 0, ""rule_flags_triggered"": [""declining_cash_flow_trend"", ""rising_borrowings_trend""], ""rule_flag_count"": 2, ""critical_rule_count"": 0, ""risk_band"": ""Medium"", ""top_reasons"": [""Operating cash flow trend over the available years is negative."", ""Borrowings trend over the available years is increasing.""], ""support_summary"": ""ML probability 0.331 against threshold 0.400. 2 rule-based red flag(s) were triggered. Key reasons: Operating cash flow trend over the available years is negative.; Borrowings trend over the available years is increasing."", ""framing_message"": ""This score estimates how closely the company's financial pattern resembles historical wilful defaulter cases in the training dataset."", ""imputed_feature_fraction"": 0.0}]"
Dilip Buildcon Limited,L45201MP1987PLC003821,3,2016,hist_gradient_boosting,tier1a_v1,0.37542210605723053,0.39999999999999986,0,High,excessive_leverage|rising_borrowings_trend,2,"Debt-to-equity is above 2, indicating elevated leverage. | Borrowings trend over the available years is increasing.","ML probability 0.375 against threshold 0.400. 2 rule-based red flag(s) were triggered. Key reasons: Debt-to-equity is above 2, indicating elevated leverage.; Borrowings trend over the available years is increasing.",,"[{""financial_year"": 2014, ""ml_probability"": 0.34341478041104173, ""model_threshold"": 0.39999999999999986, ""ml_class"": 0, ""rule_flags_triggered"": [""rising_borrowings_trend""], ""rule_flag_count"": 1, ""critical_rule_count"": 0, ""risk_band"": ""Medium"", ""top_reasons"": [""Borrowings trend over the available years is increasing.""], ""support_summary"": ""ML probability 0.343 against threshold 0.400. 1 rule-based red flag(s) were triggered. Key reasons: Borrowings trend over the available years is increasing."", ""framing_message"": ""This score estimates how closely the company's financial pattern resembles historical wilful defaulter cases in the training dataset."", ""imputed_feature_fraction"": 0.0}, {""financial_year"": 2015, ""ml_probability"": 0.5067042238055638, ""model_threshold"": 0.39999999999999986, ""ml_class"": 1, ""rule_flags_triggered"": [""excessive_leverage"", ""rising_borrowings_trend"", ""leverage_spike""], ""rule_flag_count"": 3, ""critical_rule_count"": 1, ""risk_band"": ""High"", ""top_reasons"": [""Debt-to-equity is above 2, indicating elevated leverage."", ""Borrowings trend over the available years is increasing."", ""Debt-to-equity increased materially year over year.""], ""support_summary"": ""ML probability 0.507 against threshold 0.400. 3 rule-based red flag(s) were triggered. Key reasons: Debt-to-equity is above 2, indicating elevated leverage.; Borrowings trend over the available years is increasing.; Debt-to-equity increased materially year over year."", ""framing_message"": ""This score estimates how closely the company's financial pattern resembles historical wilful defaulter cases in the training dataset."", ""imputed_feature_fraction"": 0.0}, {""financial_year"": 2016, ""ml_probability"": 0.37542210605723053, ""model_threshold"": 0.39999999999999986, ""ml_class"": 0, ""rule_flags_triggered"": [""excessive_leverage"", ""rising_borrowings_trend""], ""rule_flag_count"": 2, ""critical_rule_count"": 1, ""risk_band"": ""High"", ""top_reasons"": [""Debt-to-equity is above 2, indicating elevated leverage."", ""Borrowings trend over the available years is increasing.""], ""support_summary"": ""ML probability 0.375 against threshold 0.400. 2 rule-based red flag(s) were triggered. Key reasons: Debt-to-equity is above 2, indicating elevated leverage.; Borrowings trend over the available years is increasing."", ""framing_message"": ""This score estimates how closely the company's financial pattern resembles historical wilful defaulter cases in the training dataset."", ""imputed_feature_fraction"": 0.0}]"
Grasim Industries Limited,L17124MP1947PLC000410,3,2017,hist_gradient_boosting,tier1a_v1,0.3283302473917165,0.39999999999999986,0,Medium,,0,,ML probability 0.328 against threshold 0.400. No explicit rule-based red flags were triggered.,The latest score is in the medium band without rule-based support; review manually.,"[{""financial_year"": 2015, ""ml_probability"": 0.33114987944800794, ""model_threshold"": 0.39999999999999986, ""ml_class"": 0, ""rule_flags_triggered"": [], ""rule_flag_count"": 0, ""critical_rule_count"": 0, ""risk_band"": ""Medium"", ""top_reasons"": [], ""support_summary"": ""ML probability 0.331 against threshold 0.400. No explicit rule-based red flags were triggered."", ""framing_message"": ""This score estimates how closely the company's financial pattern resembles historical wilful defaulter cases in the training dataset."", ""imputed_feature_fraction"": 0.0}, {""financial_year"": 2016, ""ml_probability"": 0.3288064568439849, ""model_threshold"": 0.39999999999999986, ""ml_class"": 0, ""rule_flags_triggered"": [], ""rule_flag_count"": 0, ""critical_rule_count"": 0, ""risk_band"": ""Medium"", ""top_reasons"": [], ""support_summary"": ""ML probability 0.329 against threshold 0.400. No explicit rule-based red flags were triggered."", ""framing_message"": ""This score estimates how closely the company's financial pattern resembles historical wilful defaulter cases in the training dataset."", ""imputed_feature_fraction"": 0.0}, {""financial_year"": 2017, ""ml_probability"": 0.3283302473917165, ""model_threshold"": 0.39999999999999986, ""ml_class"": 0, ""rule_flags_triggered"": [], ""rule_flag_count"": 0, ""critical_rule_count"": 0, ""risk_band"": ""Medium"", ""top_reasons"": [], ""support_summary"": ""ML probability 0.328 against threshold 0.400. No explicit rule-based red flags were triggered."", ""framing_message"": ""This score estimates how closely the company's financial pattern resembles historical wilful defaulter cases in the training dataset."", ""imputed_feature_fraction"": 0.0}]"
HT Media Limited,L22121DL2002PLC117874,3,2016,hist_gradient_boosting,tier1a_v1,0.3315573894127576,0.39999999999999986,0,High,weak_liquidity|declining_cash_flow_trend|rising_borrowings_trend|leverage_spike,4,"Current ratio is below 1, indicating a short-term liquidity deficit. | Operating cash flow trend over the available years is negative. | Borrowings trend over the available years is increasing.","ML probability 0.332 against threshold 0.400. 4 rule-based red flag(s) were triggered. Key reasons: Current ratio is below 1, indicating a short-term liquidity deficit.; Operating cash flow trend over the available years is negative.; Borrowings trend over the available years is increasing.",,"[{""financial_year"": 2014, ""ml_probability"": 0.328591557624883, ""model_threshold"": 0.39999999999999986, ""ml_class"": 0, ""rule_flags_triggered"": [""declining_cash_flow_trend"", ""rising_borrowings_trend""], ""rule_flag_count"": 2, ""critical_rule_count"": 0, ""risk_band"": ""Medium"", ""top_reasons"": [""Operating cash flow trend over the available years is negative."", ""Borrowings trend over the available years is increasing.""], ""support_summary"": ""ML probability 0.329 against threshold 0.400. 2 rule-based red flag(s) were triggered. Key reasons: Operating cash flow trend over the available years is negative.; Borrowings trend over the available years is increasing."", ""framing_message"": ""This score estimates how closely the company's financial pattern resembles historical wilful defaulter cases in the training dataset."", ""imputed_feature_fraction"": 0.0}, {""financial_year"": 2015, ""ml_probability"": 0.3323019948693874, ""model_threshold"": 0.39999999999999986, ""ml_class"": 0, ""rule_flags_triggered"": [""weak_liquidity"", ""declining_cash_flow_trend"", ""rising_borrowings_trend""], ""rule_flag_count"": 3, ""critical_rule_count"": 1, ""risk_band"": ""High"", ""top_reasons"": [""Current ratio is below 1, indicating a short-term liquidity deficit."", ""Operating cash flow trend over the available years is negative."", ""Borrowings trend over the available years is increasing.""], ""support_summary"": ""ML probability 0.332 against threshold 0.400. 3 rule-based red flag(s) were triggered. Key reasons: Current ratio is below 1, indicating a short-term liquidity deficit.; Operating cash flow trend over the available years is negative.; Borrowings trend over the available years is increasing."", ""framing_message"": ""This score estimates how closely the company's financial pattern resembles historical wilful defaulter cases in the training dataset."", ""imputed_feature_fraction"": 0.0}, {""financial_year"": 2016, ""ml_probability"": 0.3315573894127576, ""model_threshold"": 0.39999999999999986, ""ml_class"": 0, ""rule_flags_triggered"": [""weak_liquidity"", ""declining_cash_flow_trend"", ""rising_borrowings_trend"", ""leverage_spike""], ""rule_flag_count"": 4, ""critical_rule_count"": 1, ""risk_band"": ""High"", ""top_reasons"": [""Current ratio is below 1, indicating a short-term liquidity deficit."", ""Operating cash flow trend over the available years is negative."", ""Borrowings trend over the available years is increasing.""], ""support_summary"": ""ML probability 0.332 against threshold 0.400. 4 rule-based red flag(s) were triggered. Key reasons: Current ratio is below 1, indicating a short-term liquidity deficit.; Operating cash flow trend over the available years is negative.; Borrowings trend over the available years is increasing."", ""framing_message"": ""This score estimates how closely the company's financial pattern resembles historical wilful defaulter cases in the training dataset."", ""imputed_feature_fraction"": 0.0}]"
Hindustan Unilever Limited,L15140MH1933PLC002030,3,2018,hist_gradient_boosting,tier1a_v1,0.3282544308516982,0.39999999999999986,0,Medium,,0,,ML probability 0.328 against threshold 0.400. No explicit rule-based red flags were triggered.,The latest score is in the medium band without rule-based support; review manually.,"[{""financial_year"": 2016, ""ml_probability"": 0.3282765687700091, ""model_threshold"": 0.39999999999999986, ""ml_class"": 0, ""rule_flags_triggered"": [], ""rule_flag_count"": 0, ""critical_rule_count"": 0, ""risk_band"": ""Medium"", ""top_reasons"": [], ""support_summary"": ""ML probability 0.328 against threshold 0.400. No explicit rule-based red flags were triggered."", ""framing_message"": ""This score estimates how closely the company's financial pattern resembles historical wilful defaulter cases in the training dataset."", ""imputed_feature_fraction"": 0.0}, {""financial_year"": 2017, ""ml_probability"": 0.32827903714446405, ""model_threshold"": 0.39999999999999986, ""ml_class"": 0, ""rule_flags_triggered"": [], ""rule_flag_count"": 0, ""critical_rule_count"": 0, ""risk_band"": ""Medium"", ""top_reasons"": [], ""support_summary"": ""ML probability 0.328 against threshold 0.400. No explicit rule-based red flags were triggered."", ""framing_message"": ""This score estimates how closely the company's financial pattern resembles historical wilful defaulter cases in the training dataset."", ""imputed_feature_fraction"": 0.0}, {""financial_year"": 2018, ""ml_probability"": 0.3282544308516982, ""model_threshold"": 0.39999999999999986, ""ml_class"": 0, ""rule_flags_triggered"": [], ""rule_flag_count"": 0, ""critical_rule_count"": 0, ""risk_band"": ""Medium"", ""top_reasons"": [], ""support_summary"": ""ML probability 0.328 against threshold 0.400. No explicit rule-based red flags were triggered."", ""framing_message"": ""This score estimates how closely the company's financial pattern resembles historical wilful defaulter cases in the training dataset."", ""imputed_feature_fraction"": 0.0}]"
IRB Infrastructure Developers Limited,L65910MH1998PLC115967,3,2016,hist_gradient_boosting,tier1a_v1,0.3318030601359347,0.39999999999999986,0,High,weak_liquidity|large_contingent_liabilities|rising_borrowings_trend,3,"Current ratio is below 1, indicating a short-term liquidity deficit. | Contingent liabilities exceed 50% of net worth. | Borrowings trend over the available years is increasing.","ML probability 0.332 against threshold 0.400. 3 rule-based red flag(s) were triggered. Key reasons: Current ratio is below 1, indicating a short-term liquidity deficit.; Contingent liabilities exceed 50% of net worth.; Borrowings trend over the available years is increasing.",,"[{""financial_year"": 2014, ""ml_probability"": 0.32949565659506497, ""model_threshold"": 0.39999999999999986, ""ml_class"": 0, ""rule_flags_triggered"": [""large_contingent_liabilities"", ""rising_borrowings_trend""], ""rule_flag_count"": 2, ""critical_rule_count"": 1, ""risk_band"": ""High"", ""top_reasons"": [""Contingent liabilities exceed 50% of net worth."", ""Borrowings trend over the available years is increasing.""], ""support_summary"": ""ML probability 0.329 against threshold 0.400. 2 rule-based red flag(s) were triggered. Key reasons: Contingent liabilities exceed 50% of net worth.; Borrowings trend over the available years is increasing."", ""framing_message"": ""This score estimates how closely the company's financial pattern resembles historical wilful defaulter cases in the training dataset."", ""imputed_feature_fraction"": 0.0}, {""financial_year"": 2015, ""ml_probability"": 0.33294397774941914, ""model_threshold"": 0.39999999999999986, ""ml_class"": 0, ""rule_flags_triggered"": [""weak_liquidity"", ""large_contingent_liabilities"", ""rising_borrowings_trend"", ""margin_drop""], ""rule_flag_count"": 4, ""critical_rule_count"": 2, ""risk_band"": ""High"", ""top_reasons"": [""Current ratio is below 1, indicating a short-term liquidity deficit."", ""Contingent liabilities exceed 50% of net worth."", ""Borrowings trend over the available years is increasing.""], ""support_summary"": ""ML probability 0.333 against threshold 0.400. 4 rule-based red flag(s) were triggered. Key reasons: Current ratio is below 1, indicating a short-term liquidity deficit.; Contingent liabilities exceed 50% of net worth.; Borrowings trend over the available years is increasing."", ""framing_message"": ""This score estimates how closely the company's financial pattern resembles historical wilful defaulter cases in the training dataset."", ""imputed_feature_fraction"": 0.0}, {""financial_year"": 2016, ""ml_probability"": 0.3318030601359347, ""model_threshold"": 0.39999999999999986, ""ml_class"": 0, ""rule_flags_triggered"": [""weak_liquidity"", ""large_contingent_liabilities"", ""rising_borrowings_trend""], ""rule_flag_count"": 3, ""critical_rule_count"": 2, ""risk_band"": ""High"", ""top_reasons"": [""Current ratio is below 1, indicating a short-term liquidity deficit."", ""Contingent liabilities exceed 50% of net worth."", ""Borrowings trend over the available years is increasing.""], ""support_summary"": ""ML probability 0.332 against threshold 0.400. 3 rule-based red flag(s) were triggered. Key reasons: Current ratio is below 1, indicating a short-term liquidity deficit.; Contingent liabilities exceed 50% of net worth.; Borrowings trend over the available years is increasing."", ""framing_message"": ""This score estimates how closely the company's financial pattern resembles historical wilful defaulter cases in the training dataset."", ""imputed_feature_fraction"": 0.0}]"
ITC Limited,L16005WB1910PLC001985,3,2018,hist_gradient_boosting,tier1a_v1,0.3282734511143963,0.39999999999999986,0,Medium,,0,,ML probability 0.328 against threshold 0.400. No explicit rule-based red flags were triggered.,The latest score is in the medium band without rule-based support; review manually.,"[{""financial_year"": 2016, ""ml_probability"": 0.3282851811288201, ""model_threshold"": 0.39999999999999986, ""ml_class"": 0, ""rule_flags_triggered"": [], ""rule_flag_count"": 0, ""critical_rule_count"": 0, ""risk_band"": ""Medium"", ""top_reasons"": [], ""support_summary"": ""ML probability 0.328 against threshold 0.400. No explicit rule-based red flags were triggered."", ""framing_message"": ""This score estimates how closely the company's financial pattern resembles historical wilful defaulter cases in the training dataset."", ""imputed_feature_fraction"": 0.0}, {""financial_year"": 2017, ""ml_probability"": 0.3282603032602067, ""model_threshold"": 0.39999999999999986, ""ml_class"": 0, ""rule_flags_triggered"": [], ""rule_flag_count"": 0, ""critical_rule_count"": 0, ""risk_band"": ""Medium"", ""top_reasons"": [], ""support_summary"": ""ML probability 0.328 against threshold 0.400. No explicit rule-based red flags were triggered."", ""framing_message"": ""This score estimates how closely the company's financial pattern resembles historical wilful defaulter cases in the training dataset."", ""imputed_feature_fraction"": 0.0}, {""financial_year"": 2018, ""ml_probability"": 0.3282734511143963, ""model_threshold"": 0.39999999999999986, ""ml_class"": 0, ""rule_flags_triggered"": [], ""rule_flag_count"": 0, ""critical_rule_count"": 0, ""risk_band"": ""Medium"", ""top_reasons"": [], ""support_summary"": ""ML probability 0.328 against threshold 0.400. No explicit rule-based red flags were triggered."", ""framing_message"": ""This score estimates how closely the company's financial pattern resembles historical wilful defaulter cases in the training dataset."", ""imputed_feature_fraction"": 0.0}]"
Infosys Limited,L85110KA1981PLC013115,3,2017,hist_gradient_boosting,tier1a_v1,0.32824845742656455,0.39999999999999986,0,Medium,,0,,ML probability 0.328 against threshold 0.400. No explicit rule-based red flags were triggered.,The latest score is in the medium band without rule-based support; review manually.,"[{""financial_year"": 2015, ""ml_probability"": 0.32822846921068227, ""model_threshold"": 0.39999999999999986, ""ml_class"": 0, ""rule_flags_triggered"": [], ""rule_flag_count"": 0, ""critical_rule_count"": 0, ""risk_band"": ""Medium"", ""top_reasons"": [], ""support_summary"": ""ML probability 0.328 against threshold 0.400. No explicit rule-based red flags were triggered."", ""framing_message"": ""This score estimates how closely the company's financial pattern resembles historical wilful defaulter cases in the training dataset."", ""imputed_feature_fraction"": 0.0}, {""financial_year"": 2016, ""ml_probability"": 0.32824086810317693, ""model_threshold"": 0.39999999999999986, ""ml_class"": 0, ""rule_flags_triggered"": [], ""rule_flag_count"": 0, ""critical_rule_count"": 0, ""risk_band"": ""Medium"", ""top_reasons"": [], ""support_summary"": ""ML probability 0.328 against threshold 0.400. No explicit rule-based red flags were triggered."", ""framing_message"": ""This score estimates how closely the company's financial pattern resembles historical wilful defaulter cases in the training dataset."", ""imputed_feature_fraction"": 0.0}, {""financial_year"": 2017, ""ml_probability"": 0.32824845742656455, ""model_threshold"": 0.39999999999999986, ""ml_class"": 0, ""rule_flags_triggered"": [], ""rule_flag_count"": 0, ""critical_rule_count"": 0, ""risk_band"": ""Medium"", ""top_reasons"": [], ""support_summary"": ""ML probability 0.328 against threshold 0.400. No explicit rule-based red flags were triggered."", ""framing_message"": ""This score estimates how closely the company's financial pattern resembles historical wilful defaulter cases in the training dataset."", ""imputed_feature_fraction"": 0.0}]"
InterGlobe Aviation Limited,L62100DL2004PLC129768,3,2018,hist_gradient_boosting,tier1a_v1,0.32821436199751464,0.39999999999999986,0,Medium,,0,,ML probability 0.328 against threshold 0.400. No explicit rule-based red flags were triggered.,The latest score is in the medium band without rule-based support; review manually.,"[{""financial_year"": 2016, ""ml_probability"": 0.32832640658401885, ""model_threshold"": 0.39999999999999986, ""ml_class"": 0, ""rule_flags_triggered"": [], ""rule_flag_count"": 0, ""critical_rule_count"": 0, ""risk_band"": ""Medium"", ""top_reasons"": [], ""support_summary"": ""ML probability 0.328 against threshold 0.400. No explicit rule-based red flags were triggered."", ""framing_message"": ""This score estimates how closely the company's financial pattern resembles historical wilful defaulter cases in the training dataset."", ""imputed_feature_fraction"": 0.0}, {""financial_year"": 2017, ""ml_probability"": 0.3283063529683017, ""model_threshold"": 0.39999999999999986, ""ml_class"": 0, ""rule_flags_triggered"": [], ""rule_flag_count"": 0, ""critical_rule_count"": 0, ""risk_band"": ""Medium"", ""top_reasons"": [], ""support_summary"": ""ML probability 0.328 against threshold 0.400. No explicit rule-based red flags were triggered."", ""framing_message"": ""This score estimates how closely the company's financial pattern resembles historical wilful defaulter cases in the training dataset."", ""imputed_feature_fraction"": 0.0}, {""financial_year"": 2018, ""ml_probability"": 0.32821436199751464, ""model_threshold"": 0.39999999999999986, ""ml_class"": 0, ""rule_flags_triggered"": [], ""rule_flag_count"": 0, ""critical_rule_count"": 0, ""risk_band"": ""Medium"", ""top_reasons"": [], ""support_summary"": ""ML probability 0.328 against threshold 0.400. No explicit rule-based red flags were triggered."", ""framing_message"": ""This score estimates how closely the company's financial pattern resembles historical wilful defaulter cases in the training dataset."", ""imputed_feature_fraction"": 0.0}]"
JSW Steel Limited,L27102MH1994PLC152925,3,2016,hist_gradient_boosting,tier1a_v1,0.3674250415359169,0.39999999999999986,0,High,weak_interest_coverage|negative_profit_margin|declining_revenue_trend|rising_borrowings_trend|leverage_spike|margin_drop,6,"Interest coverage is below 1, suggesting operating earnings may not comfortably cover finance costs. | Net profit margin is negative. | Revenue trend over the available years is negative.","ML probability 0.367 against threshold 0.400. 6 rule-based red flag(s) were triggered. Key reasons: Interest coverage is below 1, suggesting operating earnings may not comfortably cover finance costs.; Net profit margin is negative.; Revenue trend over the available years is negative.",,"[{""financial_year"": 2014, ""ml_probability"": 0.3286715579249696, ""model_threshold"": 0.39999999999999986, ""ml_class"": 0, ""rule_flags_triggered"": [""declining_revenue_trend"", ""rising_borrowings_trend""], ""rule_flag_count"": 2, ""critical_rule_count"": 0, ""risk_band"": ""Medium"", ""top_reasons"": [""Revenue trend over the available years is negative."", ""Borrowings trend over the available years is increasing.""], ""support_summary"": ""ML probability 0.329 against threshold 0.400. 2 rule-based red flag(s) were triggered. Key reasons: Revenue trend over the available years is negative.; Borrowings trend over the available years is increasing."", ""framing_message"": ""This score estimates how closely the company's financial pattern resembles historical wilful defaulter cases in the training dataset."", ""imputed_feature_fraction"": 0.0}, {""financial_year"": 2015, ""ml_probability"": 0.3285563962911816, ""model_threshold"": 0.39999999999999986, ""ml_class"": 0, ""rule_flags_triggered"": [""declining_revenue_trend"", ""rising_borrowings_trend""], ""rule_flag_count"": 2, ""critical_rule_count"": 0, ""risk_band"": ""Medium"", ""top_reasons"": [""Revenue trend over the available years is negative."", ""Borrowings trend over the available years is increasing.""], ""support_summary"": ""ML probability 0.329 against threshold 0.400. 2 rule-based red flag(s) were triggered. Key reasons: Revenue trend over the available years is negative.; Borrowings trend over the available years is increasing."", ""framing_message"": ""This score estimates how closely the company's financial pattern resembles historical wilful defaulter cases in the training dataset."", ""imputed_feature_fraction"": 0.0}, {""financial_year"": 2016, ""ml_probability"": 0.3674250415359169, ""model_threshold"": 0.39999999999999986, ""ml_class"": 0, ""rule_flags_triggered"": [""weak_interest_coverage"", ""negative_profit_margin"", ""declining_revenue_trend"", ""rising_borrowings_trend"", ""leverage_spike"", ""margin_drop""], ""rule_flag_count"": 6, ""critical_rule_count"": 2, ""risk_band"": ""High"", ""top_reasons"": [""Interest coverage is below 1, suggesting operating earnings may not comfortably cover finance costs."", ""Net profit margin is negative."", ""Revenue trend over the available years is negative.""], ""support_summary"": ""ML probability 0.367 against threshold 0.400. 6 rule-based red flag(s) were triggered. Key reasons: Interest coverage is below 1, suggesting operating earnings may not comfortably cover finance costs.; Net profit margin is negative.; Revenue trend over the available years is negative."", ""framing_message"": ""This score estimates how closely the company's financial pattern resembles historical wilful defaulter cases in the training dataset."", ""imputed_feature_fraction"": 0.0}]"
KEC International Limited,L45200MH2005PLC152061,3,2016,hist_gradient_boosting,tier1a_v1,0.39635190804891657,0.39999999999999986,0,High,negative_operating_cash_flow|large_contingent_liabilities|declining_cash_flow_trend|rising_borrowings_trend|leverage_spike,5,Operating cash flow is negative despite positive revenue. | Contingent liabilities exceed 50% of net worth. | Operating cash flow trend over the available years is negative.,ML probability 0.396 against threshold 0.400. 5 rule-based red flag(s) were triggered. Key reasons: Operating cash flow is negative despite positive revenue.; Contingent liabilities exceed 50% of net worth.; Operating cash flow trend over the available years is negative.,,"[{""financial_year"": 2014, ""ml_probability"": 0.49384825191632353, ""model_threshold"": 0.39999999999999986, ""ml_class"": 1, ""rule_flags_triggered"": [""negative_operating_cash_flow"", ""declining_cash_flow_trend"", ""rising_borrowings_trend""], ""rule_flag_count"": 3, ""critical_rule_count"": 1, ""risk_band"": ""High"", ""top_reasons"": [""Operating cash flow is negative despite positive revenue."", ""Operating cash flow trend over the available years is negative."", ""Borrowings trend over the available years is increasing.""], ""support_summary"": ""ML probability 0.494 against threshold 0.400. 3 rule-based red flag(s) were triggered. Key reasons: Operating cash flow is negative despite positive revenue.; Operating cash flow trend over the available years is negative.; Borrowings trend over the available years is increasing."", ""framing_message"": ""This score estimates how closely the company's financial pattern resembles historical wilful defaulter cases in the training dataset."", ""imputed_feature_fraction"": 0.0}, {""financial_year"": 2015, ""ml_probability"": 0.5173178775670301, ""model_threshold"": 0.39999999999999986, ""ml_class"": 1, ""rule_flags_triggered"": [""large_contingent_liabilities"", ""declining_cash_flow_trend"", ""rising_borrowings_trend""], ""rule_flag_count"": 3, ""critical_rule_count"": 1, ""risk_band"": ""High"", ""top_reasons"": [""Contingent liabilities exceed 50% of net worth."", ""Operating cash flow trend over the available years is negative."", ""Borrowings trend over the available years is increasing.""], ""support_summary"": ""ML probability 0.517 against threshold 0.400. 3 rule-based red flag(s) were triggered. Key reasons: Contingent liabilities exceed 50% of net worth.; Operating cash flow trend over the available years is negative.; Borrowings trend over the available years is increasing."", ""framing_message"": ""This score estimates how closely the company's financial pattern resembles historical wilful defaulter cases in the training dataset."", ""imputed_feature_fraction"": 0.0}, {""financial_year"": 2016, ""ml_probability"": 0.39635190804891657, ""model_threshold"": 0.39999999999999986, ""ml_class"": 0, ""rule_flags_triggered"": [""negative_operating_cash_flow"", ""large_contingent_liabilities"", ""declining_cash_flow_trend"", ""rising_borrowings_trend"", ""leverage_spike""], ""rule_flag_count"": 5, ""critical_rule_count"": 2, ""risk_band"": ""High"", ""top_reasons"": [""Operating cash flow is negative despite positive revenue."", ""Contingent liabilities exceed 50% of net worth."", ""Operating cash flow trend over the available years is negative.""], ""support_summary"": ""ML probability 0.396 against threshold 0.400. 5 rule-based red flag(s) were triggered. Key reasons: Operating cash flow is negative despite positive revenue.; Contingent liabilities exceed 50% of net worth.; Operating cash flow trend over the available years is negative."", ""framing_message"": ""This score estimates how closely the company's financial pattern resembles historical wilful defaulter cases in the training dataset."", ""imputed_feature_fraction"": 0.0}]"
Kalpataru Projects International Limited,L45203GJ1981PLC103919,3,2016,hist_gradient_boosting,tier1a_v1,0.38959104241286807,0.39999999999999986,0,Medium,,0,,ML probability 0.390 against threshold 0.400. No explicit rule-based red flags were triggered.,The latest score is in the medium band without rule-based support; review manually.,"[{""financial_year"": 2014, ""ml_probability"": 0.5521457045008813, ""model_threshold"": 0.39999999999999986, ""ml_class"": 1, ""rule_flags_triggered"": [], ""rule_flag_count"": 0, ""critical_rule_count"": 0, ""risk_band"": ""High"", ""top_reasons"": [], ""support_summary"": ""ML probability 0.552 against threshold 0.400. No explicit rule-based red flags were triggered."", ""framing_message"": ""This score estimates how closely the company's financial pattern resembles historical wilful defaulter cases in the training dataset."", ""imputed_feature_fraction"": 0.0}, {""financial_year"": 2015, ""ml_probability"": 0.5073519013922663, ""model_threshold"": 0.39999999999999986, ""ml_class"": 1, ""rule_flags_triggered"": [], ""rule_flag_count"": 0, ""critical_rule_count"": 0, ""risk_band"": ""High"", ""top_reasons"": [], ""support_summary"": ""ML probability 0.507 against threshold 0.400. No explicit rule-based red flags were triggered."", ""framing_message"": ""This score estimates how closely the company's financial pattern resembles historical wilful defaulter cases in the training dataset."", ""imputed_feature_fraction"": 0.0}, {""financial_year"": 2016, ""ml_probability"": 0.38959104241286807, ""model_threshold"": 0.39999999999999986, ""ml_class"": 0, ""rule_flags_triggered"": [], ""rule_flag_count"": 0, ""critical_rule_count"": 0, ""risk_band"": ""Medium"", ""top_reasons"": [], ""support_summary"": ""ML probability 0.390 against threshold 0.400. No explicit rule-based red flags were triggered."", ""framing_message"": ""This score estimates how closely the company's financial pattern resembles historical wilful defaulter cases in the training dataset."", ""imputed_feature_fraction"": 0.0}]"
Kalyan Jewellers India Limited,L36911KL2009PLC024641,3,2018,hist_gradient_boosting,tier1a_v1,0.33343505165686305,0.39999999999999986,0,Medium,,0,,ML probability 0.333 against threshold 0.400. No explicit rule-based red flags were triggered.,More than 30% of model input features were imputed for at least one year. | The latest score is in the medium band without rule-based support; review manually. | One or more key financial fields were missing and had to be imputed.,"[{""financial_year"": 2016, ""ml_probability"": 0.3522905430413339, ""model_threshold"": 0.39999999999999986, ""ml_class"": 0, ""rule_flags_triggered"": [], ""rule_flag_count"": 0, ""critical_rule_count"": 0, ""risk_band"": ""Medium"", ""top_reasons"": [], ""support_summary"": ""ML probability 0.352 against threshold 0.400. No explicit rule-based red flags were triggered."", ""framing_message"": ""This score estimates how closely the company's financial pattern resembles historical wilful defaulter cases in the training dataset."", ""imputed_feature_fraction"": 0.3333333333333333}, {""financial_year"": 2017, ""ml_probability"": 0.32976916127724965, ""model_threshold"": 0.39999999999999986, ""ml_class"": 0, ""rule_flags_triggered"": [], ""rule_flag_count"": 0, ""critical_rule_count"": 0, ""risk_band"": ""Medium"", ""top_reasons"": [], ""support_summary"": ""ML probability 0.330 against threshold 0.400. No explicit rule-based red flags were triggered."", ""framing_message"": ""This score estimates how closely the company's financial pattern resembles historical wilful defaulter cases in the training dataset."", ""imputed_feature_fraction"": 0.3333333333333333}, {""financial_year"": 2018, ""ml_probability"": 0.33343505165686305, ""model_threshold"": 0.39999999999999986, ""ml_class"": 0, ""rule_flags_triggered"": [], ""rule_flag_count"": 0, ""critical_rule_count"": 0, ""risk_band"": ""Medium"", ""top_reasons"": [], ""support_summary"": ""ML probability 0.333 against threshold 0.400. No explicit rule-based red flags were triggered."", ""framing_message"": ""This score estimates how closely the company's financial pattern resembles historical wilful defaulter cases in the training dataset."", ""imputed_feature_fraction"": 0.0}]"
Larsen & Toubro Limited,L99999MH1946PLC004768,3,2016,hist_gradient_boosting,tier1a_v1,0.3283497054986444,0.39999999999999986,0,Medium,rising_borrowings_trend,1,Borrowings trend over the available years is increasing.,ML probability 0.328 against threshold 0.400. 1 rule-based red flag(s) were triggered. Key reasons: Borrowings trend over the available years is increasing.,,"[{""financial_year"": 2014, ""ml_probability"": 0.32830559762672634, ""model_threshold"": 0.39999999999999986, ""ml_class"": 0, ""rule_flags_triggered"": [""rising_borrowings_trend""], ""rule_flag_count"": 1, ""critical_rule_count"": 0, ""risk_band"": ""Medium"", ""top_reasons"": [""Borrowings trend over the available years is increasing.""], ""support_summary"": ""ML probability 0.328 against threshold 0.400. 1 rule-based red flag(s) were triggered. Key reasons: Borrowings trend over the available years is increasing."", ""framing_message"": ""This score estimates how closely the company's financial pattern resembles historical wilful defaulter cases in the training dataset."", ""imputed_feature_fraction"": 0.0}, {""financial_year"": 2015, ""ml_probability"": 0.32826417145718073, ""model_threshold"": 0.39999999999999986, ""ml_class"": 0, ""rule_flags_triggered"": [""large_contingent_liabilities"", ""rising_borrowings_trend""], ""rule_flag_count"": 2, ""critical_rule_count"": 1, ""risk_band"": ""High"", ""top_reasons"": [""Contingent liabilities exceed 50% of net worth."", ""Borrowings trend over the available years is increasing.""], ""support_summary"": ""ML probability 0.328 against threshold 0.400. 2 rule-based red flag(s) were triggered. Key reasons: Contingent liabilities exceed 50% of net worth.; Borrowings trend over the available years is increasing."", ""framing_message"": ""This score estimates how closely the company's financial pattern resembles historical wilful defaulter cases in the training dataset."", ""imputed_feature_fraction"": 0.0}, {""financial_year"": 2016, ""ml_probability"": 0.3283497054986444, ""model_threshold"": 0.39999999999999986, ""ml_class"": 0, ""rule_flags_triggered"": [""rising_borrowings_trend""], ""rule_flag_count"": 1, ""critical_rule_count"": 0, ""risk_band"": ""Medium"", ""top_reasons"": [""Borrowings trend over the available years is increasing.""], ""support_summary"": ""ML probability 0.328 against threshold 0.400. 1 rule-based red flag(s) were triggered. Key reasons: Borrowings trend over the available years is increasing."", ""framing_message"": ""This score estimates how closely the company's financial pattern resembles historical wilful defaulter cases in the training dataset."", ""imputed_feature_fraction"": 0.0}]"
Lemon Tree Hotels Limited,L74899DL1992PLC049022,3,2018,hist_gradient_boosting,tier1a_v1,0.3392149446457421,0.39999999999999986,0,Medium,,0,,ML probability 0.339 against threshold 0.400. No explicit rule-based red flags were triggered.,The latest score is in the medium band without rule-based support; review manually.,"[{""financial_year"": 2016, ""ml_probability"": 0.3337832016762678, ""model_threshold"": 0.39999999999999986, ""ml_class"": 0, ""rule_flags_triggered"": [""weak_interest_coverage"", ""negative_profit_margin""], ""rule_flag_count"": 2, ""critical_rule_count"": 2, ""risk_band"": ""High"", ""top_reasons"": [""Interest coverage is below 1, suggesting operating earnings may not comfortably cover finance costs."", ""Net profit margin is negative.""], ""support_summary"": ""ML probability 0.334 against threshold 0.400. 2 rule-based red flag(s) were triggered. Key reasons: Interest coverage is below 1, suggesting operating earnings may not comfortably cover finance costs.; Net profit margin is negative."", ""framing_message"": ""This score estimates how closely the company's financial pattern resembles historical wilful defaulter cases in the training dataset."", ""imputed_feature_fraction"": 0.0}, {""financial_year"": 2017, ""ml_probability"": 0.33268634321802165, ""model_threshold"": 0.39999999999999986, ""ml_class"": 0, ""rule_flags_triggered"": [], ""rule_flag_count"": 0, ""critical_rule_count"": 0, ""risk_band"": ""Medium"", ""top_reasons"": [], ""support_summary"": ""ML probability 0.333 against threshold 0.400. No explicit rule-based red flags were triggered."", ""framing_message"": ""This score estimates how closely the company's financial pattern resembles historical wilful defaulter cases in the training dataset."", ""imputed_feature_fraction"": 0.0}, {""financial_year"": 2018, ""ml_probability"": 0.3392149446457421, ""model_threshold"": 0.39999999999999986, ""ml_class"": 0, ""rule_flags_triggered"": [], ""rule_flag_count"": 0, ""critical_rule_count"": 0, ""risk_band"": ""Medium"", ""top_reasons"": [], ""support_summary"": ""ML probability 0.339 against threshold 0.400. No explicit rule-based red flags were triggered."", ""framing_message"": ""This score estimates how closely the company's financial pattern resembles historical wilful defaulter cases in the training dataset."", ""imputed_feature_fraction"": 0.0}]"
Marico Limited,L15140MH1988PLC049208,3,2018,hist_gradient_boosting,tier1a_v1,0.3291936272093258,0.39999999999999986,0,Medium,declining_cash_flow_trend,1,Operating cash flow trend over the available years is negative.,ML probability 0.329 against threshold 0.400. 1 rule-based red flag(s) were triggered. Key reasons: Operating cash flow trend over the available years is negative.,,"[{""financial_year"": 2016, ""ml_probability"": 0.3292750144740472, ""model_threshold"": 0.39999999999999986, ""ml_class"": 0, ""rule_flags_triggered"": [""declining_cash_flow_trend""], ""rule_flag_count"": 1, ""critical_rule_count"": 0, ""risk_band"": ""Medium"", ""top_reasons"": [""Operating cash flow trend over the available years is negative.""], ""support_summary"": ""ML probability 0.329 against threshold 0.400. 1 rule-based red flag(s) were triggered. Key reasons: Operating cash flow trend over the available years is negative."", ""framing_message"": ""This score estimates how closely the company's financial pattern resembles historical wilful defaulter cases in the training dataset."", ""imputed_feature_fraction"": 0.0}, {""financial_year"": 2017, ""ml_probability"": 0.32922810911151923, ""model_threshold"": 0.39999999999999986, ""ml_class"": 0, ""rule_flags_triggered"": [""declining_cash_flow_trend""], ""rule_flag_count"": 1, ""critical_rule_count"": 0, ""risk_band"": ""Medium"", ""top_reasons"": [""Operating cash flow trend over the available years is negative.""], ""support_summary"": ""ML probability 0.329 against threshold 0.400. 1 rule-based red flag(s) were triggered. Key reasons: Operating cash flow trend over the available years is negative."", ""framing_message"": ""This score estimates how closely the company's financial pattern resembles historical wilful defaulter cases in the training dataset."", ""imputed_feature_fraction"": 0.0}, {""financial_year"": 2018, ""ml_probability"": 0.3291936272093258, ""model_threshold"": 0.39999999999999986, ""ml_class"": 0, ""rule_flags_triggered"": [""declining_cash_flow_trend""], ""rule_flag_count"": 1, ""critical_rule_count"": 0, ""risk_band"": ""Medium"", ""top_reasons"": [""Operating cash flow trend over the available years is negative.""], ""support_summary"": ""ML probability 0.329 against threshold 0.400. 1 rule-based red flag(s) were triggered. Key reasons: Operating cash flow trend over the available years is negative."", ""framing_message"": ""This score estimates how closely the company's financial pattern resembles historical wilful defaulter cases in the training dataset."", ""imputed_feature_fraction"": 0.0}]"
NCC Limited,L72200TG1990PLC011146,3,2016,hist_gradient_boosting,tier1a_v1,0.34231627061535636,0.39999999999999986,0,Medium,large_contingent_liabilities,1,Contingent liabilities exceed 50% of net worth.,ML probability 0.342 against threshold 0.400. 1 rule-based red flag(s) were triggered. Key reasons: Contingent liabilities exceed 50% of net worth.,,"[{""financial_year"": 2014, ""ml_probability"": 0.6307484780915538, ""model_threshold"": 0.39999999999999986, ""ml_class"": 1, ""rule_flags_triggered"": [""large_contingent_liabilities""], ""rule_flag_count"": 1, ""critical_rule_count"": 1, ""risk_band"": ""High"", ""top_reasons"": [""Contingent liabilities exceed 50% of net worth.""], ""support_summary"": ""ML probability 0.631 against threshold 0.400. 1 rule-based red flag(s) were triggered. Key reasons: Contingent liabilities exceed 50% of net worth."", ""framing_message"": ""This score estimates how closely the company's financial pattern resembles historical wilful defaulter cases in the training dataset."", ""imputed_feature_fraction"": 0.0}, {""financial_year"": 2015, ""ml_probability"": 0.3604124553272008, ""model_threshold"": 0.39999999999999986, ""ml_class"": 0, ""rule_flags_triggered"": [""large_contingent_liabilities""], ""rule_flag_count"": 1, ""critical_rule_count"": 1, ""risk_band"": ""Medium"", ""top_reasons"": [""Contingent liabilities exceed 50% of net worth.""], ""support_summary"": ""ML probability 0.360 against threshold 0.400. 1 rule-based red flag(s) were triggered. Key reasons: Contingent liabilities exceed 50% of net worth."", ""framing_message"": ""This score estimates how closely the company's financial pattern resembles historical wilful defaulter cases in the training dataset."", ""imputed_feature_fraction"": 0.0}, {""financial_year"": 2016, ""ml_probability"": 0.34231627061535636, ""model_threshold"": 0.39999999999999986, ""ml_class"": 0, ""rule_flags_triggered"": [""large_contingent_liabilities""], ""rule_flag_count"": 1, ""critical_rule_count"": 1, ""risk_band"": ""Medium"", ""top_reasons"": [""Contingent liabilities exceed 50% of net worth.""], ""support_summary"": ""ML probability 0.342 against threshold 0.400. 1 rule-based red flag(s) were triggered. Key reasons: Contingent liabilities exceed 50% of net worth."", ""framing_message"": ""This score estimates how closely the company's financial pattern resembles historical wilful defaulter cases in the training dataset."", ""imputed_feature_fraction"": 0.0}]"
Nestle India Limited,L15202DL1959PLC003786,3,2018,hist_gradient_boosting,tier1a_v1,0.32831307981525343,0.39999999999999986,0,Medium,rising_borrowings_trend,1,Borrowings trend over the available years is increasing.,ML probability 0.328 against threshold 0.400. 1 rule-based red flag(s) were triggered. Key reasons: Borrowings trend over the available years is increasing.,,"[{""financial_year"": 2016, ""ml_probability"": 0.32832628166302424, ""model_threshold"": 0.39999999999999986, ""ml_class"": 0, ""rule_flags_triggered"": [""rising_borrowings_trend""], ""rule_flag_count"": 1, ""critical_rule_count"": 0, ""risk_band"": ""Medium"", ""top_reasons"": [""Borrowings trend over the available years is increasing.""], ""support_summary"": ""ML probability 0.328 against threshold 0.400. 1 rule-based red flag(s) were triggered. Key reasons: Borrowings trend over the available years is increasing."", ""framing_message"": ""This score estimates how closely the company's financial pattern resembles historical wilful defaulter cases in the training dataset."", ""imputed_feature_fraction"": 0.0}, {""financial_year"": 2017, ""ml_probability"": 0.3283424619694851, ""model_threshold"": 0.39999999999999986, ""ml_class"": 0, ""rule_flags_triggered"": [""rising_borrowings_trend""], ""rule_flag_count"": 1, ""critical_rule_count"": 0, ""risk_band"": ""Medium"", ""top_reasons"": [""Borrowings trend over the available years is increasing.""], ""support_summary"": ""ML probability 0.328 against threshold 0.400. 1 rule-based red flag(s) were triggered. Key reasons: Borrowings trend over the available years is increasing."", ""framing_message"": ""This score estimates how closely the company's financial pattern resembles historical wilful defaulter cases in the training dataset."", ""imputed_feature_fraction"": 0.0}, {""financial_year"": 2018, ""ml_probability"": 0.32831307981525343, ""model_threshold"": 0.39999999999999986, ""ml_class"": 0, ""rule_flags_triggered"": [""rising_borrowings_trend""], ""rule_flag_count"": 1, ""critical_rule_count"": 0, ""risk_band"": ""Medium"", ""top_reasons"": [""Borrowings trend over the available years is increasing.""], ""support_summary"": ""ML probability 0.328 against threshold 0.400. 1 rule-based red flag(s) were triggered. Key reasons: Borrowings trend over the available years is increasing."", ""framing_message"": ""This score estimates how closely the company's financial pattern resembles historical wilful defaulter cases in the training dataset."", ""imputed_feature_fraction"": 0.0}]"
PNC Infratech Limited,L45201UP1999PLC024640,3,2016,hist_gradient_boosting,tier1a_v1,0.3284396507433971,0.39999999999999986,0,High,large_contingent_liabilities|declining_cash_flow_trend,2,Contingent liabilities exceed 50% of net worth. | Operating cash flow trend over the available years is negative.,ML probability 0.328 against threshold 0.400. 2 rule-based red flag(s) were triggered. Key reasons: Contingent liabilities exceed 50% of net worth.; Operating cash flow trend over the available years is negative.,,"[{""financial_year"": 2014, ""ml_probability"": 0.3288170135123397, ""model_threshold"": 0.39999999999999986, ""ml_class"": 0, ""rule_flags_triggered"": [""large_contingent_liabilities"", ""declining_cash_flow_trend""], ""rule_flag_count"": 2, ""critical_rule_count"": 1, ""risk_band"": ""High"", ""top_reasons"": [""Contingent liabilities exceed 50% of net worth."", ""Operating cash flow trend over the available years is negative.""], ""support_summary"": ""ML probability 0.329 against threshold 0.400. 2 rule-based red flag(s) were triggered. Key reasons: Contingent liabilities exceed 50% of net worth.; Operating cash flow trend over the available years is negative."", ""framing_message"": ""This score estimates how closely the company's financial pattern resembles historical wilful defaulter cases in the training dataset."", ""imputed_feature_fraction"": 0.0}, {""financial_year"": 2015, ""ml_probability"": 0.32833536767948485, ""model_threshold"": 0.39999999999999986, ""ml_class"": 0, ""rule_flags_triggered"": [""large_contingent_liabilities"", ""declining_cash_flow_trend""], ""rule_flag_count"": 2, ""critical_rule_count"": 1, ""risk_band"": ""High"", ""top_reasons"": [""Contingent liabilities exceed 50% of net worth."", ""Operating cash flow trend over the available years is negative.""], ""support_summary"": ""ML probability 0.328 against threshold 0.400. 2 rule-based red flag(s) were triggered. Key reasons: Contingent liabilities exceed 50% of net worth.; Operating cash flow trend over the available years is negative."", ""framing_message"": ""This score estimates how closely the company's financial pattern resembles historical wilful defaulter cases in the training dataset."", ""imputed_feature_fraction"": 0.0}, {""financial_year"": 2016, ""ml_probability"": 0.3284396507433971, ""model_threshold"": 0.39999999999999986, ""ml_class"": 0, ""rule_flags_triggered"": [""large_contingent_liabilities"", ""declining_cash_flow_trend""], ""rule_flag_count"": 2, ""critical_rule_count"": 1, ""risk_band"": ""High"", ""top_reasons"": [""Contingent liabilities exceed 50% of net worth."", ""Operating cash flow trend over the available years is negative.""], ""support_summary"": ""ML probability 0.328 against threshold 0.400. 2 rule-based red flag(s) were triggered. Key reasons: Contingent liabilities exceed 50% of net worth.; Operating cash flow trend over the available years is negative."", ""framing_message"": ""This score estimates how closely the company's financial pattern resembles historical wilful defaulter cases in the training dataset."", ""imputed_feature_fraction"": 0.0}]"
Rajesh Exports Limited,L36911KA1990PLC020815,3,2017,hist_gradient_boosting,tier1a_v1,0.3283575209885597,0.39999999999999986,0,Medium,declining_cash_flow_trend|rising_borrowings_trend,2,Operating cash flow trend over the available years is negative. | Borrowings trend over the available years is increasing.,ML probability 0.328 against threshold 0.400. 2 rule-based red flag(s) were triggered. Key reasons: Operating cash flow trend over the available years is negative.; Borrowings trend over the available years is increasing.,,"[{""financial_year"": 2015, ""ml_probability"": 0.33103211418450695, ""model_threshold"": 0.39999999999999986, ""ml_class"": 0, ""rule_flags_triggered"": [""declining_cash_flow_trend"", ""rising_borrowings_trend""], ""rule_flag_count"": 2, ""critical_rule_count"": 0, ""risk_band"": ""Medium"", ""top_reasons"": [""Operating cash flow trend over the available years is negative."", ""Borrowings trend over the available years is increasing.""], ""support_summary"": ""ML probability 0.331 against threshold 0.400. 2 rule-based red flag(s) were triggered. Key reasons: Operating cash flow trend over the available years is negative.; Borrowings trend over the available years is increasing."", ""framing_message"": ""This score estimates how closely the company's financial pattern resembles historical wilful defaulter cases in the training dataset."", ""imputed_feature_fraction"": 0.0}, {""financial_year"": 2016, ""ml_probability"": 0.3316989208275907, ""model_threshold"": 0.39999999999999986, ""ml_class"": 0, ""rule_flags_triggered"": [""declining_cash_flow_trend"", ""rising_borrowings_trend""], ""rule_flag_count"": 2, ""critical_rule_count"": 0, ""risk_band"": ""Medium"", ""top_reasons"": [""Operating cash flow trend over the available years is negative."", ""Borrowings trend over the available years is increasing.""], ""support_summary"": ""ML probability 0.332 against threshold 0.400. 2 rule-based red flag(s) were triggered. Key reasons: Operating cash flow trend over the available years is negative.; Borrowings trend over the available years is increasing."", ""framing_message"": ""This score estimates how closely the company's financial pattern resembles historical wilful defaulter cases in the training dataset."", ""imputed_feature_fraction"": 0.0}, {""financial_year"": 2017, ""ml_probability"": 0.3283575209885597, ""model_threshold"": 0.39999999999999986, ""ml_class"": 0, ""rule_flags_triggered"": [""declining_cash_flow_trend"", ""rising_borrowings_trend""], ""rule_flag_count"": 2, ""critical_rule_count"": 0, ""risk_band"": ""Medium"", ""top_reasons"": [""Operating cash flow trend over the available years is negative."", ""Borrowings trend over the available years is increasing.""], ""support_summary"": ""ML probability 0.328 against threshold 0.400. 2 rule-based red flag(s) were triggered. Key reasons: Operating cash flow trend over the available years is negative.; Borrowings trend over the available years is increasing."", ""framing_message"": ""This score estimates how closely the company's financial pattern resembles historical wilful defaulter cases in the training dataset."", ""imputed_feature_fraction"": 0.0}]"
Raymond Limited,L17117MH1925PLC001208,3,2017,hist_gradient_boosting,tier1a_v1,0.3315266461767407,0.39999999999999986,0,Medium,rising_borrowings_trend,1,Borrowings trend over the available years is increasing.,ML probability 0.332 against threshold 0.400. 1 rule-based red flag(s) were triggered. Key reasons: Borrowings trend over the available years is increasing.,,"[{""financial_year"": 2015, ""ml_probability"": 0.33034547276642845, ""model_threshold"": 0.39999999999999986, ""ml_class"": 0, ""rule_flags_triggered"": [""rising_borrowings_trend""], ""rule_flag_count"": 1, ""critical_rule_count"": 0, ""risk_band"": ""Medium"", ""top_reasons"": [""Borrowings trend over the available years is increasing.""], ""support_summary"": ""ML probability 0.330 against threshold 0.400. 1 rule-based red flag(s) were triggered. Key reasons: Borrowings trend over the available years is increasing."", ""framing_message"": ""This score estimates how closely the company's financial pattern resembles historical wilful defaulter cases in the training dataset."", ""imputed_feature_fraction"": 0.0}, {""financial_year"": 2016, ""ml_probability"": 0.33040155348916683, ""model_threshold"": 0.39999999999999986, ""ml_class"": 0, ""rule_flags_triggered"": [""rising_borrowings_trend""], ""rule_flag_count"": 1, ""critical_rule_count"": 0, ""risk_band"": ""Medium"", ""top_reasons"": [""Borrowings trend over the available years is increasing.""], ""support_summary"": ""ML probability 0.330 against threshold 0.400. 1 rule-based red flag(s) were triggered. Key reasons: Borrowings trend over the available years is increasing."", ""framing_message"": ""This score estimates how closely the company's financial pattern resembles historical wilful defaulter cases in the training dataset."", ""imputed_feature_fraction"": 0.0}, {""financial_year"": 2017, ""ml_probability"": 0.3315266461767407, ""model_threshold"": 0.39999999999999986, ""ml_class"": 0, ""rule_flags_triggered"": [""rising_borrowings_trend""], ""rule_flag_count"": 1, ""critical_rule_count"": 0, ""risk_band"": ""Medium"", ""top_reasons"": [""Borrowings trend over the available years is increasing.""], ""support_summary"": ""ML probability 0.332 against threshold 0.400. 1 rule-based red flag(s) were triggered. Key reasons: Borrowings trend over the available years is increasing."", ""framing_message"": ""This score estimates how closely the company's financial pattern resembles historical wilful defaulter cases in the training dataset."", ""imputed_feature_fraction"": 0.0}]"
SKF India Limited,L29130MH1961PLC011980,3,2017,hist_gradient_boosting,tier1a_v1,0.3286614937237265,0.39999999999999986,0,Medium,declining_cash_flow_trend|rising_borrowings_trend,2,Operating cash flow trend over the available years is negative. | Borrowings trend over the available years is increasing.,ML probability 0.329 against threshold 0.400. 2 rule-based red flag(s) were triggered. Key reasons: Operating cash flow trend over the available years is negative.; Borrowings trend over the available years is increasing.,,"[{""financial_year"": 2014, ""ml_probability"": 0.32860054799382177, ""model_threshold"": 0.39999999999999986, ""ml_class"": 0, ""rule_flags_triggered"": [""declining_cash_flow_trend"", ""rising_borrowings_trend""], ""rule_flag_count"": 2, ""critical_rule_count"": 0, ""risk_band"": ""Medium"", ""top_reasons"": [""Operating cash flow trend over the available years is negative."", ""Borrowings trend over the available years is increasing.""], ""support_summary"": ""ML probability 0.329 against threshold 0.400. 2 rule-based red flag(s) were triggered. Key reasons: Operating cash flow trend over the available years is negative.; Borrowings trend over the available years is increasing."", ""framing_message"": ""This score estimates how closely the company's financial pattern resembles historical wilful defaulter cases in the training dataset."", ""imputed_feature_fraction"": 0.0}, {""financial_year"": 2016, ""ml_probability"": 0.3295909733146747, ""model_threshold"": 0.39999999999999986, ""ml_class"": 0, ""rule_flags_triggered"": [""declining_cash_flow_trend"", ""rising_borrowings_trend""], ""rule_flag_count"": 2, ""critical_rule_count"": 0, ""risk_band"": ""Medium"", ""top_reasons"": [""Operating cash flow trend over the available years is negative."", ""Borrowings trend over the available years is increasing.""], ""support_summary"": ""ML probability 0.330 against threshold 0.400. 2 rule-based red flag(s) were triggered. Key reasons: Operating cash flow trend over the available years is negative.; Borrowings trend over the available years is increasing."", ""framing_message"": ""This score estimates how closely the company's financial pattern resembles historical wilful defaulter cases in the training dataset."", ""imputed_feature_fraction"": 0.0}, {""financial_year"": 2017, ""ml_probability"": 0.3286614937237265, ""model_threshold"": 0.39999999999999986, ""ml_class"": 0, ""rule_flags_triggered"": [""declining_cash_flow_trend"", ""rising_borrowings_trend""], ""rule_flag_count"": 2, ""critical_rule_count"": 0, ""risk_band"": ""Medium"", ""top_reasons"": [""Operating cash flow trend over the available years is negative."", ""Borrowings trend over the available years is increasing.""], ""support_summary"": ""ML probability 0.329 against threshold 0.400. 2 rule-based red flag(s) were triggered. Key reasons: Operating cash flow trend over the available years is negative.; Borrowings trend over the available years is increasing."", ""framing_message"": ""This score estimates how closely the company's financial pattern resembles historical wilful defaulter cases in the training dataset."", ""imputed_feature_fraction"": 0.0}]"
Schaeffler India Limited,L29130GJ1962PLC001167,3,2017,hist_gradient_boosting,tier1a_v1,0.3341953738633202,0.39999999999999986,0,Medium,rising_borrowings_trend,1,Borrowings trend over the available years is increasing.,ML probability 0.334 against threshold 0.400. 1 rule-based red flag(s) were triggered. Key reasons: Borrowings trend over the available years is increasing.,,"[{""financial_year"": 2015, ""ml_probability"": 0.32856248869463706, ""model_threshold"": 0.39999999999999986, ""ml_class"": 0, ""rule_flags_triggered"": [""rising_borrowings_trend""], ""rule_flag_count"": 1, ""critical_rule_count"": 0, ""risk_band"": ""Medium"", ""top_reasons"": [""Borrowings trend over the available years is increasing.""], ""support_summary"": ""ML probability 0.329 against threshold 0.400. 1 rule-based red flag(s) were triggered. Key reasons: Borrowings trend over the available years is increasing."", ""framing_message"": ""This score estimates how closely the company's financial pattern resembles historical wilful defaulter cases in the training dataset."", ""imputed_feature_fraction"": 0.0}, {""financial_year"": 2016, ""ml_probability"": 0.32877363308024127, ""model_threshold"": 0.39999999999999986, ""ml_class"": 0, ""rule_flags_triggered"": [""rising_borrowings_trend""], ""rule_flag_count"": 1, ""critical_rule_count"": 0, ""risk_band"": ""Medium"", ""top_reasons"": [""Borrowings trend over the available years is increasing.""], ""support_summary"": ""ML probability 0.329 against threshold 0.400. 1 rule-based red flag(s) were triggered. Key reasons: Borrowings trend over the available years is increasing."", ""framing_message"": ""This score estimates how closely the company's financial pattern resembles historical wilful defaulter cases in the training dataset."", ""imputed_feature_fraction"": 0.0}, {""financial_year"": 2017, ""ml_probability"": 0.3341953738633202, ""model_threshold"": 0.39999999999999986, ""ml_class"": 0, ""rule_flags_triggered"": [""rising_borrowings_trend""], ""rule_flag_count"": 1, ""critical_rule_count"": 0, ""risk_band"": ""Medium"", ""top_reasons"": [""Borrowings trend over the available years is increasing.""], ""support_summary"": ""ML probability 0.334 against threshold 0.400. 1 rule-based red flag(s) were triggered. Key reasons: Borrowings trend over the available years is increasing."", ""framing_message"": ""This score estimates how closely the company's financial pattern resembles historical wilful defaulter cases in the training dataset."", ""imputed_feature_fraction"": 0.0}]"
Senco Gold Limited,L36911WB1994PLC063674,3,2020,hist_gradient_boosting,tier1a_v1,0.33235656273084,0.39999999999999986,0,Medium,rising_borrowings_trend,1,Borrowings trend over the available years is increasing.,ML probability 0.332 against threshold 0.400. 1 rule-based red flag(s) were triggered. Key reasons: Borrowings trend over the available years is increasing.,,"[{""financial_year"": 2018, ""ml_probability"": 0.3349716359525711, ""model_threshold"": 0.39999999999999986, ""ml_class"": 0, ""rule_flags_triggered"": [""negative_operating_cash_flow"", ""rising_borrowings_trend""], ""rule_flag_count"": 2, ""critical_rule_count"": 1, ""risk_band"": ""High"", ""top_reasons"": [""Operating cash flow is negative despite positive revenue."", ""Borrowings trend over the available years is increasing.""], ""support_summary"": ""ML probability 0.335 against threshold 0.400. 2 rule-based red flag(s) were triggered. Key reasons: Operating cash flow is negative despite positive revenue.; Borrowings trend over the available years is increasing."", ""framing_message"": ""This score estimates how closely the company's financial pattern resembles historical wilful defaulter cases in the training dataset."", ""imputed_feature_fraction"": 0.0}, {""financial_year"": 2019, ""ml_probability"": 0.33043037721178076, ""model_threshold"": 0.39999999999999986, ""ml_class"": 0, ""rule_flags_triggered"": [""rising_borrowings_trend""], ""rule_flag_count"": 1, ""critical_rule_count"": 0, ""risk_band"": ""Medium"", ""top_reasons"": [""Borrowings trend over the available years is increasing.""], ""support_summary"": ""ML probability 0.330 against threshold 0.400. 1 rule-based red flag(s) were triggered. Key reasons: Borrowings trend over the available years is increasing."", ""framing_message"": ""This score estimates how closely the company's financial pattern resembles historical wilful defaulter cases in the training dataset."", ""imputed_feature_fraction"": 0.0}, {""financial_year"": 2020, ""ml_probability"": 0.33235656273084, ""model_threshold"": 0.39999999999999986, ""ml_class"": 0, ""rule_flags_triggered"": [""rising_borrowings_trend""], ""rule_flag_count"": 1, ""critical_rule_count"": 0, ""risk_band"": ""Medium"", ""top_reasons"": [""Borrowings trend over the available years is increasing.""], ""support_summary"": ""ML probability 0.332 against threshold 0.400. 1 rule-based red flag(s) were triggered. Key reasons: Borrowings trend over the available years is increasing."", ""framing_message"": ""This score estimates how closely the company's financial pattern resembles historical wilful defaulter cases in the training dataset."", ""imputed_feature_fraction"": 0.0}]"
Siemens Limited,L28920MH1957PLC010839,3,2017,hist_gradient_boosting,tier1a_v1,0.3284549962616964,0.39999999999999986,0,Medium,declining_cash_flow_trend|margin_drop,2,Operating cash flow trend over the available years is negative. | Net profit margin deteriorated materially year over year.,ML probability 0.328 against threshold 0.400. 2 rule-based red flag(s) were triggered. Key reasons: Operating cash flow trend over the available years is negative.; Net profit margin deteriorated materially year over year.,,"[{""financial_year"": 2015, ""ml_probability"": 0.32851578056889036, ""model_threshold"": 0.39999999999999986, ""ml_class"": 0, ""rule_flags_triggered"": [""declining_cash_flow_trend""], ""rule_flag_count"": 1, ""critical_rule_count"": 0, ""risk_band"": ""Medium"", ""top_reasons"": [""Operating cash flow trend over the available years is negative.""], ""support_summary"": ""ML probability 0.329 against threshold 0.400. 1 rule-based red flag(s) were triggered. Key reasons: Operating cash flow trend over the available years is negative."", ""framing_message"": ""This score estimates how closely the company's financial pattern resembles historical wilful defaulter cases in the training dataset."", ""imputed_feature_fraction"": 0.0}, {""financial_year"": 2016, ""ml_probability"": 0.3298970501838458, ""model_threshold"": 0.39999999999999986, ""ml_class"": 0, ""rule_flags_triggered"": [""declining_cash_flow_trend""], ""rule_flag_count"": 1, ""critical_rule_count"": 0, ""risk_band"": ""Medium"", ""top_reasons"": [""Operating cash flow trend over the available years is negative.""], ""support_summary"": ""ML probability 0.330 against threshold 0.400. 1 rule-based red flag(s) were triggered. Key reasons: Operating cash flow trend over the available years is negative."", ""framing_message"": ""This score estimates how closely the company's financial pattern resembles historical wilful defaulter cases in the training dataset."", ""imputed_feature_fraction"": 0.0}, {""financial_year"": 2017, ""ml_probability"": 0.3284549962616964, ""model_threshold"": 0.39999999999999986, ""ml_class"": 0, ""rule_flags_triggered"": [""declining_cash_flow_trend"", ""margin_drop""], ""rule_flag_count"": 2, ""critical_rule_count"": 0, ""risk_band"": ""Medium"", ""top_reasons"": [""Operating cash flow trend over the available years is negative."", ""Net profit margin deteriorated materially year over year.""], ""support_summary"": ""ML probability 0.328 against threshold 0.400. 2 rule-based red flag(s) were triggered. Key reasons: Operating cash flow trend over the available years is negative.; Net profit margin deteriorated materially year over year."", ""framing_message"": ""This score estimates how closely the company's financial pattern resembles historical wilful defaulter cases in the training dataset."", ""imputed_feature_fraction"": 0.0}]"
Steel Authority of India Limited,L27109DL1973GOI006454,3,2016,hist_gradient_boosting,tier1a_v1,0.33006040274332243,0.39999999999999986,0,High,weak_interest_coverage|negative_profit_margin|declining_revenue_trend|declining_cash_flow_trend|rising_borrowings_trend|margin_drop,6,"Interest coverage is below 1, suggesting operating earnings may not comfortably cover finance costs. | Net profit margin is negative. | Revenue trend over the available years is negative.","ML probability 0.330 against threshold 0.400. 6 rule-based red flag(s) were triggered. Key reasons: Interest coverage is below 1, suggesting operating earnings may not comfortably cover finance costs.; Net profit margin is negative.; Revenue trend over the available years is negative.",,"[{""financial_year"": 2014, ""ml_probability"": 0.3283213745491941, ""model_threshold"": 0.39999999999999986, ""ml_class"": 0, ""rule_flags_triggered"": [""declining_revenue_trend"", ""declining_cash_flow_trend"", ""rising_borrowings_trend""], ""rule_flag_count"": 3, ""critical_rule_count"": 0, ""risk_band"": ""Medium"", ""top_reasons"": [""Revenue trend over the available years is negative."", ""Operating cash flow trend over the available years is negative."", ""Borrowings trend over the available years is increasing.""], ""support_summary"": ""ML probability 0.328 against threshold 0.400. 3 rule-based red flag(s) were triggered. Key reasons: Revenue trend over the available years is negative.; Operating cash flow trend over the available years is negative.; Borrowings trend over the available years is increasing."", ""framing_message"": ""This score estimates how closely the company's financial pattern resembles historical wilful defaulter cases in the training dataset."", ""imputed_feature_fraction"": 0.0}, {""financial_year"": 2015, ""ml_probability"": 0.32843059178241923, ""model_threshold"": 0.39999999999999986, ""ml_class"": 0, ""rule_flags_triggered"": [""declining_revenue_trend"", ""declining_cash_flow_trend"", ""rising_borrowings_trend""], ""rule_flag_count"": 3, ""critical_rule_count"": 0, ""risk_band"": ""Medium"", ""top_reasons"": [""Revenue trend over the available years is negative."", ""Operating cash flow trend over the available years is negative."", ""Borrowings trend over the available years is increasing.""], ""support_summary"": ""ML probability 0.328 against threshold 0.400. 3 rule-based red flag(s) were triggered. Key reasons: Revenue trend over the available years is negative.; Operating cash flow trend over the available years is negative.; Borrowings trend over the available years is increasing."", ""framing_message"": ""This score estimates how closely the company's financial pattern resembles historical wilful defaulter cases in the training dataset."", ""imputed_feature_fraction"": 0.0}, {""financial_year"": 2016, ""ml_probability"": 0.33006040274332243, ""model_threshold"": 0.39999999999999986, ""ml_class"": 0, ""rule_flags_triggered"": [""weak_interest_coverage"", ""negative_profit_margin"", ""declining_revenue_trend"", ""declining_cash_flow_trend"", ""rising_borrowings_trend"", ""margin_drop""], ""rule_flag_count"": 6, ""critical_rule_count"": 2, ""risk_band"": ""High"", ""top_reasons"": [""Interest coverage is below 1, suggesting operating earnings may not comfortably cover finance costs."", ""Net profit margin is negative."", ""Revenue trend over the available years is negative.""], ""support_summary"": ""ML probability 0.330 against threshold 0.400. 6 rule-based red flag(s) were triggered. Key reasons: Interest coverage is below 1, suggesting operating earnings may not comfortably cover finance costs.; Net profit margin is negative.; Revenue trend over the available years is negative."", ""framing_message"": ""This score estimates how closely the company's financial pattern resembles historical wilful defaulter cases in the training dataset."", ""imputed_feature_fraction"": 0.0}]"
Sun Pharmaceutical Industries Limited,L24230GJ1993PLC019050,3,2016,hist_gradient_boosting,tier1a_v1,0.32891284612286054,0.39999999999999986,0,High,weak_interest_coverage|negative_operating_cash_flow|negative_profit_margin|rising_borrowings_trend,4,"Interest coverage is below 1, suggesting operating earnings may not comfortably cover finance costs. | Operating cash flow is negative despite positive revenue. | Net profit margin is negative.","ML probability 0.329 against threshold 0.400. 4 rule-based red flag(s) were triggered. Key reasons: Interest coverage is below 1, suggesting operating earnings may not comfortably cover finance costs.; Operating cash flow is negative despite positive revenue.; Net profit margin is negative.",,"[{""financial_year"": 2014, ""ml_probability"": 0.35268436644476164, ""model_threshold"": 0.39999999999999986, ""ml_class"": 0, ""rule_flags_triggered"": [""weak_interest_coverage"", ""negative_operating_cash_flow"", ""negative_profit_margin"", ""rising_borrowings_trend""], ""rule_flag_count"": 4, ""critical_rule_count"": 3, ""risk_band"": ""High"", ""top_reasons"": [""Interest coverage is below 1, suggesting operating earnings may not comfortably cover finance costs."", ""Operating cash flow is negative despite positive revenue."", ""Net profit margin is negative.""], ""support_summary"": ""ML probability 0.353 against threshold 0.400. 4 rule-based red flag(s) were triggered. Key reasons: Interest coverage is below 1, suggesting operating earnings may not comfortably cover finance costs.; Operating cash flow is negative despite positive revenue.; Net profit margin is negative."", ""framing_message"": ""This score estimates how closely the company's financial pattern resembles historical wilful defaulter cases in the training dataset."", ""imputed_feature_fraction"": 0.0}, {""financial_year"": 2015, ""ml_probability"": 0.3299896448304617, ""model_threshold"": 0.39999999999999986, ""ml_class"": 0, ""rule_flags_triggered"": [""weak_interest_coverage"", ""negative_profit_margin"", ""rising_borrowings_trend""], ""rule_flag_count"": 3, ""critical_rule_count"": 2, ""risk_band"": ""High"", ""top_reasons"": [""Interest coverage is below 1, suggesting operating earnings may not comfortably cover finance costs."", ""Net profit margin is negative."", ""Borrowings trend over the available years is increasing.""], ""support_summary"": ""ML probability 0.330 against threshold 0.400. 3 rule-based red flag(s) were triggered. Key reasons: Interest coverage is below 1, suggesting operating earnings may not comfortably cover finance costs.; Net profit margin is negative.; Borrowings trend over the available years is increasing."", ""framing_message"": ""This score estimates how closely the company's financial pattern resembles historical wilful defaulter cases in the training dataset."", ""imputed_feature_fraction"": 0.0}, {""financial_year"": 2016, ""ml_probability"": 0.32891284612286054, ""model_threshold"": 0.39999999999999986, ""ml_class"": 0, ""rule_flags_triggered"": [""weak_interest_coverage"", ""negative_operating_cash_flow"", ""negative_profit_margin"", ""rising_borrowings_trend""], ""rule_flag_count"": 4, ""critical_rule_count"": 3, ""risk_band"": ""High"", ""top_reasons"": [""Interest coverage is below 1, suggesting operating earnings may not comfortably cover finance costs."", ""Operating cash flow is negative despite positive revenue."", ""Net profit margin is negative.""], ""support_summary"": ""ML probability 0.329 against threshold 0.400. 4 rule-based red flag(s) were triggered. Key reasons: Interest coverage is below 1, suggesting operating earnings may not comfortably cover finance costs.; Operating cash flow is negative despite positive revenue.; Net profit margin is negative."", ""framing_message"": ""This score estimates how closely the company's financial pattern resembles historical wilful defaulter cases in the training dataset."", ""imputed_feature_fraction"": 0.0}]"
Tata Elxsi Limited,L85110KA1989PLC009968,3,2017,hist_gradient_boosting,tier1a_v1,0.32942845796052644,0.39999999999999986,0,Medium,,0,,ML probability 0.329 against threshold 0.400. No explicit rule-based red flags were triggered.,The latest score is in the medium band without rule-based support; review manually.,"[{""financial_year"": 2015, ""ml_probability"": 0.32918359285306975, ""model_threshold"": 0.39999999999999986, ""ml_class"": 0, ""rule_flags_triggered"": [], ""rule_flag_count"": 0, ""critical_rule_count"": 0, ""risk_band"": ""Medium"", ""top_reasons"": [], ""support_summary"": ""ML probability 0.329 against threshold 0.400. No explicit rule-based red flags were triggered."", ""framing_message"": ""This score estimates how closely the company's financial pattern resembles historical wilful defaulter cases in the training dataset."", ""imputed_feature_fraction"": 0.0}, {""financial_year"": 2016, ""ml_probability"": 0.3294919937368012, ""model_threshold"": 0.39999999999999986, ""ml_class"": 0, ""rule_flags_triggered"": [], ""rule_flag_count"": 0, ""critical_rule_count"": 0, ""risk_band"": ""Medium"", ""top_reasons"": [], ""support_summary"": ""ML probability 0.329 against threshold 0.400. No explicit rule-based red flags were triggered."", ""framing_message"": ""This score estimates how closely the company's financial pattern resembles historical wilful defaulter cases in the training dataset."", ""imputed_feature_fraction"": 0.0}, {""financial_year"": 2017, ""ml_probability"": 0.32942845796052644, ""model_threshold"": 0.39999999999999986, ""ml_class"": 0, ""rule_flags_triggered"": [], ""rule_flag_count"": 0, ""critical_rule_count"": 0, ""risk_band"": ""Medium"", ""top_reasons"": [], ""support_summary"": ""ML probability 0.329 against threshold 0.400. No explicit rule-based red flags were triggered."", ""framing_message"": ""This score estimates how closely the company's financial pattern resembles historical wilful defaulter cases in the training dataset."", ""imputed_feature_fraction"": 0.0}]"
Tata Steel Limited,L27100WB1907PLC001473,3,2016,hist_gradient_boosting,tier1a_v1,0.32944959356300313,0.39999999999999986,0,Medium,declining_revenue_trend|declining_cash_flow_trend|rising_borrowings_trend|margin_drop,4,Revenue trend over the available years is negative. | Operating cash flow trend over the available years is negative. | Borrowings trend over the available years is increasing.,ML probability 0.329 against threshold 0.400. 4 rule-based red flag(s) were triggered. Key reasons: Revenue trend over the available years is negative.; Operating cash flow trend over the available years is negative.; Borrowings trend over the available years is increasing.,,"[{""financial_year"": 2014, ""ml_probability"": 0.32825007577332305, ""model_threshold"": 0.39999999999999986, ""ml_class"": 0, ""rule_flags_triggered"": [""declining_revenue_trend"", ""declining_cash_flow_trend"", ""rising_borrowings_trend""], ""rule_flag_count"": 3, ""critical_rule_count"": 0, ""risk_band"": ""Medium"", ""top_reasons"": [""Revenue trend over the available years is negative."", ""Operating cash flow trend over the available years is negative."", ""Borrowings trend over the available years is increasing.""], ""support_summary"": ""ML probability 0.328 against threshold 0.400. 3 rule-based red flag(s) were triggered. Key reasons: Revenue trend over the available years is negative.; Operating cash flow trend over the available years is negative.; Borrowings trend over the available years is increasing."", ""framing_message"": ""This score estimates how closely the company's financial pattern resembles historical wilful defaulter cases in the training dataset."", ""imputed_feature_fraction"": 0.0}, {""financial_year"": 2015, ""ml_probability"": 0.32827553717599006, ""model_threshold"": 0.39999999999999986, ""ml_class"": 0, ""rule_flags_triggered"": [""declining_revenue_trend"", ""declining_cash_flow_trend"", ""rising_borrowings_trend""], ""rule_flag_count"": 3, ""critical_rule_count"": 0, ""risk_band"": ""Medium"", ""top_reasons"": [""Revenue trend over the available years is negative."", ""Operating cash flow trend over the available years is negative."", ""Borrowings trend over the available years is increasing.""], ""support_summary"": ""ML probability 0.328 against threshold 0.400. 3 rule-based red flag(s) were triggered. Key reasons: Revenue trend over the available years is negative.; Operating cash flow trend over the available years is negative.; Borrowings trend over the available years is increasing."", ""framing_message"": ""This score estimates how closely the company's financial pattern resembles historical wilful defaulter cases in the training dataset."", ""imputed_feature_fraction"": 0.0}, {""financial_year"": 2016, ""ml_probability"": 0.32944959356300313, ""model_threshold"": 0.39999999999999986, ""ml_class"": 0, ""rule_flags_triggered"": [""declining_revenue_trend"", ""declining_cash_flow_trend"", ""rising_borrowings_trend"", ""margin_drop""], ""rule_flag_count"": 4, ""critical_rule_count"": 0, ""risk_band"": ""Medium"", ""top_reasons"": [""Revenue trend over the available years is negative."", ""Operating cash flow trend over the available years is negative."", ""Borrowings trend over the available years is increasing.""], ""support_summary"": ""ML probability 0.329 against threshold 0.400. 4 rule-based red flag(s) were triggered. Key reasons: Revenue trend over the available years is negative.; Operating cash flow trend over the available years is negative.; Borrowings trend over the available years is increasing."", ""framing_message"": ""This score estimates how closely the company's financial pattern resembles historical wilful defaulter cases in the training dataset."", ""imputed_feature_fraction"": 0.0}]"
Thermax Limited,L29299PN1980PLC022787,3,2017,hist_gradient_boosting,tier1a_v1,0.3420442501344689,0.39999999999999986,0,Medium,declining_revenue_trend,1,Revenue trend over the available years is negative.,ML probability 0.342 against threshold 0.400. 1 rule-based red flag(s) were triggered. Key reasons: Revenue trend over the available years is negative.,,"[{""financial_year"": 2015, ""ml_probability"": 0.3304221455940248, ""model_threshold"": 0.39999999999999986, ""ml_class"": 0, ""rule_flags_triggered"": [""declining_revenue_trend""], ""rule_flag_count"": 1, ""critical_rule_count"": 0, ""risk_band"": ""Medium"", ""top_reasons"": [""Revenue trend over the available years is negative.""], ""support_summary"": ""ML probability 0.330 against threshold 0.400. 1 rule-based red flag(s) were triggered. Key reasons: Revenue trend over the available years is negative."", ""framing_message"": ""This score estimates how closely the company's financial pattern resembles historical wilful defaulter cases in the training dataset."", ""imputed_feature_fraction"": 0.0}, {""financial_year"": 2016, ""ml_probability"": 0.33021152216434657, ""model_threshold"": 0.39999999999999986, ""ml_class"": 0, ""rule_flags_triggered"": [""declining_revenue_trend""], ""rule_flag_count"": 1, ""critical_rule_count"": 0, ""risk_band"": ""Medium"", ""top_reasons"": [""Revenue trend over the available years is negative.""], ""support_summary"": ""ML probability 0.330 against threshold 0.400. 1 rule-based red flag(s) were triggered. Key reasons: Revenue trend over the available years is negative."", ""framing_message"": ""This score estimates how closely the company's financial pattern resembles historical wilful defaulter cases in the training dataset."", ""imputed_feature_fraction"": 0.0}, {""financial_year"": 2017, ""ml_probability"": 0.3420442501344689, ""model_threshold"": 0.39999999999999986, ""ml_class"": 0, ""rule_flags_triggered"": [""declining_revenue_trend""], ""rule_flag_count"": 1, ""critical_rule_count"": 0, ""risk_band"": ""Medium"", ""top_reasons"": [""Revenue trend over the available years is negative.""], ""support_summary"": ""ML probability 0.342 against threshold 0.400. 1 rule-based red flag(s) were triggered. Key reasons: Revenue trend over the available years is negative."", ""framing_message"": ""This score estimates how closely the company's financial pattern resembles historical wilful defaulter cases in the training dataset."", ""imputed_feature_fraction"": 0.0}]"
Timken India Limited,L29130KA1996PLC048230,3,2017,hist_gradient_boosting,tier1a_v1,0.3299948908317465,0.39999999999999986,0,Medium,rising_borrowings_trend,1,Borrowings trend over the available years is increasing.,ML probability 0.330 against threshold 0.400. 1 rule-based red flag(s) were triggered. Key reasons: Borrowings trend over the available years is increasing.,,"[{""financial_year"": 2015, ""ml_probability"": 0.3317932906426343, ""model_threshold"": 0.39999999999999986, ""ml_class"": 0, ""rule_flags_triggered"": [""rising_borrowings_trend""], ""rule_flag_count"": 1, ""critical_rule_count"": 0, ""risk_band"": ""Medium"", ""top_reasons"": [""Borrowings trend over the available years is increasing.""], ""support_summary"": ""ML probability 0.332 against threshold 0.400. 1 rule-based red flag(s) were triggered. Key reasons: Borrowings trend over the available years is increasing."", ""framing_message"": ""This score estimates how closely the company's financial pattern resembles historical wilful defaulter cases in the training dataset."", ""imputed_feature_fraction"": 0.0}, {""financial_year"": 2016, ""ml_probability"": 0.33074327570189915, ""model_threshold"": 0.39999999999999986, ""ml_class"": 0, ""rule_flags_triggered"": [""rising_borrowings_trend""], ""rule_flag_count"": 1, ""critical_rule_count"": 0, ""risk_band"": ""Medium"", ""top_reasons"": [""Borrowings trend over the available years is increasing.""], ""support_summary"": ""ML probability 0.331 against threshold 0.400. 1 rule-based red flag(s) were triggered. Key reasons: Borrowings trend over the available years is increasing."", ""framing_message"": ""This score estimates how closely the company's financial pattern resembles historical wilful defaulter cases in the training dataset."", ""imputed_feature_fraction"": 0.0}, {""financial_year"": 2017, ""ml_probability"": 0.3299948908317465, ""model_threshold"": 0.39999999999999986, ""ml_class"": 0, ""rule_flags_triggered"": [""rising_borrowings_trend""], ""rule_flag_count"": 1, ""critical_rule_count"": 0, ""risk_band"": ""Medium"", ""top_reasons"": [""Borrowings trend over the available years is increasing.""], ""support_summary"": ""ML probability 0.330 against threshold 0.400. 1 rule-based red flag(s) were triggered. Key reasons: Borrowings trend over the available years is increasing."", ""framing_message"": ""This score estimates how closely the company's financial pattern resembles historical wilful defaulter cases in the training dataset."", ""imputed_feature_fraction"": 0.0}]"
Titan Company Limited,L74999TZ1984PLC001456,3,2017,hist_gradient_boosting,tier1a_v1,0.32883835063345956,0.39999999999999986,0,Medium,rising_borrowings_trend|leverage_spike,2,Borrowings trend over the available years is increasing. | Debt-to-equity increased materially year over year.,ML probability 0.329 against threshold 0.400. 2 rule-based red flag(s) were triggered. Key reasons: Borrowings trend over the available years is increasing.; Debt-to-equity increased materially year over year.,,"[{""financial_year"": 2015, ""ml_probability"": 0.32827706329020334, ""model_threshold"": 0.39999999999999986, ""ml_class"": 0, ""rule_flags_triggered"": [""rising_borrowings_trend""], ""rule_flag_count"": 1, ""critical_rule_count"": 0, ""risk_band"": ""Medium"", ""top_reasons"": [""Borrowings trend over the available years is increasing.""], ""support_summary"": ""ML probability 0.328 against threshold 0.400. 1 rule-based red flag(s) were triggered. Key reasons: Borrowings trend over the available years is increasing."", ""framing_message"": ""This score estimates how closely the company's financial pattern resembles historical wilful defaulter cases in the training dataset."", ""imputed_feature_fraction"": 0.0}, {""financial_year"": 2016, ""ml_probability"": 0.328332422405951, ""model_threshold"": 0.39999999999999986, ""ml_class"": 0, ""rule_flags_triggered"": [""rising_borrowings_trend""], ""rule_flag_count"": 1, ""critical_rule_count"": 0, ""risk_band"": ""Medium"", ""top_reasons"": [""Borrowings trend over the available years is increasing.""], ""support_summary"": ""ML probability 0.328 against threshold 0.400. 1 rule-based red flag(s) were triggered. Key reasons: Borrowings trend over the available years is increasing."", ""framing_message"": ""This score estimates how closely the company's financial pattern resembles historical wilful defaulter cases in the training dataset."", ""imputed_feature_fraction"": 0.0}, {""financial_year"": 2017, ""ml_probability"": 0.32883835063345956, ""model_threshold"": 0.39999999999999986, ""ml_class"": 0, ""rule_flags_triggered"": [""rising_borrowings_trend"", ""leverage_spike""], ""rule_flag_count"": 2, ""critical_rule_count"": 0, ""risk_band"": ""Medium"", ""top_reasons"": [""Borrowings trend over the available years is increasing."", ""Debt-to-equity increased materially year over year.""], ""support_summary"": ""ML probability 0.329 against threshold 0.400. 2 rule-based red flag(s) were triggered. Key reasons: Borrowings trend over the available years is increasing.; Debt-to-equity increased materially year over year."", ""framing_message"": ""This score estimates how closely the company's financial pattern resembles historical wilful defaulter cases in the training dataset."", ""imputed_feature_fraction"": 0.0}]"
Trident Limited,L17119PB1990PLC010365,3,2017,hist_gradient_boosting,tier1a_v1,0.3295896741278787,0.39999999999999986,0,Medium,rising_borrowings_trend,1,Borrowings trend over the available years is increasing.,ML probability 0.330 against threshold 0.400. 1 rule-based red flag(s) were triggered. Key reasons: Borrowings trend over the available years is increasing.,,"[{""financial_year"": 2015, ""ml_probability"": 0.3358866637721681, ""model_threshold"": 0.39999999999999986, ""ml_class"": 0, ""rule_flags_triggered"": [""rising_borrowings_trend""], ""rule_flag_count"": 1, ""critical_rule_count"": 0, ""risk_band"": ""Medium"", ""top_reasons"": [""Borrowings trend over the available years is increasing.""], ""support_summary"": ""ML probability 0.336 against threshold 0.400. 1 rule-based red flag(s) were triggered. Key reasons: Borrowings trend over the available years is increasing."", ""framing_message"": ""This score estimates how closely the company's financial pattern resembles historical wilful defaulter cases in the training dataset."", ""imputed_feature_fraction"": 0.0}, {""financial_year"": 2016, ""ml_probability"": 0.3331242106983216, ""model_threshold"": 0.39999999999999986, ""ml_class"": 0, ""rule_flags_triggered"": [""rising_borrowings_trend""], ""rule_flag_count"": 1, ""critical_rule_count"": 0, ""risk_band"": ""Medium"", ""top_reasons"": [""Borrowings trend over the available years is increasing.""], ""support_summary"": ""ML probability 0.333 against threshold 0.400. 1 rule-based red flag(s) were triggered. Key reasons: Borrowings trend over the available years is increasing."", ""framing_message"": ""This score estimates how closely the company's financial pattern resembles historical wilful defaulter cases in the training dataset."", ""imputed_feature_fraction"": 0.0}, {""financial_year"": 2017, ""ml_probability"": 0.3295896741278787, ""model_threshold"": 0.39999999999999986, ""ml_class"": 0, ""rule_flags_triggered"": [""rising_borrowings_trend""], ""rule_flag_count"": 1, ""critical_rule_count"": 0, ""risk_band"": ""Medium"", ""top_reasons"": [""Borrowings trend over the available years is increasing.""], ""support_summary"": ""ML probability 0.330 against threshold 0.400. 1 rule-based red flag(s) were triggered. Key reasons: Borrowings trend over the available years is increasing."", ""framing_message"": ""This score estimates how closely the company's financial pattern resembles historical wilful defaulter cases in the training dataset."", ""imputed_feature_fraction"": 0.0}]"
UltraTech Cement Limited,L26940MH2000PLC128420,3,2016,hist_gradient_boosting,tier1a_v1,0.3282242375707699,0.39999999999999986,0,Medium,rising_borrowings_trend,1,Borrowings trend over the available years is increasing.,ML probability 0.328 against threshold 0.400. 1 rule-based red flag(s) were triggered. Key reasons: Borrowings trend over the available years is increasing.,,"[{""financial_year"": 2014, ""ml_probability"": 0.328227219076973, ""model_threshold"": 0.39999999999999986, ""ml_class"": 0, ""rule_flags_triggered"": [""rising_borrowings_trend""], ""rule_flag_count"": 1, ""critical_rule_count"": 0, ""risk_band"": ""Medium"", ""top_reasons"": [""Borrowings trend over the available years is increasing.""], ""support_summary"": ""ML probability 0.328 against threshold 0.400. 1 rule-based red flag(s) were triggered. Key reasons: Borrowings trend over the available years is increasing."", ""framing_message"": ""This score estimates how closely the company's financial pattern resembles historical wilful defaulter cases in the training dataset."", ""imputed_feature_fraction"": 0.0}, {""financial_year"": 2015, ""ml_probability"": 0.32822139454391763, ""model_threshold"": 0.39999999999999986, ""ml_class"": 0, ""rule_flags_triggered"": [""rising_borrowings_trend""], ""rule_flag_count"": 1, ""critical_rule_count"": 0, ""risk_band"": ""Medium"", ""top_reasons"": [""Borrowings trend over the available years is increasing.""], ""support_summary"": ""ML probability 0.328 against threshold 0.400. 1 rule-based red flag(s) were triggered. Key reasons: Borrowings trend over the available years is increasing."", ""framing_message"": ""This score estimates how closely the company's financial pattern resembles historical wilful defaulter cases in the training dataset."", ""imputed_feature_fraction"": 0.0}, {""financial_year"": 2016, ""ml_probability"": 0.3282242375707699, ""model_threshold"": 0.39999999999999986, ""ml_class"": 0, ""rule_flags_triggered"": [""rising_borrowings_trend""], ""rule_flag_count"": 1, ""critical_rule_count"": 0, ""risk_band"": ""Medium"", ""top_reasons"": [""Borrowings trend over the available years is increasing.""], ""support_summary"": ""ML probability 0.328 against threshold 0.400. 1 rule-based red flag(s) were triggered. Key reasons: Borrowings trend over the available years is increasing."", ""framing_message"": ""This score estimates how closely the company's financial pattern resembles historical wilful defaulter cases in the training dataset."", ""imputed_feature_fraction"": 0.0}]"
Vaibhav Global Limited,L36911RJ1989PLC004945,3,2017,hist_gradient_boosting,tier1a_v1,0.33275298528655645,0.39999999999999986,0,Medium,declining_cash_flow_trend|rising_borrowings_trend,2,Operating cash flow trend over the available years is negative. | Borrowings trend over the available years is increasing.,ML probability 0.333 against threshold 0.400. 2 rule-based red flag(s) were triggered. Key reasons: Operating cash flow trend over the available years is negative.; Borrowings trend over the available years is increasing.,,"[{""financial_year"": 2015, ""ml_probability"": 0.32917826285370133, ""model_threshold"": 0.39999999999999986, ""ml_class"": 0, ""rule_flags_triggered"": [""declining_cash_flow_trend"", ""rising_borrowings_trend""], ""rule_flag_count"": 2, ""critical_rule_count"": 0, ""risk_band"": ""Medium"", ""top_reasons"": [""Operating cash flow trend over the available years is negative."", ""Borrowings trend over the available years is increasing.""], ""support_summary"": ""ML probability 0.329 against threshold 0.400. 2 rule-based red flag(s) were triggered. Key reasons: Operating cash flow trend over the available years is negative.; Borrowings trend over the available years is increasing."", ""framing_message"": ""This score estimates how closely the company's financial pattern resembles historical wilful defaulter cases in the training dataset."", ""imputed_feature_fraction"": 0.0}, {""financial_year"": 2016, ""ml_probability"": 0.3383224328574442, ""model_threshold"": 0.39999999999999986, ""ml_class"": 0, ""rule_flags_triggered"": [""negative_operating_cash_flow"", ""declining_cash_flow_trend"", ""rising_borrowings_trend""], ""rule_flag_count"": 3, ""critical_rule_count"": 1, ""risk_band"": ""High"", ""top_reasons"": [""Operating cash flow is negative despite positive revenue."", ""Operating cash flow trend over the available years is negative."", ""Borrowings trend over the available years is increasing.""], ""support_summary"": ""ML probability 0.338 against threshold 0.400. 3 rule-based red flag(s) were triggered. Key reasons: Operating cash flow is negative despite positive revenue.; Operating cash flow trend over the available years is negative.; Borrowings trend over the available years is increasing."", ""framing_message"": ""This score estimates how closely the company's financial pattern resembles historical wilful defaulter cases in the training dataset."", ""imputed_feature_fraction"": 0.0}, {""financial_year"": 2017, ""ml_probability"": 0.33275298528655645, ""model_threshold"": 0.39999999999999986, ""ml_class"": 0, ""rule_flags_triggered"": [""declining_cash_flow_trend"", ""rising_borrowings_trend""], ""rule_flag_count"": 2, ""critical_rule_count"": 0, ""risk_band"": ""Medium"", ""top_reasons"": [""Operating cash flow trend over the available years is negative."", ""Borrowings trend over the available years is increasing.""], ""support_summary"": ""ML probability 0.333 against threshold 0.400. 2 rule-based red flag(s) were triggered. Key reasons: Operating cash flow trend over the available years is negative.; Borrowings trend over the available years is increasing."", ""framing_message"": ""This score estimates how closely the company's financial pattern resembles historical wilful defaulter cases in the training dataset."", ""imputed_feature_fraction"": 0.0}]"
TBZ - The Bride's Jeweller,L27205MH2007PLC167425,3,2017,hist_gradient_boosting,tier1a_v1,0.7470657998481276,0.39999999999999986,1,High,declining_revenue_trend,1,Revenue trend over the available years is negative.,ML probability 0.747 against threshold 0.400. 1 rule-based red flag(s) were triggered. Key reasons: Revenue trend over the available years is negative.,,"[{""financial_year"": 2015, ""ml_probability"": 0.7480515880088932, ""model_threshold"": 0.39999999999999986, ""ml_class"": 1, ""rule_flags_triggered"": [""declining_revenue_trend""], ""rule_flag_count"": 1, ""critical_rule_count"": 0, ""risk_band"": ""High"", ""top_reasons"": [""Revenue trend over the available years is negative.""], ""support_summary"": ""ML probability 0.748 against threshold 0.400. 1 rule-based red flag(s) were triggered. Key reasons: Revenue trend over the available years is negative."", ""framing_message"": ""This score estimates how closely the company's financial pattern resembles historical wilful defaulter cases in the training dataset."", ""imputed_feature_fraction"": 0.0}, {""financial_year"": 2016, ""ml_probability"": 0.7516735040970931, ""model_threshold"": 0.39999999999999986, ""ml_class"": 1, ""rule_flags_triggered"": [""weak_interest_coverage"", ""negative_profit_margin"", ""declining_revenue_trend""], ""rule_flag_count"": 3, ""critical_rule_count"": 2, ""risk_band"": ""High"", ""top_reasons"": [""Interest coverage is below 1, suggesting operating earnings may not comfortably cover finance costs."", ""Net profit margin is negative."", ""Revenue trend over the available years is negative.""], ""support_summary"": ""ML probability 0.752 against threshold 0.400. 3 rule-based red flag(s) were triggered. Key reasons: Interest coverage is below 1, suggesting operating earnings may not comfortably cover finance costs.; Net profit margin is negative.; Revenue trend over the available years is negative."", ""framing_message"": ""This score estimates how closely the company's financial pattern resembles historical wilful defaulter cases in the training dataset."", ""imputed_feature_fraction"": 0.0}, {""financial_year"": 2017, ""ml_probability"": 0.7470657998481276, ""model_threshold"": 0.39999999999999986, ""ml_class"": 1, ""rule_flags_triggered"": [""declining_revenue_trend""], ""rule_flag_count"": 1, ""critical_rule_count"": 0, ""risk_band"": ""High"", ""top_reasons"": [""Revenue trend over the available years is negative.""], ""support_summary"": ""ML probability 0.747 against threshold 0.400. 1 rule-based red flag(s) were triggered. Key reasons: Revenue trend over the available years is negative."", ""framing_message"": ""This score estimates how closely the company's financial pattern resembles historical wilful defaulter cases in the training dataset."", ""imputed_feature_fraction"": 0.0}]"
Jindal Steel & Power Limited,L27105HR1979PLC009913,3,2017,hist_gradient_boosting,tier1a_v1,0.3290476455506948,0.39999999999999986,0,High,weak_interest_coverage|negative_profit_margin,2,"Interest coverage is below 1, suggesting operating earnings may not comfortably cover finance costs. | Net profit margin is negative.","ML probability 0.329 against threshold 0.400. 2 rule-based red flag(s) were triggered. Key reasons: Interest coverage is below 1, suggesting operating earnings may not comfortably cover finance costs.; Net profit margin is negative.",,"[{""financial_year"": 2015, ""ml_probability"": 0.33235524475869105, ""model_threshold"": 0.39999999999999986, ""ml_class"": 0, ""rule_flags_triggered"": [""excessive_leverage"", ""negative_profit_margin""], ""rule_flag_count"": 2, ""critical_rule_count"": 2, ""risk_band"": ""High"", ""top_reasons"": [""Debt-to-equity is above 2, indicating elevated leverage."", ""Net profit margin is negative.""], ""support_summary"": ""ML probability 0.332 against threshold 0.400. 2 rule-based red flag(s) were triggered. Key reasons: Debt-to-equity is above 2, indicating elevated leverage.; Net profit margin is negative."", ""framing_message"": ""This score estimates how closely the company's financial pattern resembles historical wilful defaulter cases in the training dataset."", ""imputed_feature_fraction"": 0.0}, {""financial_year"": 2016, ""ml_probability"": 0.32921416546082305, ""model_threshold"": 0.39999999999999986, ""ml_class"": 0, ""rule_flags_triggered"": [""weak_interest_coverage"", ""negative_profit_margin"", ""margin_drop""], ""rule_flag_count"": 3, ""critical_rule_count"": 2, ""risk_band"": ""High"", ""top_reasons"": [""Interest coverage is below 1, suggesting operating earnings may not comfortably cover finance costs."", ""Net profit margin is negative."", ""Net profit margin deteriorated materially year over year.""], ""support_summary"": ""ML probability 0.329 against threshold 0.400. 3 rule-based red flag(s) were triggered. Key reasons: Interest coverage is below 1, suggesting operating earnings may not comfortably cover finance costs.; Net profit margin is negative.; Net profit margin deteriorated materially year over year."", ""framing_message"": ""This score estimates how closely the company's financial pattern resembles historical wilful defaulter cases in the training dataset."", ""imputed_feature_fraction"": 0.0}, {""financial_year"": 2017, ""ml_probability"": 0.3290476455506948, ""model_threshold"": 0.39999999999999986, ""ml_class"": 0, ""rule_flags_triggered"": [""weak_interest_coverage"", ""negative_profit_margin""], ""rule_flag_count"": 2, ""critical_rule_count"": 2, ""risk_band"": ""High"", ""top_reasons"": [""Interest coverage is below 1, suggesting operating earnings may not comfortably cover finance costs."", ""Net profit margin is negative.""], ""support_summary"": ""ML probability 0.329 against threshold 0.400. 2 rule-based red flag(s) were triggered. Key reasons: Interest coverage is below 1, suggesting operating earnings may not comfortably cover finance costs.; Net profit margin is negative."", ""framing_message"": ""This score estimates how closely the company's financial pattern resembles historical wilful defaulter cases in the training dataset."", ""imputed_feature_fraction"": 0.0}]"
Welspun India Limited,L17119GJ1985PLC033347,3,2017,hist_gradient_boosting,tier1a_v1,0.3348202429100383,0.39999999999999986,0,Medium,rising_borrowings_trend|margin_drop,2,Borrowings trend over the available years is increasing. | Net profit margin deteriorated materially year over year.,ML probability 0.335 against threshold 0.400. 2 rule-based red flag(s) were triggered. Key reasons: Borrowings trend over the available years is increasing.; Net profit margin deteriorated materially year over year.,,"[{""financial_year"": 2015, ""ml_probability"": 0.3656766073008385, ""model_threshold"": 0.39999999999999986, ""ml_class"": 0, ""rule_flags_triggered"": [""rising_borrowings_trend""], ""rule_flag_count"": 1, ""critical_rule_count"": 0, ""risk_band"": ""Medium"", ""top_reasons"": [""Borrowings trend over the available years is increasing.""], ""support_summary"": ""ML probability 0.366 against threshold 0.400. 1 rule-based red flag(s) were triggered. Key reasons: Borrowings trend over the available years is increasing."", ""framing_message"": ""This score estimates how closely the company's financial pattern resembles historical wilful defaulter cases in the training dataset."", ""imputed_feature_fraction"": 0.0}, {""financial_year"": 2016, ""ml_probability"": 0.33848185322570384, ""model_threshold"": 0.39999999999999986, ""ml_class"": 0, ""rule_flags_triggered"": [""rising_borrowings_trend""], ""rule_flag_count"": 1, ""critical_rule_count"": 0, ""risk_band"": ""Medium"", ""top_reasons"": [""Borrowings trend over the available years is increasing.""], ""support_summary"": ""ML probability 0.338 against threshold 0.400. 1 rule-based red flag(s) were triggered. Key reasons: Borrowings trend over the available years is increasing."", ""framing_message"": ""This score estimates how closely the company's financial pattern resembles historical wilful defaulter cases in the training dataset."", ""imputed_feature_fraction"": 0.0}, {""financial_year"": 2017, ""ml_probability"": 0.3348202429100383, ""model_threshold"": 0.39999999999999986, ""ml_class"": 0, ""rule_flags_triggered"": [""rising_borrowings_trend"", ""margin_drop""], ""rule_flag_count"": 2, ""critical_rule_count"": 0, ""risk_band"": ""Medium"", ""top_reasons"": [""Borrowings trend over the available years is increasing."", ""Net profit margin deteriorated materially year over year.""], ""support_summary"": ""ML probability 0.335 against threshold 0.400. 2 rule-based red flag(s) were triggered. Key reasons: Borrowings trend over the available years is increasing.; Net profit margin deteriorated materially year over year."", ""framing_message"": ""This score estimates how closely the company's financial pattern resembles historical wilful defaulter cases in the training dataset."", ""imputed_feature_fraction"": 0.0}]"
Dr Reddy's Laboratories Limited,L85195TG1984PLC004507,3,2017,hist_gradient_boosting,tier1a_v1,0.32875366066619066,0.39999999999999986,0,Medium,declining_revenue_trend|declining_cash_flow_trend,2,Revenue trend over the available years is negative. | Operating cash flow trend over the available years is negative.,ML probability 0.329 against threshold 0.400. 2 rule-based red flag(s) were triggered. Key reasons: Revenue trend over the available years is negative.; Operating cash flow trend over the available years is negative.,,"[{""financial_year"": 2015, ""ml_probability"": 0.32860284148227964, ""model_threshold"": 0.39999999999999986, ""ml_class"": 0, ""rule_flags_triggered"": [""declining_revenue_trend"", ""declining_cash_flow_trend""], ""rule_flag_count"": 2, ""critical_rule_count"": 0, ""risk_band"": ""Medium"", ""top_reasons"": [""Revenue trend over the available years is negative."", ""Operating cash flow trend over the available years is negative.""], ""support_summary"": ""ML probability 0.329 against threshold 0.400. 2 rule-based red flag(s) were triggered. Key reasons: Revenue trend over the available years is negative.; Operating cash flow trend over the available years is negative."", ""framing_message"": ""This score estimates how closely the company's financial pattern resembles historical wilful defaulter cases in the training dataset."", ""imputed_feature_fraction"": 0.0}, {""financial_year"": 2016, ""ml_probability"": 0.3300643171925845, ""model_threshold"": 0.39999999999999986, ""ml_class"": 0, ""rule_flags_triggered"": [""declining_revenue_trend"", ""declining_cash_flow_trend""], ""rule_flag_count"": 2, ""critical_rule_count"": 0, ""risk_band"": ""Medium"", ""top_reasons"": [""Revenue trend over the available years is negative."", ""Operating cash flow trend over the available years is negative.""], ""support_summary"": ""ML probability 0.330 against threshold 0.400. 2 rule-based red flag(s) were triggered. Key reasons: Revenue trend over the available years is negative.; Operating cash flow trend over the available years is negative."", ""framing_message"": ""This score estimates how closely the company's financial pattern resembles historical wilful defaulter cases in the training dataset."", ""imputed_feature_fraction"": 0.0}, {""financial_year"": 2017, ""ml_probability"": 0.32875366066619066, ""model_threshold"": 0.39999999999999986, ""ml_class"": 0, ""rule_flags_triggered"": [""declining_revenue_trend"", ""declining_cash_flow_trend""], ""rule_flag_count"": 2, ""critical_rule_count"": 0, ""risk_band"": ""Medium"", ""top_reasons"": [""Revenue trend over the available years is negative."", ""Operating cash flow trend over the available years is negative.""], ""support_summary"": ""ML probability 0.329 against threshold 0.400. 2 rule-based red flag(s) were triggered. Key reasons: Revenue trend over the available years is negative.; Operating cash flow trend over the available years is negative."", ""framing_message"": ""This score estimates how closely the company's financial pattern resembles historical wilful defaulter cases in the training dataset."", ""imputed_feature_fraction"": 0.0}]"
Indian Hotels Company Limited,L74999MH1902PLC000183,3,2017,hist_gradient_boosting,tier1a_v1,0.3326431729649064,0.39999999999999986,0,Medium,weak_liquidity,1,"Current ratio is below 1, indicating a short-term liquidity deficit.","ML probability 0.333 against threshold 0.400. 1 rule-based red flag(s) were triggered. Key reasons: Current ratio is below 1, indicating a short-term liquidity deficit.",,"[{""financial_year"": 2015, ""ml_probability"": 0.3436916668116143, ""model_threshold"": 0.39999999999999986, ""ml_class"": 0, ""rule_flags_triggered"": [""weak_liquidity"", ""negative_profit_margin"", ""large_contingent_liabilities""], ""rule_flag_count"": 3, ""critical_rule_count"": 3, ""risk_band"": ""High"", ""top_reasons"": [""Current ratio is below 1, indicating a short-term liquidity deficit."", ""Net profit margin is negative."", ""Contingent liabilities exceed 50% of net worth.""], ""support_summary"": ""ML probability 0.344 against threshold 0.400. 3 rule-based red flag(s) were triggered. Key reasons: Current ratio is below 1, indicating a short-term liquidity deficit.; Net profit margin is negative.; Contingent liabilities exceed 50% of net worth."", ""framing_message"": ""This score estimates how closely the company's financial pattern resembles historical wilful defaulter cases in the training dataset."", ""imputed_feature_fraction"": 0.0}, {""financial_year"": 2016, ""ml_probability"": 0.3302820954929092, ""model_threshold"": 0.39999999999999986, ""ml_class"": 0, ""rule_flags_triggered"": [""large_contingent_liabilities""], ""rule_flag_count"": 1, ""critical_rule_count"": 1, ""risk_band"": ""Medium"", ""top_reasons"": [""Contingent liabilities exceed 50% of net worth.""], ""support_summary"": ""ML probability 0.330 against threshold 0.400. 1 rule-based red flag(s) were triggered. Key reasons: Contingent liabilities exceed 50% of net worth."", ""framing_message"": ""This score estimates how closely the company's financial pattern resembles historical wilful defaulter cases in the training dataset."", ""imputed_feature_fraction"": 0.0}, {""financial_year"": 2017, ""ml_probability"": 0.3326431729649064, ""model_threshold"": 0.39999999999999986, ""ml_class"": 0, ""rule_flags_triggered"": [""weak_liquidity""], ""rule_flag_count"": 1, ""critical_rule_count"": 1, ""risk_band"": ""Medium"", ""top_reasons"": [""Current ratio is below 1, indicating a short-term liquidity deficit.""], ""support_summary"": ""ML probability 0.333 against threshold 0.400. 1 rule-based red flag(s) were triggered. Key reasons: Current ratio is below 1, indicating a short-term liquidity deficit."", ""framing_message"": ""This score estimates how closely the company's financial pattern resembles historical wilful defaulter cases in the training dataset."", ""imputed_feature_fraction"": 0.0}]"
Oil and Natural Gas Corporation Limited,L74899DL1993GOI054155,3,2017,hist_gradient_boosting,tier1a_v1,0.329147367557642,0.39999999999999986,0,Medium,declining_revenue_trend,1,Revenue trend over the available years is negative.,ML probability 0.329 against threshold 0.400. 1 rule-based red flag(s) were triggered. Key reasons: Revenue trend over the available years is negative.,,"[{""financial_year"": 2015, ""ml_probability"": 0.328269921483231, ""model_threshold"": 0.39999999999999986, ""ml_class"": 0, ""rule_flags_triggered"": [""declining_revenue_trend""], ""rule_flag_count"": 1, ""critical_rule_count"": 0, ""risk_band"": ""Medium"", ""top_reasons"": [""Revenue trend over the available years is negative.""], ""support_summary"": ""ML probability 0.328 against threshold 0.400. 1 rule-based red flag(s) were triggered. Key reasons: Revenue trend over the available years is negative."", ""framing_message"": ""This score estimates how closely the company's financial pattern resembles historical wilful defaulter cases in the training dataset."", ""imputed_feature_fraction"": 0.0}, {""financial_year"": 2016, ""ml_probability"": 0.3282996016324741, ""model_threshold"": 0.39999999999999986, ""ml_class"": 0, ""rule_flags_triggered"": [""declining_revenue_trend""], ""rule_flag_count"": 1, ""critical_rule_count"": 0, ""risk_band"": ""Medium"", ""top_reasons"": [""Revenue trend over the available years is negative.""], ""support_summary"": ""ML probability 0.328 against threshold 0.400. 1 rule-based red flag(s) were triggered. Key reasons: Revenue trend over the available years is negative."", ""framing_message"": ""This score estimates how closely the company's financial pattern resembles historical wilful defaulter cases in the training dataset."", ""imputed_feature_fraction"": 0.0}, {""financial_year"": 2017, ""ml_probability"": 0.329147367557642, ""model_threshold"": 0.39999999999999986, ""ml_class"": 0, ""rule_flags_triggered"": [""declining_revenue_trend""], ""rule_flag_count"": 1, ""critical_rule_count"": 0, ""risk_band"": ""Medium"", ""top_reasons"": [""Revenue trend over the available years is negative.""], ""support_summary"": ""ML probability 0.329 against threshold 0.400. 1 rule-based red flag(s) were triggered. Key reasons: Revenue trend over the available years is negative."", ""framing_message"": ""This score estimates how closely the company's financial pattern resembles historical wilful defaulter cases in the training dataset."", ""imputed_feature_fraction"": 0.0}]"
Housing Development and Infra,L70100MH1996PLC101379,3,2018,hist_gradient_boosting,tier1a_v1,0.7471623868455837,0.39999999999999986,1,High,declining_revenue_trend|declining_cash_flow_trend,2,Revenue trend over the available years is negative. | Operating cash flow trend over the available years is negative.,ML probability 0.747 against threshold 0.400. 2 rule-based red flag(s) were triggered. Key reasons: Revenue trend over the available years is negative.; Operating cash flow trend over the available years is negative.,,"[{""financial_year"": 2016, ""ml_probability"": 0.7444430799457081, ""model_threshold"": 0.39999999999999986, ""ml_class"": 1, ""rule_flags_triggered"": [""declining_revenue_trend"", ""declining_cash_flow_trend""], ""rule_flag_count"": 2, ""critical_rule_count"": 0, ""risk_band"": ""High"", ""top_reasons"": [""Revenue trend over the available years is negative."", ""Operating cash flow trend over the available years is negative.""], ""support_summary"": ""ML probability 0.744 against threshold 0.400. 2 rule-based red flag(s) were triggered. Key reasons: Revenue trend over the available years is negative.; Operating cash flow trend over the available years is negative."", ""framing_message"": ""This score estimates how closely the company's financial pattern resembles historical wilful defaulter cases in the training dataset."", ""imputed_feature_fraction"": 0.0}, {""financial_year"": 2017, ""ml_probability"": 0.7502688732692903, ""model_threshold"": 0.39999999999999986, ""ml_class"": 1, ""rule_flags_triggered"": [""declining_revenue_trend"", ""declining_cash_flow_trend""], ""rule_flag_count"": 2, ""critical_rule_count"": 0, ""risk_band"": ""High"", ""top_reasons"": [""Revenue trend over the available years is negative."", ""Operating cash flow trend over the available years is negative.""], ""support_summary"": ""ML probability 0.750 against threshold 0.400. 2 rule-based red flag(s) were triggered. Key reasons: Revenue trend over the available years is negative.; Operating cash flow trend over the available years is negative."", ""framing_message"": ""This score estimates how closely the company's financial pattern resembles historical wilful defaulter cases in the training dataset."", ""imputed_feature_fraction"": 0.0}, {""financial_year"": 2018, ""ml_probability"": 0.7471623868455837, ""model_threshold"": 0.39999999999999986, ""ml_class"": 1, ""rule_flags_triggered"": [""declining_revenue_trend"", ""declining_cash_flow_trend""], ""rule_flag_count"": 2, ""critical_rule_count"": 0, ""risk_band"": ""High"", ""top_reasons"": [""Revenue trend over the available years is negative."", ""Operating cash flow trend over the available years is negative.""], ""support_summary"": ""ML probability 0.747 against threshold 0.400. 2 rule-based red flag(s) were triggered. Key reasons: Revenue trend over the available years is negative.; Operating cash flow trend over the available years is negative."", ""framing_message"": ""This score estimates how closely the company's financial pattern resembles historical wilful defaulter cases in the training dataset."", ""imputed_feature_fraction"": 0.0}]"
Monnet Ispat & Energy Ltd,L02710CT1990PLC009826,3,2016,hist_gradient_boosting,tier1a_v1,0.7521646223300682,0.39999999999999986,1,High,weak_interest_coverage|excessive_leverage|negative_profit_margin|declining_revenue_trend|rising_borrowings_trend|leverage_spike|margin_drop,7,"Interest coverage is below 1, suggesting operating earnings may not comfortably cover finance costs. | Debt-to-equity is above 2, indicating elevated leverage. | Net profit margin is negative.","ML probability 0.752 against threshold 0.400. 7 rule-based red flag(s) were triggered. Key reasons: Interest coverage is below 1, suggesting operating earnings may not comfortably cover finance costs.; Debt-to-equity is above 2, indicating elevated leverage.; Net profit margin is negative.",,"[{""financial_year"": 2014, ""ml_probability"": 0.7513877516601647, ""model_threshold"": 0.39999999999999986, ""ml_class"": 1, ""rule_flags_triggered"": [""excessive_leverage"", ""declining_revenue_trend"", ""rising_borrowings_trend""], ""rule_flag_count"": 3, ""critical_rule_count"": 1, ""risk_band"": ""High"", ""top_reasons"": [""Debt-to-equity is above 2, indicating elevated leverage."", ""Revenue trend over the available years is negative."", ""Borrowings trend over the available years is increasing.""], ""support_summary"": ""ML probability 0.751 against threshold 0.400. 3 rule-based red flag(s) were triggered. Key reasons: Debt-to-equity is above 2, indicating elevated leverage.; Revenue trend over the available years is negative.; Borrowings trend over the available years is increasing."", ""framing_message"": ""This score estimates how closely the company's financial pattern resembles historical wilful defaulter cases in the training dataset."", ""imputed_feature_fraction"": 0.0}, {""financial_year"": 2015, ""ml_probability"": 0.7519438471464108, ""model_threshold"": 0.39999999999999986, ""ml_class"": 1, ""rule_flags_triggered"": [""weak_interest_coverage"", ""excessive_leverage"", ""negative_profit_margin"", ""declining_revenue_trend"", ""rising_borrowings_trend"", ""leverage_spike"", ""margin_drop""], ""rule_flag_count"": 7, ""critical_rule_count"": 3, ""risk_band"": ""High"", ""top_reasons"": [""Interest coverage is below 1, suggesting operating earnings may not comfortably cover finance costs."", ""Debt-to-equity is above 2, indicating elevated leverage."", ""Net profit margin is negative.""], ""support_summary"": ""ML probability 0.752 against threshold 0.400. 7 rule-based red flag(s) were triggered. Key reasons: Interest coverage is below 1, suggesting operating earnings may not comfortably cover finance costs.; Debt-to-equity is above 2, indicating elevated leverage.; Net profit margin is negative."", ""framing_message"": ""This score estimates how closely the company's financial pattern resembles historical wilful defaulter cases in the training dataset."", ""imputed_feature_fraction"": 0.0}, {""financial_year"": 2016, ""ml_probability"": 0.7521646223300682, ""model_threshold"": 0.39999999999999986, ""ml_class"": 1, ""rule_flags_triggered"": [""weak_interest_coverage"", ""excessive_leverage"", ""negative_profit_margin"", ""declining_revenue_trend"", ""rising_borrowings_trend"", ""leverage_spike"", ""margin_drop""], ""rule_flag_count"": 7, ""critical_rule_count"": 3, ""risk_band"": ""High"", ""top_reasons"": [""Interest coverage is below 1, suggesting operating earnings may not comfortably cover finance costs."", ""Debt-to-equity is above 2, indicating elevated leverage."", ""Net profit margin is negative.""], ""support_summary"": ""ML probability 0.752 against threshold 0.400. 7 rule-based red flag(s) were triggered. Key reasons: Interest coverage is below 1, suggesting operating earnings may not comfortably cover finance costs.; Debt-to-equity is above 2, indicating elevated leverage.; Net profit margin is negative."", ""framing_message"": ""This score estimates how closely the company's financial pattern resembles historical wilful defaulter cases in the training dataset."", ""imputed_feature_fraction"": 0.0}]"
Ruchi Soya Industries Ltd,L15140MH1986PLC038536,3,2016,hist_gradient_boosting,tier1a_v1,0.7326010126130258,0.39999999999999986,1,High,weak_interest_coverage|excessive_leverage|negative_operating_cash_flow|negative_profit_margin|declining_cash_flow_trend|rising_borrowings_trend|leverage_spike,7,"Interest coverage is below 1, suggesting operating earnings may not comfortably cover finance costs. | Debt-to-equity is above 2, indicating elevated leverage. | Operating cash flow is negative despite positive revenue.","ML probability 0.733 against threshold 0.400. 7 rule-based red flag(s) were triggered. Key reasons: Interest coverage is below 1, suggesting operating earnings may not comfortably cover finance costs.; Debt-to-equity is above 2, indicating elevated leverage.; Operating cash flow is negative despite positive revenue.",,"[{""financial_year"": 2014, ""ml_probability"": 0.6241247661897144, ""model_threshold"": 0.39999999999999986, ""ml_class"": 1, ""rule_flags_triggered"": [""declining_cash_flow_trend"", ""rising_borrowings_trend""], ""rule_flag_count"": 2, ""critical_rule_count"": 0, ""risk_band"": ""High"", ""top_reasons"": [""Operating cash flow trend over the available years is negative."", ""Borrowings trend over the available years is increasing.""], ""support_summary"": ""ML probability 0.624 against threshold 0.400. 2 rule-based red flag(s) were triggered. Key reasons: Operating cash flow trend over the available years is negative.; Borrowings trend over the available years is increasing."", ""framing_message"": ""This score estimates how closely the company's financial pattern resembles historical wilful defaulter cases in the training dataset."", ""imputed_feature_fraction"": 0.0}, {""financial_year"": 2015, ""ml_probability"": 0.6983143768122533, ""model_threshold"": 0.39999999999999986, ""ml_class"": 1, ""rule_flags_triggered"": [""negative_operating_cash_flow"", ""declining_cash_flow_trend"", ""rising_borrowings_trend"", ""leverage_spike""], ""rule_flag_count"": 4, ""critical_rule_count"": 1, ""risk_band"": ""High"", ""top_reasons"": [""Operating cash flow is negative despite positive revenue."", ""Operating cash flow trend over the available years is negative."", ""Borrowings trend over the available years is increasing.""], ""support_summary"": ""ML probability 0.698 against threshold 0.400. 4 rule-based red flag(s) were triggered. Key reasons: Operating cash flow is negative despite positive revenue.; Operating cash flow trend over the available years is negative.; Borrowings trend over the available years is increasing."", ""framing_message"": ""This score estimates how closely the company's financial pattern resembles historical wilful defaulter cases in the training dataset."", ""imputed_feature_fraction"": 0.0}, {""financial_year"": 2016, ""ml_probability"": 0.7326010126130258, ""model_threshold"": 0.39999999999999986, ""ml_class"": 1, ""rule_flags_triggered"": [""weak_interest_coverage"", ""excessive_leverage"", ""negative_operating_cash_flow"", ""negative_profit_margin"", ""declining_cash_flow_trend"", ""rising_borrowings_trend"", ""leverage_spike""], ""rule_flag_count"": 7, ""critical_rule_count"": 4, ""risk_band"": ""High"", ""top_reasons"": [""Interest coverage is below 1, suggesting operating earnings may not comfortably cover finance costs."", ""Debt-to-equity is above 2, indicating elevated leverage."", ""Operating cash flow is negative despite positive revenue.""], ""support_summary"": ""ML probability 0.733 against threshold 0.400. 7 rule-based red flag(s) were triggered. Key reasons: Interest coverage is below 1, suggesting operating earnings may not comfortably cover finance costs.; Debt-to-equity is above 2, indicating elevated leverage.; Operating cash flow is negative despite positive revenue."", ""framing_message"": ""This score estimates how closely the company's financial pattern resembles historical wilful defaulter cases in the training dataset."", ""imputed_feature_fraction"": 0.0}]"
SVOGL Oil Gas and Energy,L74899DL1989PLC038542,3,2015,hist_gradient_boosting,tier1a_v1,0.752140713637933,0.39999999999999986,1,High,weak_interest_coverage|excessive_leverage|negative_operating_cash_flow|negative_profit_margin|declining_revenue_trend|declining_cash_flow_trend|rising_borrowings_trend|leverage_spike|margin_drop,9,"Interest coverage is below 1, suggesting operating earnings may not comfortably cover finance costs. | Debt-to-equity is above 2, indicating elevated leverage. | Operating cash flow is negative despite positive revenue.","ML probability 0.752 against threshold 0.400. 9 rule-based red flag(s) were triggered. Key reasons: Interest coverage is below 1, suggesting operating earnings may not comfortably cover finance costs.; Debt-to-equity is above 2, indicating elevated leverage.; Operating cash flow is negative despite positive revenue.",,"[{""financial_year"": 2013, ""ml_probability"": 0.7520273650869048, ""model_threshold"": 0.39999999999999986, ""ml_class"": 1, ""rule_flags_triggered"": [""excessive_leverage"", ""declining_revenue_trend"", ""declining_cash_flow_trend"", ""rising_borrowings_trend""], ""rule_flag_count"": 4, ""critical_rule_count"": 1, ""risk_band"": ""High"", ""top_reasons"": [""Debt-to-equity is above 2, indicating elevated leverage."", ""Revenue trend over the available years is negative."", ""Operating cash flow trend over the available years is negative.""], ""support_summary"": ""ML probability 0.752 against threshold 0.400. 4 rule-based red flag(s) were triggered. Key reasons: Debt-to-equity is above 2, indicating elevated leverage.; Revenue trend over the available years is negative.; Operating cash flow trend over the available years is negative."", ""framing_message"": ""This score estimates how closely the company's financial pattern resembles historical wilful defaulter cases in the training dataset."", ""imputed_feature_fraction"": 0.0}, {""financial_year"": 2014, ""ml_probability"": 0.7521202462350157, ""model_threshold"": 0.39999999999999986, ""ml_class"": 1, ""rule_flags_triggered"": [""weak_interest_coverage"", ""excessive_leverage"", ""negative_operating_cash_flow"", ""negative_profit_margin"", ""declining_revenue_trend"", ""declining_cash_flow_trend"", ""rising_borrowings_trend"", ""leverage_spike"", ""margin_drop""], ""rule_flag_count"": 9, ""critical_rule_count"": 4, ""risk_band"": ""High"", ""top_reasons"": [""Interest coverage is below 1, suggesting operating earnings may not comfortably cover finance costs."", ""Debt-to-equity is above 2, indicating elevated leverage."", ""Operating cash flow is negative despite positive revenue.""], ""support_summary"": ""ML probability 0.752 against threshold 0.400. 9 rule-based red flag(s) were triggered. Key reasons: Interest coverage is below 1, suggesting operating earnings may not comfortably cover finance costs.; Debt-to-equity is above 2, indicating elevated leverage.; Operating cash flow is negative despite positive revenue."", ""framing_message"": ""This score estimates how closely the company's financial pattern resembles historical wilful defaulter cases in the training dataset."", ""imputed_feature_fraction"": 0.0}, {""financial_year"": 2015, ""ml_probability"": 0.752140713637933, ""model_threshold"": 0.39999999999999986, ""ml_class"": 1, ""rule_flags_triggered"": [""weak_interest_coverage"", ""excessive_leverage"", ""negative_operating_cash_flow"", ""negative_profit_margin"", ""declining_revenue_trend"", ""declining_cash_flow_trend"", ""rising_borrowings_trend"", ""leverage_spike"", ""margin_drop""], ""rule_flag_count"": 9, ""critical_rule_count"": 4, ""risk_band"": ""High"", ""top_reasons"": [""Interest coverage is below 1, suggesting operating earnings may not comfortably cover finance costs."", ""Debt-to-equity is above 2, indicating elevated leverage."", ""Operating cash flow is negative despite positive revenue.""], ""support_summary"": ""ML probability 0.752 against threshold 0.400. 9 rule-based red flag(s) were triggered. Key reasons: Interest coverage is below 1, suggesting operating earnings may not comfortably cover finance costs.; Debt-to-equity is above 2, indicating elevated leverage.; Operating cash flow is negative despite positive revenue."", ""framing_message"": ""This score estimates how closely the company's financial pattern resembles historical wilful defaulter cases in the training dataset."", ""imputed_feature_fraction"": 0.0}]"
First Leasing Co of India,L65910TN1973PLC006423,3,2013,hist_gradient_boosting,tier1a_v1,0.7520550202359958,0.39999999999999986,1,High,excessive_leverage|negative_operating_cash_flow|declining_cash_flow_trend|rising_borrowings_trend,4,"Debt-to-equity is above 2, indicating elevated leverage. | Operating cash flow is negative despite positive revenue. | Operating cash flow trend over the available years is negative.","ML probability 0.752 against threshold 0.400. 4 rule-based red flag(s) were triggered. Key reasons: Debt-to-equity is above 2, indicating elevated leverage.; Operating cash flow is negative despite positive revenue.; Operating cash flow trend over the available years is negative.",,"[{""financial_year"": 2011, ""ml_probability"": 0.7512942880728218, ""model_threshold"": 0.39999999999999986, ""ml_class"": 1, ""rule_flags_triggered"": [""excessive_leverage"", ""negative_operating_cash_flow"", ""declining_cash_flow_trend"", ""rising_borrowings_trend""], ""rule_flag_count"": 4, ""critical_rule_count"": 2, ""risk_band"": ""High"", ""top_reasons"": [""Debt-to-equity is above 2, indicating elevated leverage."", ""Operating cash flow is negative despite positive revenue."", ""Operating cash flow trend over the available years is negative.""], ""support_summary"": ""ML probability 0.751 against threshold 0.400. 4 rule-based red flag(s) were triggered. Key reasons: Debt-to-equity is above 2, indicating elevated leverage.; Operating cash flow is negative despite positive revenue.; Operating cash flow trend over the available years is negative."", ""framing_message"": ""This score estimates how closely the company's financial pattern resembles historical wilful defaulter cases in the training dataset."", ""imputed_feature_fraction"": 0.0}, {""financial_year"": 2012, ""ml_probability"": 0.752048840062786, ""model_threshold"": 0.39999999999999986, ""ml_class"": 1, ""rule_flags_triggered"": [""excessive_leverage"", ""negative_operating_cash_flow"", ""declining_cash_flow_trend"", ""rising_borrowings_trend"", ""margin_drop""], ""rule_flag_count"": 5, ""critical_rule_count"": 2, ""risk_band"": ""High"", ""top_reasons"": [""Debt-to-equity is above 2, indicating elevated leverage."", ""Operating cash flow is negative despite positive revenue."", ""Operating cash flow trend over the available years is negative.""], ""support_summary"": ""ML probability 0.752 against threshold 0.400. 5 rule-based red flag(s) were triggered. Key reasons: Debt-to-equity is above 2, indicating elevated leverage.; Operating cash flow is negative despite positive revenue.; Operating cash flow trend over the available years is negative."", ""framing_message"": ""This score estimates how closely the company's financial pattern resembles historical wilful defaulter cases in the training dataset."", ""imputed_feature_fraction"": 0.0}, {""financial_year"": 2013, ""ml_probability"": 0.7520550202359958, ""model_threshold"": 0.39999999999999986, ""ml_class"": 1, ""rule_flags_triggered"": [""excessive_leverage"", ""negative_operating_cash_flow"", ""declining_cash_flow_trend"", ""rising_borrowings_trend""], ""rule_flag_count"": 4, ""critical_rule_count"": 2, ""risk_band"": ""High"", ""top_reasons"": [""Debt-to-equity is above 2, indicating elevated leverage."", ""Operating cash flow is negative despite positive revenue."", ""Operating cash flow trend over the available years is negative.""], ""support_summary"": ""ML probability 0.752 against threshold 0.400. 4 rule-based red flag(s) were triggered. Key reasons: Debt-to-equity is above 2, indicating elevated leverage.; Operating cash flow is negative despite positive revenue.; Operating cash flow trend over the available years is negative."", ""framing_message"": ""This score estimates how closely the company's financial pattern resembles historical wilful defaulter cases in the training dataset."", ""imputed_feature_fraction"": 0.0}]"
Winsome Diamonds and Jewellery,L36910GJ1985PLC015915,3,2012,hist_gradient_boosting,tier1a_v1,0.7436898003517382,0.39999999999999986,1,High,negative_operating_cash_flow|declining_cash_flow_trend|rising_borrowings_trend,3,Operating cash flow is negative despite positive revenue. | Operating cash flow trend over the available years is negative. | Borrowings trend over the available years is increasing.,ML probability 0.744 against threshold 0.400. 3 rule-based red flag(s) were triggered. Key reasons: Operating cash flow is negative despite positive revenue.; Operating cash flow trend over the available years is negative.; Borrowings trend over the available years is increasing.,,"[{""financial_year"": 2010, ""ml_probability"": 0.7424101259250829, ""model_threshold"": 0.39999999999999986, ""ml_class"": 1, ""rule_flags_triggered"": [""declining_cash_flow_trend"", ""rising_borrowings_trend""], ""rule_flag_count"": 2, ""critical_rule_count"": 0, ""risk_band"": ""High"", ""top_reasons"": [""Operating cash flow trend over the available years is negative."", ""Borrowings trend over the available years is increasing.""], ""support_summary"": ""ML probability 0.742 against threshold 0.400. 2 rule-based red flag(s) were triggered. Key reasons: Operating cash flow trend over the available years is negative.; Borrowings trend over the available years is increasing."", ""framing_message"": ""This score estimates how closely the company's financial pattern resembles historical wilful defaulter cases in the training dataset."", ""imputed_feature_fraction"": 0.0}, {""financial_year"": 2011, ""ml_probability"": 0.7421969213730384, ""model_threshold"": 0.39999999999999986, ""ml_class"": 1, ""rule_flags_triggered"": [""declining_cash_flow_trend"", ""rising_borrowings_trend""], ""rule_flag_count"": 2, ""critical_rule_count"": 0, ""risk_band"": ""High"", ""top_reasons"": [""Operating cash flow trend over the available years is negative."", ""Borrowings trend over the available years is increasing.""], ""support_summary"": ""ML probability 0.742 against threshold 0.400. 2 rule-based red flag(s) were triggered. Key reasons: Operating cash flow trend over the available years is negative.; Borrowings trend over the available years is increasing."", ""framing_message"": ""This score estimates how closely the company's financial pattern resembles historical wilful defaulter cases in the training dataset."", ""imputed_feature_fraction"": 0.0}, {""financial_year"": 2012, ""ml_probability"": 0.7436898003517382, ""model_threshold"": 0.39999999999999986, ""ml_class"": 1, ""rule_flags_triggered"": [""negative_operating_cash_flow"", ""declining_cash_flow_trend"", ""rising_borrowings_trend""], ""rule_flag_count"": 3, ""critical_rule_count"": 1, ""risk_band"": ""High"", ""top_reasons"": [""Operating cash flow is negative despite positive revenue."", ""Operating cash flow trend over the available years is negative."", ""Borrowings trend over the available years is increasing.""], ""support_summary"": ""ML probability 0.744 against threshold 0.400. 3 rule-based red flag(s) were triggered. Key reasons: Operating cash flow is negative despite positive revenue.; Operating cash flow trend over the available years is negative.; Borrowings trend over the available years is increasing."", ""framing_message"": ""This score estimates how closely the company's financial pattern resembles historical wilful defaulter cases in the training dataset."", ""imputed_feature_fraction"": 0.0}]"
Moser Baer India,L51909DL1983PLC015418,3,2016,hist_gradient_boosting,tier1a_v1,0.7521850078478715,0.39999999999999986,1,High,weak_interest_coverage|negative_profit_margin|declining_revenue_trend|declining_cash_flow_trend|rising_borrowings_trend|margin_drop,6,"Interest coverage is below 1, suggesting operating earnings may not comfortably cover finance costs. | Net profit margin is negative. | Revenue trend over the available years is negative.","ML probability 0.752 against threshold 0.400. 6 rule-based red flag(s) were triggered. Key reasons: Interest coverage is below 1, suggesting operating earnings may not comfortably cover finance costs.; Net profit margin is negative.; Revenue trend over the available years is negative.",,"[{""financial_year"": 2013, ""ml_probability"": 0.7521486953250259, ""model_threshold"": 0.39999999999999986, ""ml_class"": 1, ""rule_flags_triggered"": [""weak_interest_coverage"", ""negative_profit_margin"", ""declining_revenue_trend"", ""declining_cash_flow_trend"", ""rising_borrowings_trend""], ""rule_flag_count"": 5, ""critical_rule_count"": 2, ""risk_band"": ""High"", ""top_reasons"": [""Interest coverage is below 1, suggesting operating earnings may not comfortably cover finance costs."", ""Net profit margin is negative."", ""Revenue trend over the available years is negative.""], ""support_summary"": ""ML probability 0.752 against threshold 0.400. 5 rule-based red flag(s) were triggered. Key reasons: Interest coverage is below 1, suggesting operating earnings may not comfortably cover finance costs.; Net profit margin is negative.; Revenue trend over the available years is negative."", ""framing_message"": ""This score estimates how closely the company's financial pattern resembles historical wilful defaulter cases in the training dataset."", ""imputed_feature_fraction"": 0.0}, {""financial_year"": 2015, ""ml_probability"": 0.752169966094224, ""model_threshold"": 0.39999999999999986, ""ml_class"": 1, ""rule_flags_triggered"": [""weak_interest_coverage"", ""negative_profit_margin"", ""declining_revenue_trend"", ""declining_cash_flow_trend"", ""rising_borrowings_trend"", ""margin_drop""], ""rule_flag_count"": 6, ""critical_rule_count"": 2, ""risk_band"": ""High"", ""top_reasons"": [""Interest coverage is below 1, suggesting operating earnings may not comfortably cover finance costs."", ""Net profit margin is negative."", ""Revenue trend over the available years is negative.""], ""support_summary"": ""ML probability 0.752 against threshold 0.400. 6 rule-based red flag(s) were triggered. Key reasons: Interest coverage is below 1, suggesting operating earnings may not comfortably cover finance costs.; Net profit margin is negative.; Revenue trend over the available years is negative."", ""framing_message"": ""This score estimates how closely the company's financial pattern resembles historical wilful defaulter cases in the training dataset."", ""imputed_feature_fraction"": 0.0}, {""financial_year"": 2016, ""ml_probability"": 0.7521850078478715, ""model_threshold"": 0.39999999999999986, ""ml_class"": 1, ""rule_flags_triggered"": [""weak_interest_coverage"", ""negative_profit_margin"", ""declining_revenue_trend"", ""declining_cash_flow_trend"", ""rising_borrowings_trend"", ""margin_drop""], ""rule_flag_count"": 6, ""critical_rule_count"": 2, ""risk_band"": ""High"", ""top_reasons"": [""Interest coverage is below 1, suggesting operating earnings may not comfortably cover finance costs."", ""Net profit margin is negative."", ""Revenue trend over the available years is negative.""], ""support_summary"": ""ML probability 0.752 against threshold 0.400. 6 rule-based red flag(s) were triggered. Key reasons: Interest coverage is below 1, suggesting operating earnings may not comfortably cover finance costs.; Net profit margin is negative.; Revenue trend over the available years is negative."", ""framing_message"": ""This score estimates how closely the company's financial pattern resembles historical wilful defaulter cases in the training dataset."", ""imputed_feature_fraction"": 0.0}]"
S Kumars Nationwide,L17120MH1990PLC058361,3,2013,hist_gradient_boosting,tier1a_v1,0.5778122236055117,0.39999999999999986,1,High,weak_interest_coverage|excessive_leverage|negative_profit_margin|rising_borrowings_trend|leverage_spike|margin_drop,6,"Interest coverage is below 1, suggesting operating earnings may not comfortably cover finance costs. | Debt-to-equity is above 2, indicating elevated leverage. | Net profit margin is negative.","ML probability 0.578 against threshold 0.400. 6 rule-based red flag(s) were triggered. Key reasons: Interest coverage is below 1, suggesting operating earnings may not comfortably cover finance costs.; Debt-to-equity is above 2, indicating elevated leverage.; Net profit margin is negative.",,"[{""financial_year"": 2011, ""ml_probability"": 0.4409753987057956, ""model_threshold"": 0.39999999999999986, ""ml_class"": 1, ""rule_flags_triggered"": [""negative_operating_cash_flow"", ""rising_borrowings_trend""], ""rule_flag_count"": 2, ""critical_rule_count"": 1, ""risk_band"": ""High"", ""top_reasons"": [""Operating cash flow is negative despite positive revenue."", ""Borrowings trend over the available years is increasing.""], ""support_summary"": ""ML probability 0.441 against threshold 0.400. 2 rule-based red flag(s) were triggered. Key reasons: Operating cash flow is negative despite positive revenue.; Borrowings trend over the available years is increasing."", ""framing_message"": ""This score estimates how closely the company's financial pattern resembles historical wilful defaulter cases in the training dataset."", ""imputed_feature_fraction"": 0.0}, {""financial_year"": 2012, ""ml_probability"": 0.3497023312296838, ""model_threshold"": 0.39999999999999986, ""ml_class"": 0, ""rule_flags_triggered"": [""rising_borrowings_trend""], ""rule_flag_count"": 1, ""critical_rule_count"": 0, ""risk_band"": ""Medium"", ""top_reasons"": [""Borrowings trend over the available years is increasing.""], ""support_summary"": ""ML probability 0.350 against threshold 0.400. 1 rule-based red flag(s) were triggered. Key reasons: Borrowings trend over the available years is increasing."", ""framing_message"": ""This score estimates how closely the company's financial pattern resembles historical wilful defaulter cases in the training dataset."", ""imputed_feature_fraction"": 0.0}, {""financial_year"": 2013, ""ml_probability"": 0.5778122236055117, ""model_threshold"": 0.39999999999999986, ""ml_class"": 1, ""rule_flags_triggered"": [""weak_interest_coverage"", ""excessive_leverage"", ""negative_profit_margin"", ""rising_borrowings_trend"", ""leverage_spike"", ""margin_drop""], ""rule_flag_count"": 6, ""critical_rule_count"": 3, ""risk_band"": ""High"", ""top_reasons"": [""Interest coverage is below 1, suggesting operating earnings may not comfortably cover finance costs."", ""Debt-to-equity is above 2, indicating elevated leverage."", ""Net profit margin is negative.""], ""support_summary"": ""ML probability 0.578 against threshold 0.400. 6 rule-based red flag(s) were triggered. Key reasons: Interest coverage is below 1, suggesting operating earnings may not comfortably cover finance costs.; Debt-to-equity is above 2, indicating elevated leverage.; Net profit margin is negative."", ""framing_message"": ""This score estimates how closely the company's financial pattern resembles historical wilful defaulter cases in the training dataset."", ""imputed_feature_fraction"": 0.0}]"
