company_name,cin,financial_year,cohort,sector,target_wilful_default,debt_to_equity,debt_to_assets,ebitda_margin,pat_margin,roa,roe,ebitda_to_interest,cfo_to_assets,cfo_to_debt,cfo_to_ebitda,retained_earnings_to_assets,net_cash_change_to_assets,log_total_assets,log_revenue,revenue_growth_yoy,debt_growth_yoy,cfo_growth_yoy,asset_growth_yoy
ABB India Limited,L32202KA1949PLC032923,2015,non_defaulter,Engineering / Manufacturing,0,0.1994680851063829,0.0809825887434201,0.0910766961651917,0.0368731563421828,0.04049129437171,0.0997340425531914,6.990566037735849,0.0515589148333108,0.6366666666666667,0.5155195681511471,0.4003239303549736,0.0468349304899446,8.910450756416656,9.004053937728395,,,,
ABB India Limited,L32202KA1949PLC032923,2016,non_defaulter,Engineering / Manufacturing,0,0.1825928180158247,0.0776096235933255,0.0962740106456838,0.0432770192085165,0.0483766653731729,0.1138161898965307,7.703703703703703,0.1116285086017332,1.4383333333333332,1.0372596153846154,0.4196093648945803,0.0795498641831587,8.952993499320474,9.064389316491878,0.0621927236971484,0.0,1.2591623036649215,0.0434606559589688
ABB India Limited,L32202KA1949PLC032923,2017,non_defaulter,Engineering / Manufacturing,0,0.1685611311339063,0.0684068406840684,0.1133902198884148,0.0689202494256645,0.0472547254725472,0.1164402550596063,11.14516129032258,0.0891089108910891,1.3026315789473684,1.14616497829233,0.4011026102610261,0.0339783978397839,9.092457331319466,8.715059959545654,-0.2948391576024068,0.0133333333333333,-0.082271147161066,0.1496572241624628
ABG Shipyard Ltd,L61200GJ1985PLC007730,2014,defaulter,Shipbuilding,1,3.560630725991897,0.4001964252894688,0.0030908113039275,-0.1356825314697693,-0.016352364323785,-0.1454903821586305,0.0074557009836927,-0.019074749914669,-0.0476634690099292,-51.20704845814978,0.1048536902355134,0.0128816919158768,9.408194012352874,7.292248676682692,,,,
ABG Shipyard Ltd,L61200GJ1985PLC007730,2015,defaulter,Shipbuilding,1,8.241900109660053,0.5353443537988715,-0.7324553444118942,-2.327275555440334,-0.0726612538335954,-1.1186571627953346,-0.3510648872983921,-0.071702905559796,-0.133937913141295,3.1354546419849223,0.0366689627094059,-0.0116685377661257,9.421782932926712,5.9551376428479665,-0.7373967743911987,0.3560060112392954,-2.8104783207157604,0.0136816695985506
ABG Shipyard Ltd,L61200GJ1985PLC007730,2016,defaulter,Shipbuilding,1,,0.7870963961324348,-81.48814749780509,-108.41995902838748,-0.3339908494669701,,-3.248573728605929,-0.061378890666907,-0.0779814149429539,0.2445114834168328,-0.2926917442358403,0.0017435596925781,9.314001945248354,3.5313480661272005,-0.9114147201410312,0.320036710231087,0.231447407039487,-0.1021757905361489
Alok Industries Ltd,L17110DN1986PLC000334,2013,defaulter,Textiles,1,2.6976918783362027,0.5550037219454069,0.2521032747172748,0.0461979892307113,0.0372057065247057,0.1808447913964293,2.2211787708014477,,,,0.1500499965833309,,10.115840696231476,9.899366572951823,,,,
Alok Industries Ltd,L17110DN1986PLC000334,2015,defaulter,Textiles,1,2.4497841508765066,0.4520097818103026,0.2381490525387334,0.0157590896274499,0.0118818060781318,0.0643965272110225,1.621086012377121,0.1149478544202798,0.2543039089992983,0.6401778988731427,0.1375861768220972,-0.0216677046269407,10.287130956383375,10.004721967536176,0.1111054210440436,-0.0334098780578427,,0.1868351899930817
Alok Industries Ltd,L17110DN1986PLC000334,2016,defaulter,Textiles,1,3.1262830482115085,0.6148904930869937,-0.2246148608392203,-0.3579879138650098,-0.128655328520739,-0.6541213063763608,-0.9756007393715342,-0.0770219013826012,-0.1252611680429808,0.9541492989768852,0.1551449895999021,-0.0022941392389575,10.39488567863602,9.371523409567573,-0.4691090032317069,0.5151206812993165,-1.7462951985773565,0.1137745277735003
Asian Star Company Ltd,L36910MH1995PLC086017,2015,defaulter,Gems & Jewellery,1,1.6746506986027945,0.505421686746988,0.0439753737906772,0.0189094107299912,0.0259036144578313,0.0858283433133732,4.166666666666667,0.0132530120481927,0.0262216924910607,0.22,0.2921686746987952,-0.0012048192771084,7.414572881350589,7.729295674310482,,,,
Asian Star Company Ltd,L36910MH1995PLC086017,2016,defaulter,Gems & Jewellery,1,1.350328947368421,0.4670079635949943,0.0383480825958702,0.0168563000421407,0.0227531285551763,0.0657894736842105,4.333333333333333,0.0329920364050056,0.0706455542021924,0.6373626373626373,0.3367463026166097,0.0062571103526734,7.471932078245122,7.771910256435763,0.0435356200527704,-0.0214541120381406,1.6363636363636365,0.0590361445783132
Asian Star Company Ltd,L36910MH1995PLC086017,2017,defaulter,Gems & Jewellery,1,1.2021604938271604,0.4386261261261261,0.0407860585836114,0.0163144234334445,0.0247747747747747,0.0679012345679012,4.074074074074074,0.0726351351351351,0.165596919127086,1.1727272727272726,0.3558558558558558,0.0118243243243243,7.4821189235521155,7.89989532313973,0.13653603034134,-0.05115712545676,1.2241379310344829,0.0102389078498293
Bajaj Finance Limited,L65910MH1987PLC042961,2021,non_defaulter,NBFC / Leasing,0,2.778507429461851,0.7220936623181279,0.5614564303012278,0.1680757955559332,0.0286077926585866,0.1100784684734821,1.7503311258278145,0.0317173353388678,0.0439241292286738,0.3318955732122588,0.2590176737728153,0.0050403517398976,11.837064820432346,10.066328930041957,,,,
Bajaj Finance Limited,L65910MH1987PLC042961,2022,non_defaulter,NBFC / Leasing,0,2.9256229788852957,0.7323068499020933,0.5962614810562572,0.2278272101033295,0.0377937946755387,0.1509891573140574,2.164495962490232,-0.1419856324062446,-0.1938881664499349,-1.4354654311330406,0.2495878393257825,0.0089336198122809,12.031820443742175,10.23537787965223,0.1841781025619237,0.2321990105554109,-6.439124487004104,0.2150140290995343
Bajaj Finance Limited,L65910MH1987PLC042961,2023,non_defaulter,NBFC / Leasing,0,3.1399413512516263,0.7467267059231035,0.6655643986100213,0.2883645331240892,0.0475233806719778,0.1998329870079428,2.5201612903225805,-0.1260916753261748,-0.1688592015338466,-1.149557894736842,0.2372566678212677,-0.0077681561020667,12.285461293199246,10.482457688033676,0.2802812858783008,0.3140848504551365,-0.1444500335345405,0.2887088806489819
Bharat Heavy Electricals Limited,L74899DL1964GOI004281,2015,non_defaulter,Engineering / Manufacturing,0,0.0034619334017896,0.0017200163255786,0.1077253638050591,0.0461959175700752,0.0206839251355606,0.0416312160774534,35.96739130434783,0.0112967173925718,6.567796610169491,0.2342097310365669,0.4896944784560667,-0.0300274036499329,11.136106121051972,10.332571526242926,,,,
Bharat Heavy Electricals Limited,L74899DL1964GOI004281,2016,non_defaulter,Engineering / Manufacturing,0,0.0062768006960412,0.0030877879515125,0.005143911728904,-0.0278792162406251,-0.0108531160671976,-0.0220620222484618,0.3649025069637883,0.0053042694018557,1.7178217821782178,2.648854961832061,0.484446414650178,0.0041883856372002,11.08856801513024,10.145138775406078,-0.1709151284305108,0.711864406779661,-0.552258064516129,-0.0464258643810856
Bharat Heavy Electricals Limited,L74899DL1964GOI004281,2017,non_defaulter,Engineering / Manufacturing,0,0.004644681839294,0.0024358557973367,0.0664322138209952,0.0174432917179532,0.0080545631698603,0.0153584146152655,4.584951456310679,0.0091263397206885,3.7466666666666666,0.297511911064055,0.5164826242286457,-0.0076973043195842,11.028092421478492,10.2553760597409,0.1165429771861624,-0.2574257425742574,0.6195965417867435,-0.0586832571577064
Bhushan Steel Limited,L27109DL1990PLC040690,2014,defaulter,Steel & Metals,1,3.478501889517575,0.6235550052741108,0.2813805120594306,0.0064035850154457,0.0012134567575793,0.0067692690915566,1.6368604581254134,0.0452668723563348,0.0725948344147054,0.8489563246761356,0.1763409617643614,-0.001384037912494,10.84077118344408,9.177386302332089,,,,
Bhushan Steel Limited,L27109DL1990PLC040690,2015,defaulter,Steel & Metals,1,4.889147612418898,0.7282380652126579,0.2045394555771917,-0.1177772955831283,-0.023698521495621,-0.1591039734435453,0.8730769076554812,0.041076013390913,0.056404650282759,0.9980482025093228,0.145632416715053,7.333551071756907e-05,10.876300762752775,9.27291790914088,0.1002435966733603,0.2101213033752752,-0.0597613526235636,0.0361682968166931
Bhushan Steel Limited,L27109DL1990PLC040690,2016,defaulter,Steel & Metals,1,8.964474837136652,0.7820580711703637,0.1786212056126473,-0.2405709574899831,-0.0524265007553676,-0.6009477609729048,0.46007463500862,-0.0049904854330928,-0.0063812210589738,-0.1282041552034911,0.0830520322915501,0.0014121367689911,10.899680551453264,9.376077666975329,0.1086685134095512,0.0993078768427224,-1.1243678763867608,0.0236552384235738
Blue Dart Express Limited,L66000MH1991PLC062329,2018,non_defaulter,Logistics,0,0.2673107890499195,0.1353996737357259,0.1013973486205661,0.0508778215693299,0.1158238172920065,0.2286634460547504,10.884615384615383,0.1712887438825448,1.2650602409638554,0.7420494699646644,0.4869494290375203,-0.0244698205546492,7.111512116496157,7.934155233536322,,,,
Blue Dart Express Limited,L66000MH1991PLC062329,2019,non_defaulter,Logistics,0,0.2195488721804511,0.1065693430656934,0.060347551342812,0.0278041074249605,0.0642335766423357,0.1323308270676691,12.733333333333333,0.1145985401459854,1.0753424657534247,0.8219895287958116,0.4678832116788321,0.0291970802919708,7.222566018822171,8.059908334578276,0.1340021497671085,-0.1204819277108433,-0.2523809523809524,0.1174551386623164
Blue Dart Express Limited,L66000MH1991PLC062329,2020,non_defaulter,Logistics,0,0.1284246575342466,0.0480461242793081,0.0435881238155401,-0.0120025268477574,-0.0243433696348494,-0.0650684931506849,4.3125,0.0602178090967328,1.2533333333333334,0.6811594202898551,0.358744394618834,-0.1076233183856502,7.353081920515432,8.060224240440958,0.0003159557661927,-0.4863013698630137,-0.4012738853503185,0.1394160583941605
Britannia Industries Limited,L15412WB1918PLC002964,2016,non_defaulter,FMCG / Foods,0,0.0004960317460317,0.0003225806451612,0.1601138127263321,0.0986808070356958,0.2461290322580645,0.3784722222222222,1238.0,0.2832258064516129,878.0,0.7092084006462036,0.6425806451612903,-0.0029032258064516,8.039157390473237,8.953122840328222,,,,
Britannia Industries Limited,L15412WB1918PLC002964,2017,non_defaulter,FMCG / Foods,0,0.0003872966692486,0.0002705627705627,0.1602091751842168,0.1003090087948657,0.2283549783549783,0.3268783888458559,1348.0,0.1087662337662337,402.0,0.2982195845697329,0.6920995670995671,0.0008116883116883,8.215006432761575,9.037652264150466,0.0882048629073978,0.0,-0.5421412300683371,0.192258064516129
Britannia Industries Limited,L15412WB1918PLC002964,2018,non_defaulter,FMCG / Foods,0,0.0030911901081916,0.0021612275772638,0.1683147033533963,0.1018916595012897,0.2048843743246163,0.2930448222565688,1566.0,0.2556732223903177,118.3,0.7554278416347382,0.6939701750594338,0.0121028744326777,8.439663988907,9.1381996941985,0.1057760874732588,9.0,1.9427860696517416,0.2518939393939394
C Mahendra Exports Limited,L27205MH2007PLC166717,2013,defaulter,Gems & Jewellery,1,1.7442484537094611,0.499105713135248,0.0588224150342893,0.0147624370098132,0.0145941997771306,0.0510030434924894,1.4340145479736752,0.0095468634409911,0.0191279386104804,0.164170692431562,0.2506344286396538,0.0007304123083838,7.666587198520926,7.655125458152122,,,,
C Mahendra Exports Limited,L27205MH2007PLC166717,2014,defaulter,Gems & Jewellery,1,1.794110485219396,0.4718376303734348,0.0484998493179785,0.0029247133336297,0.0025274195132155,0.0096102336001038,1.219654615480184,0.0062630480167014,0.0132737357377464,0.1494346541713354,0.2306142227117674,-0.0007599335698519,7.758892900897696,7.612895257593758,-0.0413509263819952,0.0367830540910711,-0.2805296714075527,0.0967000346477632
C Mahendra Exports Limited,L27205MH2007PLC166717,2015,defaulter,Gems & Jewellery,1,2.367983579238304,0.5715694257767663,-0.0892872444345426,-0.2295590478312282,-0.0657075022809995,-0.2722228996463846,-0.7113599126160569,-0.0129943391968919,-0.0227344896540478,0.5084452975047984,0.2055303201247927,-8.339138027450481e-05,7.620008766031817,6.36906158954034,-0.7117230612658278,0.0542893077208443,-2.805725971370143,-0.1296711366130017
Carborundum Universal Limited,L99999TN1954PLC000759,2015,non_defaulter,Engineering / Manufacturing,0,0.0976744186046511,0.0732984293193717,0.2299741602067183,0.1274763135228251,0.1291448516579406,0.1720930232558139,29.666666666666668,0.0924956369982548,1.261904761904762,0.3970037453183521,0.7338568935427574,-0.0043630017452006,7.044032897274685,7.057036981697891,,,,
Carborundum Universal Limited,L99999TN1954PLC000759,2016,non_defaulter,Engineering / Manufacturing,0,0.113660062565172,0.0858267716535433,0.1842105263157894,0.0897832817337461,0.0913385826771653,0.1209593326381647,26.444444444444443,0.0881889763779527,1.0275229357798166,0.4705882352941176,0.7401574803149606,0.0023622047244094,7.146772179452637,7.163946684342547,0.1128337639965546,0.2976190476190476,0.0566037735849056,0.1082024432809773
Carborundum Universal Limited,L99999TN1954PLC000759,2017,non_defaulter,Engineering / Manufacturing,0,0.0028436018957345,0.0023130300693909,0.1756756756756756,0.0867709815078236,0.0940632228218966,0.1156398104265402,27.444444444444443,0.1364687740940632,59.0,0.7165991902834008,0.7987663839629915,-0.0015420200462606,7.167809184316444,7.248504072370611,0.088235294117647,-0.9724770642201837,0.5803571428571429,0.021259842519685
Coal India Limited,L23109WB1973GOI028844,2015,non_defaulter,Mining,0,0.0,0.0,35.92506459948321,34.58139534883721,0.6041713692384091,0.7997490139835066,56.97950819672131,0.5690488014085143,,0.9066388549233978,0.4703173671617534,-0.0035664304094623,10.00563792118106,5.958424693029782,,,,
Coal India Limited,L23109WB1973GOI028844,2016,non_defaulter,Mining,0,0.0,0.0,81.66666666666667,81.33823529411765,0.7760991580916745,1.034153942038018,,-0.036623012160898,,-0.0469987995198079,0.4550514499532273,0.0082787652011225,9.970211184579036,5.318119993844216,-0.4728682170542636,,-1.0621182070606905,-0.0348065550088032
Coal India Limited,L23109WB1973GOI028844,2017,non_defaulter,Mining,0,0.0,0.0,49.62758620689655,49.99655172413793,0.7677115323520067,1.0418193576201769,,-0.0393942602986339,,-0.0516953863257365,0.4082389071269723,0.0237742242931271,9.846176185823014,5.66988092298052,0.4215686274509804,,0.0498084291187739,-0.1166510757717493
Cochin Shipyard Limited,L63032KL1972GOI002414,2014,non_defaulter,Shipbuilding,0,0.2243116185359301,0.1118178774690324,0.2658509454949944,0.1568409343715239,0.0944091061265483,0.1893888515782404,23.9,-0.1955138935386675,-1.748502994011976,-1.2217573221757323,0.4606628724472715,-0.099765651155005,8.00202481821611,7.494430215031565,,,,
Cochin Shipyard Limited,L63032KL1972GOI002414,2015,non_defaulter,Shipbuilding,0,0.0791505791505791,0.0425458318920788,0.1054958938723941,0.0435881238155401,0.0238671739882393,0.0444015444015444,8.789473684210526,0.2293324109304738,5.390243902439025,3.970059880239521,0.49844344517468,0.1535800760982359,7.969357742016346,7.367077059881012,-0.1195773081201334,-0.6317365269461078,2.13527397260274,-0.0321392701707398
Cochin Shipyard Limited,L63032KL1972GOI002414,2016,non_defaulter,Shipbuilding,0,0.0674342105263157,0.036727381307853,0.2507537688442211,0.1467336683417085,0.0871902060316512,0.1600877192982456,41.583333333333336,0.0119438638399522,0.3252032520325203,0.0801603206412825,0.5108987757539564,0.0164228127799343,8.116417072794205,7.595889917718538,0.2571067593177511,0.0,-0.9396681749622926,0.1584226911103424
Cox & Kings Limited,L63040MH1939PLC011352,2016,defaulter,Travel / Aviation / Hospitality,1,0.4867536575721629,0.2952038369304556,0.1204353932584269,0.0579353932584269,0.039568345323741,0.0652431791221826,5.813559322033898,0.0606714628297362,0.2055239642567018,0.7376093294460642,0.5860911270983213,0.0237410071942446,8.335671314792847,7.954372272531867,,,,
Cox & Kings Limited,L63040MH1939PLC011352,2017,defaulter,Travel / Aviation / Hospitality,1,0.4492296918767507,0.2848579040852576,0.1190247032402951,0.0580686557587423,0.0401865008880994,0.063375350140056,5.3768115942028984,-0.0297513321492007,-0.1044427123928293,-0.3611859838274933,0.6145648312611013,-0.008436944937833,8.412721169819527,8.044626279767337,0.0944522471910112,0.0422420796100731,-1.5296442687747036,0.0800959232613908
Cox & Kings Limited,L63040MH1939PLC011352,2018,defaulter,Travel / Aviation / Hospitality,1,0.660797342192691,0.3660960795140806,0.1608844834159359,0.0670987418985894,0.0323946254371433,0.0584717607973421,3.8018018018018016,-0.1172464568378428,-0.3202614379084967,-1.509478672985782,0.5378244064053009,0.0139885882569482,8.600246746551523,7.872073979866873,-0.1584857234520372,0.5502727981293842,-3.753731343283582,0.2062611012433392
DLF Limited,L70101DL1963PLC004462,2016,non_defaulter,Real Estate,0,0.6644708882277943,0.3170863613317559,0.8862506902263942,0.413307564881281,0.0505999661990873,0.1060348491287717,2.3176895306859207,0.02869697481832,0.0905020786696514,0.2644859813084112,0.4651343586276829,0.0010140273787392,10.295022755110796,8.19478163844336,,,,
DLF Limited,L70101DL1963PLC004462,2017,non_defaulter,Real Estate,0,0.6177230685527747,0.3167015341701534,0.5981636510937078,0.1612206319200648,0.0208158995815899,0.04060119695321,1.7920711974110033,-0.0242677824267782,-0.0766266651987229,-0.3142212189616253,0.5002440725244073,-0.0045327754532775,10.263955294713556,8.216898580913613,0.022363335173937,-0.0317663362114913,-1.8197879858657244,-0.0305898259252999
DLF Limited,L70101DL1963PLC004462,2018,non_defaulter,Real Estate,0,0.243524642628547,0.1732175918900051,0.556282722513089,0.1194371727748691,0.0110783986402403,0.0155749946660977,1.66177908113392,0.000940905089993,0.0054319257052742,0.018235294117647,0.7004583118341579,0.0025191974990135,10.40265548874465,8.024862150286411,-0.1747231974075074,-0.3716833645271386,1.0445402298850577,0.1487796373779637
Dabur India Limited,L24230UP1975PLC003919,2016,non_defaulter,FMCG / Foods,0,0.0281189398836457,0.0196388261851015,0.2419475655430711,0.1754681647940074,0.2115124153498871,0.3028442146089204,129.2,0.2167042889390519,11.03448275862069,0.7430340557275542,0.6586907449209932,0.0024830699774266,8.39615486303918,8.582980931954241,,,,
Dabur India Limited,L24230UP1975PLC003919,2017,non_defaulter,FMCG / Foods,0,0.0776380535811919,0.0544374161395438,0.2617652617652617,0.1886221886221886,0.1912976806593828,0.2728266812465828,86.5625,0.1776883266244968,3.2640845070422535,0.6693140794223826,0.6674333908376462,-0.0049837071113666,8.559677803022392,8.57376254290413,-0.0091760299625468,2.264367816091954,-0.034375,0.1776523702031602
Dabur India Limited,L24230UP1975PLC003919,2018,non_defaulter,FMCG / Foods,0,0.0678968535604447,0.0493720970239119,0.2677038626609442,0.1917024320457797,0.1844142439360055,0.2536077596404069,68.04545454545455,0.1403750215035265,2.843205574912892,0.5450901803607214,0.6968862893514537,0.0101496645449853,8.66785206770135,8.629092283913646,0.0568890568890568,0.0105633802816901,-0.1197411003236245,0.114241901475944
Deccan Chronicle Holdings,L22122TG2002PLC040110,2010,defaulter,Media,1,0.2721123043537015,0.1667340447812808,0.5380280112044817,0.2923473389355742,0.1270864891456292,0.2074069363518573,10.841950778956877,0.1946578084740561,1.167474877307782,0.8322747245881837,0.5891461163417092,0.112985792147446,7.6271012543435,6.794026513653794,,,,
Deccan Chronicle Holdings,L22122TG2002PLC040110,2011,defaulter,Media,1,0.5573374787132657,0.3230417459023816,0.3559559908211769,0.1665505654810687,0.0736122430498958,0.1270017341853234,5.888324012879174,0.0635289323553382,0.1966585841030456,0.4038046450053242,0.5575704065924115,0.0507787738839083,7.700114109613031,6.883626507403542,0.0937366946778711,1.0842194437952797,-0.648917803077693,0.0757443658095844
Deccan Chronicle Holdings,L22122TG2002PLC040110,2012,defaulter,Media,1,389.9000999000999,0.9253950753399486,-0.3921738245471198,-1.3235294117647058,-0.246683501084753,-103.93606393606396,-0.4200686760778329,0.0214626975376699,0.0231930103256552,-0.2936291682885688,-0.0075351803772332,-0.1631089139429289,8.347009669714401,6.667058568420338,-0.1947221766923454,4.470307090697577,-0.3548571021309957,0.9096033686498236
Dilip Buildcon Limited,L45201MP1987PLC003821,2014,non_defaulter,Infrastructure,0,1.822443181818182,0.4606822262118492,0.2059585492227979,0.0837651122625215,0.0696588868940754,0.2755681818181818,3.07741935483871,0.0201077199281867,0.0436477007014809,0.1174004192872117,0.2402154398563734,0.0053859964093357,7.932003152361385,7.747596838692885,,,,
Dilip Buildcon Limited,L45201MP1987PLC003821,2015,non_defaulter,Infrastructure,0,2.7697594501718212,0.5308452250274424,0.2179878048780487,0.055640243902439,0.03205268935236,0.1672394043528064,2.2084942084942085,0.0482985729967069,0.0909842845326716,0.3846153846153846,0.1659714599341383,0.0366630076838638,8.423980809694058,7.8724551500639794,0.1329879101899827,0.8846453624318005,2.9285714285714284,0.6355475763016158
Dilip Buildcon Limited,L45201MP1987PLC003821,2016,non_defaulter,Infrastructure,0,2.364406779661017,0.4752081756245269,0.2038567493112947,0.0553468569997495,0.0418243754731264,0.2080979284369115,2.136482939632546,0.0808099924299772,0.1700517722023098,0.5245700245700246,0.1788417865253595,-0.024224072672218,8.572438665642215,8.292298107063221,0.5217225609756098,0.0384615384615384,0.9409090909090908,0.1600439077936333
Dr Reddy's Laboratories Limited,L85195TG1984PLC004507,2015,non_defaulter,Pharma,0,0.293962760955426,0.1899611084103062,0.2611127759464589,0.1677155129357706,0.1020296548371414,0.1578897874741395,40.84375,0.1085318424890617,0.5713371721049264,0.6832440703902066,0.641042780748663,-0.0034030140982012,9.708445431332793,9.211439767419485,,,,
Dr Reddy's Laboratories Limited,L85195TG1984PLC004507,2016,non_defaulter,Pharma,0,0.2554230832919357,0.1754336081887972,0.2323163622230858,0.1335017489312087,0.0781347739550753,0.1137605563835072,37.359375,0.1562126812624396,0.8904376012965964,1.1488916771225428,0.6820017059994313,0.0076769974410008,9.774801544908083,9.239122173401634,0.0280691239636399,-0.0131158029430582,0.538073908174692,0.0686071949440933
Dr Reddy's Laboratories Limited,L85195TG1984PLC004507,2017,non_defaulter,Pharma,0,0.2029997414016033,0.1431872073934456,0.2403292181069959,0.1423868312757201,0.0841490849395026,0.1193000603396259,40.98245614035088,0.0617741837417158,0.4314225053078556,0.4349315068493151,0.7003100869459475,-0.008268985225269,9.707898368741269,9.181940897454483,-0.0555771472988729,-0.2366288492706645,-0.6301419730615216,-0.0647142450952516
Elder Pharmaceuticals Ltd,L24239MH1983PLC029714,2012,defaulter,Pharma,1,1.128816352492194,0.4554930760525917,0.2299810092516426,0.0853771237648396,0.0490392804227866,0.1215305886434601,2.5439227139968548,0.0113629735058389,0.0249465339941347,0.0860196061114545,0.3915151020217693,-0.0713627401798943,7.446783445880112,6.892326870824918,,,,
Elder Pharmaceuticals Ltd,L24239MH1983PLC029714,2013,defaulter,Pharma,1,1.249964645230963,0.4402892814607174,0.2394615197469791,0.07601978752737,0.0424502882399025,0.1205147654371777,2.140175400449373,-0.0121545310044696,-0.0276057844609466,-0.0908967759414792,0.3429262350389225,-0.0187933322162999,7.699946568638683,7.117286602876485,0.2522722887406187,0.2450984158694789,-2.37782340862423,0.2880933770430604
Elder Pharmaceuticals Ltd,L24239MH1983PLC029714,2014,defaulter,Pharma,1,0.6932790224032587,0.2813557395764993,-0.1509297371088175,0.0163815748650381,0.0040913951554161,0.010081466395112,-0.2805890948242713,0.5958300831193789,2.117710781433608,-15.80635877757983,0.3952070752207132,0.2327497584940359,7.568260459126154,6.180989265398516,-0.6079231205903819,-0.4398206241128916,43.97280178837556,-0.1233838866422429
Era Infra Engineering,L74899DL1990PLC041350,2015,defaulter,Infrastructure,1,7.902007083825266,0.746736583733125,0.1177856301531213,-0.3869257950530035,-0.0733013499944215,-0.7756788665879575,0.303951367781155,0.0276693071516233,0.0370536381293889,1.24,0.0871360035702331,0.0042396519022648,9.100860271357362,7.437206366871292,,,,
Era Infra Engineering,L74899DL1990PLC041350,2016,defaulter,Infrastructure,1,,0.8515579414167347,-0.3047068538398018,-1.0867052023121386,-0.1535768467732524,,-0.4913448735019973,0.0618508577430271,0.0726325887350966,-1.4363143631436317,-0.0618508577430271,-0.0026840938265841,9.055906318669118,7.099201743553092,-0.2868080094228504,0.090243538024802,1.1370967741935485,-0.0439584960392725
Era Infra Engineering,L74899DL1990PLC041350,2017,defaulter,Infrastructure,1,,0.955361534677816,-0.1684558216350123,-1.069364161849711,-0.1592474176094441,,-0.2274247491638795,0.0316035415641908,0.0330801905007079,-1.2598039215686274,-0.2241760944417117,-0.0013526807673389,9.003562174748238,7.099201743553092,0.0,0.0646841167603124,-0.5150943396226415,-0.0509977827050997
First Leasing Co of India,L65910TN1973PLC006423,2011,defaulter,NBFC / Leasing,1,3.801302931596091,0.7208153180975911,0.9310344827586208,0.3060344827586206,0.0438542310067943,0.2312703583061889,1.9636363636363636,-0.0938851142680667,-0.130248500428449,-0.7037037037037037,0.1754169240271772,0.0055589870290302,7.389563953677635,5.44673737166631,,,,
First Leasing Co of India,L65910TN1973PLC006423,2012,defaulter,NBFC / Leasing,1,3.886227544910179,0.7333333333333333,0.95260663507109,0.1516587677725118,0.0180790960451977,0.0958083832335329,1.34,-0.0813559322033898,-0.110939907550077,-0.7164179104477612,0.1757062146892655,-0.0062146892655367,7.478734825567875,5.351858133476067,-0.0905172413793103,0.1122536418166238,0.0526315789473684,0.0932674490426189
First Leasing Co of India,L65910TN1973PLC006423,2013,defaulter,NBFC / Leasing,1,3.8461538461538463,0.7345225603357818,0.9705882352941176,0.1470588235294117,0.0183630640083945,0.0961538461538461,1.2905027932960893,-0.1117523609653725,-0.1521428571428571,-0.922077922077922,0.1789087093389297,0.0110178384050367,7.552762084214147,5.472270673671475,0.1279620853080568,0.0785824345146379,-0.4791666666666667,0.0768361581920904
Gammon India Ltd,L74999DL1922PLC000997,2014,defaulter,Infrastructure,1,4.346086223947841,0.5233991777534672,0.2104117746155406,0.0233099431691208,0.0074769735681264,0.062085637888722,1.351851033751546,-0.0023191851642728,-0.0044310065106087,-0.0343621836244505,0.1173973074072767,0.0022596340473585,9.112489367007704,7.975437458930947,,,,
Gammon India Ltd,L74999DL1922PLC000997,2016,defaulter,Infrastructure,1,2.0449232557433503,0.4623410243084496,0.2587379000728018,0.0169398980774934,0.0098567380198272,0.0435961157300788,1.4932647324858728,0.0004049773977505,0.0008759278897136,0.0026899754450183,0.2189064629685921,0.0031064610074425,9.229956707411308,8.688440319128611,1.0401082296476347,-0.0065527485725122,1.196386115073704,0.124644898895437
Gammon India Ltd,L74999DL1922PLC000997,2017,defaulter,Infrastructure,1,4.88099381584263,0.5261129599265759,0.2723519002275217,-2.3312828291340133,-0.2780067629241692,-2.5791976133503214,0.3737136249759106,0.0210390919794533,0.0399896858317071,0.6477929042904291,0.095375988772005,-0.0115210884991768,8.694634525940238,6.568106000905103,-0.8800084935422114,-0.333762460233298,29.41646489104117,-0.41451937125543
Gitanjali Gems Limited,L36911MH1986PLC040689,2015,defaulter,Gems & Jewellery,1,1.7275313284928009,0.5337690839694657,0.0763880060296761,0.0026348399607148,0.0019995759117896,0.0064715813168261,1.0441707247207104,0.0266507633587786,0.0499293873683834,0.4597278612970482,0.2940564037319762,-0.0064016115351993,9.151863442217207,8.875976112010202,,,,
Gitanjali Gems Limited,L36911MH1986PLC040689,2016,defaulter,Gems & Jewellery,1,1.6566192170818506,0.5179844107288902,0.0486720889391594,0.0041727437790213,0.0041597353199175,0.0133036773428232,1.1288833275802554,0.0637591173868776,0.1230908036347232,1.3140694874441006,0.2991263257649518,0.002799429543208,9.285850360844996,9.282728008057154,0.5019314243084242,0.1095657770070969,1.7354099534550662,0.1433778625954198
Gitanjali Gems Limited,L36911MH1986PLC040689,2017,defaulter,Gems & Jewellery,1,1.5124580380455053,0.4046880949748805,0.0509671975590481,0.0037955922585971,0.0030493422264804,0.0113964364617106,1.1165867649213892,0.0421902445615457,0.1042537329005552,1.0303734813259335,0.2524013953888295,0.0019277186129638,9.474684214247526,9.255769656616602,-0.026598218537921,-0.0563450122804379,-0.2007562536358348,0.2078402572619186
Grasim Industries Limited,L17124MP1947PLC000410,2015,non_defaulter,Textiles,0,0.099704909237235,0.0776192133658197,0.1566666666666666,0.0841269841269841,0.0368952314653672,0.0473933649289099,25.307692307692307,0.0311869126348764,0.4017937219730941,0.4539007092198581,0.7720849286460146,0.0018795683954054,9.57254997141339,8.748304912379623,,,,
Grasim Industries Limited,L17124MP1947PLC000410,2016,non_defaulter,Textiles,0,0.1325787614447408,0.1033378287255563,0.2031441632288995,0.1082617906121083,0.054562823106316,0.0700021627856679,12.394557823129253,0.075354012137559,0.7292006525285482,0.7360043907793633,0.7742189256012587,-0.0010676556529557,9.786728991925932,9.101529466118004,0.4236507936507936,0.6493273542600897,1.9933035714285712,0.2388444135050469
Grasim Industries Limited,L17124MP1947PLC000410,2017,non_defaulter,Textiles,0,0.0431889593986815,0.0353130824643594,0.2541078677749855,0.150782911270056,0.0785854616895874,0.0961123775491343,45.327586206896555,0.1137977935620371,3.2225392296718973,0.8592620768352985,0.8129565261195909,0.0006045035514583,9.89600966268017,9.24435525056346,0.1535288214962649,-0.6188145731375748,0.6845637583892618,0.1154753877275792
HCC (Hindustan Construction Co Ltd),L26922MH1926PLC000407,2016,defaulter,Infrastructure,1,2.5848712374952867,0.4654954093076114,0.2682011967393033,0.0255527301458037,0.0094629978409665,0.0525475234567353,1.417394650211626,0.0370451000325552,0.0795820953157347,0.3729740599235873,0.1723032553271804,-0.0007599558207023,9.21171342890194,8.218358492309926,,,,
HCC (Hindustan Construction Co Ltd),L26922MH1926PLC000407,2017,defaulter,Infrastructure,1,1.479903196306292,0.3553121301537489,0.2675955919544559,0.0159840079207068,0.0053025799760442,0.0220856660644317,1.2877377422737808,0.0570761461552055,0.1606366383565566,0.6429454761162667,0.2310696734553257,0.0007122468979773,9.324024351301649,8.220629123903995,0.0022732114302356,-0.1459748785223165,0.7238516282078932,0.1188606854182353
HCC (Hindustan Construction Co Ltd),L26922MH1926PLC000407,2018,defaulter,Infrastructure,1,1.1932257994767457,0.2949458544854328,0.2229874861081348,0.0193190369635746,0.0069061474778264,0.0279393428326378,1.355940421534312,0.1173706578254677,0.3979396761830553,1.4724097085642769,0.2381378254320462,0.0039478970233105,9.326008283444768,8.297329256276882,0.0797182552921298,-0.1682479634053519,1.0604710076937514,0.0019859014385959
HT Media Limited,L22121DL2002PLC117874,2014,non_defaulter,Media,0,0.3196022727272727,0.1802162595114137,0.2127361791462561,0.1091672498250524,0.0624749699639567,0.1107954545454545,5.428571428571429,0.0732879455346415,0.4066666666666667,0.6019736842105263,0.5454545454545454,-0.0100120144173007,7.822845290279774,7.264730177929867,,,,
HT Media Limited,L22121DL2002PLC117874,2015,non_defaulter,Media,0,0.1805463024650233,0.1077534791252485,0.160553633217993,0.0788927335640138,0.0453280318091451,0.0759493670886076,6.444444444444445,0.1157057654075546,1.0738007380073802,1.2543103448275863,0.5785288270377733,0.0174950298210735,7.83002808253384,7.275864600546533,0.0111966410076976,-0.3977777777777778,0.5901639344262295,0.0072086503804565
HT Media Limited,L22121DL2002PLC117874,2016,non_defaulter,Media,0,0.5716957605985037,0.2837252475247525,0.1854569713142094,0.0620413609072715,0.0287747524752475,0.0579800498753117,5.450980392156863,0.0426980198019802,0.1504907306434024,0.4964028776978417,0.4820544554455445,-0.0145420792079207,8.080856419640986,7.312553498102598,0.0373702422145328,2.3837638376383765,-0.5257731958762887,0.2850894632206759
Hanung Toys and Textiles,L74999DL1990PLC041722,2015,defaulter,Textiles,1,,1.6398467432950192,-7.346456692913386,-9.976377952755906,-0.8090676883780332,,-3.4301470588235294,-0.0063856960408684,-0.0038940809968847,0.0107181136120042,-0.6781609195402298,0.0031928480204342,7.356279876550748,4.844187086458591,,,,
Hanung Toys and Textiles,L74999DL1990PLC041722,2016,defaulter,Textiles,1,,2.8115384615384613,-6.741935483870968,-11.75268817204301,-1.4012820512820512,,-2.2553956834532376,-0.023076923076923,-0.0082079343365253,0.0287081339712918,-2.764102564102564,-0.0115384615384615,6.659293919683638,4.532599493153256,-0.2677165354330709,-0.1460280373831775,-0.8,-0.5019157088122606
Hanung Toys and Textiles,L74999DL1990PLC041722,2017,defaulter,Textiles,1,,3.264437689969605,-3.7777777777777777,-12.22222222222222,-0.1671732522796352,,,0.0273556231003039,0.0083798882681564,-0.5294117647058824,-3.443768996960486,-0.0,6.489204931325317,2.1972245773362196,-0.9032258064516128,-0.0205198358413132,2.0,-0.1564102564102564
Hindustan Unilever Limited,L15140MH1933PLC002030,2016,non_defaulter,FMCG / Foods,0,0.0,0.0,0.2022471910112359,0.1331895302791281,0.297198275862069,0.6588628762541806,418.8,0.2854885057471264,,0.632601082457816,0.4355603448275862,-0.0061063218390804,9.54108193388841,10.343708291934568,,,,
Hindustan Unilever Limited,L15140MH1933PLC002030,2017,non_defaulter,FMCG / Foods,0,0.0,0.0,0.2136719974913766,0.1407964879272499,0.3043861433123178,0.6918335901386748,309.72727272727275,0.3357738458409599,,0.7268858233049603,0.425327096468036,-0.0042708968883465,9.599066156080047,10.370047760004104,0.0266894175976304,,0.2463512833417211,0.0596982758620689
Hindustan Unilever Limited,L15140MH1933PLC002030,2018,non_defaulter,FMCG / Foods,0,0.0,0.0,0.2254308472121651,0.1516871832005792,0.3053822380313721,0.7402120141342756,389.15,0.3448014461484635,,0.7597327508672749,0.3999650125371742,5.831243804303458e-05,9.749695141856147,10.449438978277492,0.0826277830040765,,0.1938219261053906,0.1625652498135719
Housing Development and Infra,L70100MH1996PLC101379,2016,defaulter,Real Estate,1,0.1832998353901979,0.1278250755340658,0.5674868415422141,0.2913774658735932,0.0215922149809864,0.0309630128141,1.7973544399869892,0.025172314069504,0.1969278247193018,0.5985853893949448,0.6707818251465654,-0.0040716095922555,9.66572009119138,7.063433363161815,,,,
Housing Development and Infra,L70100MH1996PLC101379,2017,defaulter,Real Estate,1,0.1745212892352023,0.1246221602091176,0.7262559615087014,0.2465497108932063,0.0110544947165507,0.0154807513089074,1.7188759031731764,0.0099859461259751,0.0801297787585983,0.3066656335354396,0.6867039502235499,-0.0019863397353733,9.671131697959376,6.56640516483657,-0.3916641704822629,-0.0197667091703836,-0.6011438361341362,0.0054262759612677
Housing Development and Infra,L70100MH1996PLC101379,2018,defaulter,Real Estate,1,0.1488848298991429,0.1052440018185934,0.8618697614442296,0.2458542875564152,0.0058808179722436,0.0083193775258993,1.247117214613576,0.0230747924317395,0.2192504278914914,1.1192734671893234,0.6801089182021588,3.7013435260108833e-06,9.69340397232633,5.960360802056648,-0.4544955754702381,-0.1364752210642466,1.3627692502052935,0.0225221531443334
IRB Infrastructure Developers Limited,L65910MH1998PLC115967,2014,non_defaulter,Infrastructure,0,1.2717265353418308,0.3710277214334009,0.2377938517179023,0.1301989150090416,0.0486815415821501,0.1668597914252607,2.457943925233645,0.0868830290736984,0.2341685649202733,0.9771863117870724,0.2356321839080459,-0.0057471264367816,8.68541582383069,7.701652362642226,,,,
IRB Infrastructure Developers Limited,L65910MH1998PLC115967,2015,non_defaulter,Infrastructure,0,1.177291763610982,0.3540442205429611,0.2275051124744376,0.0705521472392638,0.0193115029387069,0.0642159143787808,1.6420664206642066,0.0906801007556675,0.2561264822134387,1.456179775280899,0.2516092919115589,-0.0012594458438287,8.874308038583354,7.578656850594762,-0.1157323688969258,0.1526195899772209,0.2607003891050584,0.2079107505070994
IRB Infrastructure Developers Limited,L65910MH1998PLC115967,2016,non_defaulter,Infrastructure,0,1.2314502529510962,0.3718650541056651,0.2272398843930635,0.1054913294797687,0.0371737746658179,0.1231028667790893,2.246428571428571,0.0682367918523233,0.1834988017802122,0.8521462639109698,0.257288351368555,0.0045830681094844,8.96890555068972,7.92588031673756,0.4151329243353783,0.1545454545454545,-0.1728395061728395,0.0992163448082843
ITC Limited,L16005WB1910PLC001985,2016,non_defaulter,FMCG / Foods,0,0.0010082339102671,0.0008394795226959,0.4238854112565945,0.2549818221578329,0.186444404469229,0.2239239503564827,215.375,0.1841258419779736,219.33333333333337,0.5940542980589412,0.8165337490755732,0.0007195538765965,10.82039809228969,10.507338930610484,,,,
ITC Limited,L16005WB1910PLC001985,2017,non_defaulter,FMCG / Foods,0,0.0005734324342206,0.0004795632285672,0.4138223552894212,0.2545159680638723,0.1881547882543898,0.2249840100571226,368.5777777777778,0.1844842850818946,384.6923076923077,0.6030387073435427,0.8138925778368009,0.0015493581230633,10.900731346815949,10.598632735758748,0.0955908482081841,-0.3809523809523809,0.0857577073382544,0.0836481381543443
ITC Limited,L16005WB1910PLC001985,2018,non_defaulter,FMCG / Foods,0,0.0003501945525291,0.0002885493980538,0.4457656326932545,0.2762924667651403,0.1799105496866033,0.2183463035019455,164.6090909090909,0.2028021352655456,702.8333333333334,0.6986800684818026,0.8044115996858018,-0.0009618313268463,11.041016020812398,10.612015835134375,0.0134730538922155,-0.3076923076923077,0.2648470305938812,0.150601298509665
IVRCL Limited,L45201AP1987PLC007959,2014,defaulter,Infrastructure,1,2.7517241379310344,0.4773298241416437,-0.005574912891986,-0.1665505226480836,-0.0857758105036487,-0.4944827586206896,-0.041025641025641,-0.0608924512501495,-0.1275689223057644,21.208333333333332,0.1661682019380308,0.0027515253020696,9.031094081699155,8.367532416861831,,,,
IVRCL Limited,L45201AP1987PLC007959,2015,defaulter,Infrastructure,1,4.190140845070423,0.5365798669823019,0.0227783124799486,-0.2155919153031761,-0.0757524518092661,-0.5915492957746479,0.1087289433384379,-0.0462180137526772,-0.0861344537815126,-5.774647887323944,0.1176868447751099,-0.0002254537256228,9.090542808520588,8.044626279767337,-0.2759581881533101,0.1929824561403508,0.1944990176817289,0.0612513458547673
IVRCL Limited,L45201AP1987PLC007959,2016,defaulter,Infrastructure,1,11.378440366972477,0.5880052151238592,-0.1481795088907705,-0.4521591871295512,-0.126585279127652,-2.44954128440367,-0.5162241887905604,-0.0154083204930662,-0.0262043942753477,0.3714285714285714,0.0343724072537631,-0.0026075619295958,9.040382074165628,7.767263996757308,-0.2422200834135386,0.0422268907563025,0.6829268292682927,-0.048923458460151
Indian Hotels Company Limited,L74999MH1902PLC000183,2015,non_defaulter,Travel / Hospitality,0,1.227151051625239,0.445818282856349,0.1032608695652173,-0.0405138339920948,-0.0113920533481522,-0.0313575525812619,2.348314606741573,0.0557099194220616,0.1249610470551573,1.9186602870813396,0.352042233953876,0.0338983050847457,8.881558488638976,7.6128310304073565,,,,
Indian Hotels Company Limited,L74999MH1902PLC000183,2016,non_defaulter,Travel / Hospitality,0,0.9082491582491582,0.3616557734204793,0.2301587301587301,0.037037037037037,0.0140774258421317,0.0353535353535353,2.1481481481481484,0.0785989609519021,0.2173308619091751,0.8984674329501916,0.3815987933634992,-0.0440757499581029,8.693999567522082,7.726653664847643,0.1205533596837944,-0.3275163602368339,0.169576059850374,-0.1710197277021395
Indian Hotels Company Limited,L74999MH1902PLC000183,2017,non_defaulter,Travel / Hospitality,0,0.7405131911817854,0.3285233285233285,0.2543713572023314,0.0595337218984179,0.0229276895943562,0.0516805204192266,3.085858585858586,0.0734327400994067,0.2235236700829673,0.7495908346972177,0.4277697611030944,-0.0011223344556677,8.738254576526122,7.784057002639929,0.0590828924162257,-0.0505097312326228,-0.0234541577825159,0.0452488687782805
Infosys Limited,L85110KA1981PLC013115,2015,non_defaulter,IT / Services,0,0.0,0.0,0.3746088794926004,0.2571670190274841,0.196787083623186,0.2530581675959058,2214.875,0.1286946111659359,,0.4489531011908121,0.7683496999013153,0.058596088201511,11.031868977311118,10.764265574480024,,,,
Infosys Limited,L85110KA1981PLC013115,2016,non_defaulter,IT / Services,0,0.0,0.0,0.3466832150862308,0.2351295778300576,0.174517406368586,0.2078026259781932,,0.1316889402188857,,0.5117819930537002,0.8240389374690645,0.0199912005719628,11.194536731739284,10.89642446116701,0.1412896405919661,,0.2040226272784412,0.1766456894180835
Infosys Limited,L85110KA1981PLC013115,2017,non_defaulter,IT / Services,0,0.0,0.0,0.3418678000978259,0.2330617821180994,0.1729736496213306,0.2031550935795462,,0.1311635475996745,,0.5169470620158864,0.8370657820617137,-0.1254678600488201,11.288343379461672,10.990179070308544,0.0982902024711483,,0.0939653372311547,0.0983473574217675
InterGlobe Aviation Limited,L62100DL2004PLC129768,2016,non_defaulter,Travel / Aviation,0,1.191700330517811,0.2569279493269992,0.2279429987608426,0.1230483271375464,0.1572446555819477,0.7293426367976497,10.51142857142857,0.2467141726049089,0.9602465331278892,0.8469692851318293,0.1870942201108472,0.0442596991290578,9.443830215344535,9.68905594182394,,,,
InterGlobe Aviation Limited,L62100DL2004PLC129768,2017,non_defaulter,Travel / Aviation,0,0.6869542206933051,0.1706771860618014,0.1618406889128094,0.0892895586652314,0.1090729783037475,0.4390050277851283,7.406403940886699,0.2486522024983563,1.4568567026194146,1.2577319587628866,0.2247205785667324,-0.0428665351742274,9.62970838525334,9.82984101236783,0.151177199504337,-0.2,0.2137355584082156,0.2042755344418052
InterGlobe Aviation Limited,L62100DL2004PLC129768,2018,non_defaulter,Travel / Aviation,0,0.3466157976543733,0.1160963604524587,0.1727553103687937,0.0973893401676729,0.1061100856642529,0.3168009043379963,9.62953995157385,0.1847224194235411,1.591112922951488,0.9813930098063868,0.31676842254721,0.0245160679634625,9.95840178341352,10.044162121818896,0.2390204520990312,-0.0550847457627118,0.0319936541512427,0.3891518737672584
JSW Steel Limited,L27102MH1994PLC152925,2014,non_defaulter,Steel & Metals,0,1.1883078231292517,0.4084558501154532,0.163826217493046,0.0294714998454677,0.0195101277292257,0.0567602040816326,2.7083941605839414,0.0770759652763569,0.1887008479730938,0.7106858913893006,0.339300850553883,0.0032151521351533,11.133508148343555,10.721018160386103,,,,
JSW Steel Limited,L27102MH1994PLC152925,2015,non_defaulter,Steel & Metals,0,1.1578125,0.3858756609517705,0.1940243452600516,0.0469980688697463,0.0289216471719275,0.0867788461538461,3.0739085596424887,0.1130427816055119,0.2929513131942282,0.946768060836502,0.3292340970998237,0.0051540885541846,11.223802354722045,10.73828619355488,0.0174179875491191,0.0339904826648538,0.6052332195676906,0.094496244117733
JSW Steel Limited,L27102MH1994PLC152925,2016,non_defaulter,Steel & Metals,0,1.7470847623713863,0.4850900582249551,0.0225297627155583,-0.096166943634729,-0.0480219840017413,-0.1729544341009309,0.2569120844982914,0.0771344615552048,0.1590106007067137,6.856106408706167,0.2735620612722425,-0.0046933667083854,11.205149522815317,10.510722751549745,-0.2035281098791416,0.2338835253815011,-0.3302622253720765,-0.0184799444533461
JVL Agro Industries,L15140UP1989PLC011396,2016,defaulter,FMCG / Foods / Agro,1,0.4816112084063047,0.1275510204081632,0.0338199513381995,0.0116788321167883,0.0222634508348794,0.0840630472854641,2.171875,-0.0946196660482374,-0.7418181818181818,-1.4676258992805755,0.2569573283858998,-0.0862708719851577,7.676009932028888,8.32117830749028,,,,
JVL Agro Industries,L15140UP1989PLC011396,2017,defaulter,FMCG / Foods / Agro,1,0.6849087893864013,0.1891025641025641,0.0321493388644023,0.0082966035779102,0.0146520146520146,0.0530679933665008,1.7714285714285714,-0.0595238095238095,-0.3147699757869249,-1.0483870967741935,0.2683150183150183,0.0151098901098901,7.688913336864796,8.257644958208228,-0.0615571776155717,0.5018181818181818,0.3627450980392157,0.0129870129870129
JVL Agro Industries,L15140UP1989PLC011396,2018,defaulter,FMCG / Foods / Agro,1,,0.6384284837323512,-0.0661442006269592,0.0250783699059561,0.049109883364027,,-2.24468085106383,-0.1810926949048496,-0.2836538461538461,1.3981042654028435,-0.2443216697360343,-0.0374462860650706,7.395721608602045,8.06777619577889,-0.1729323308270676,1.5181598062953996,-1.2692307692307692,-0.2541208791208791
Jaiprakash Associates Ltd,L14106UP1995PLC019017,2014,defaulter,Cement,1,2.0562166897860847,0.5765168263325964,0.3032174443427874,0.0315645013723696,0.0084745762711864,0.0302255968460246,1.3891023402025846,0.0053836076312126,0.0093381621928703,0.0661302489313552,0.2712887906329321,-0.0088430361090641,10.79655059829098,9.48158813796454,,,,
Jaiprakash Associates Ltd,L14106UP1995PLC019017,2015,defaulter,Cement,1,1.679043218265833,0.5412045068250714,0.2425339366515837,-0.1157466063348416,-0.0224114668208659,-0.0695297635226963,0.7521751333146225,0.0177153971508174,0.0327332772129767,0.3772388059701492,0.3138131034361913,0.0008586097531058,10.95201634103625,9.3101857069459,-0.1575175358340957,0.0966482033802016,2.844106463878327,0.1682019159911569
Jaiprakash Associates Ltd,L14106UP1995PLC019017,2016,defaulter,Cement,1,2.3284971486078496,0.5596202684726085,0.0787892791127541,-0.3259011090573013,-0.0568589511025113,-0.2365816839986581,0.1815278147458078,0.0784456000322489,0.1401764811813434,5.706744868035191,0.2305397670012496,-0.0070746160357963,10.812028330950222,9.066008001086264,-0.2166515837104072,-0.1010490189729974,2.8496538081107814,-0.1306313410082531
Jaypee Infratech Ltd,L45203UP2007PLC033119,2014,defaulter,Infrastructure,1,1.3932287365813378,0.4143418467583497,0.3968062669478758,0.0900873757155769,0.0146856581532416,0.0493806771263418,1.4698660714285714,0.0259332023575638,0.0625889046941678,0.4009111617312073,0.2291748526522593,0.0067288801571709,9.921327470664458,8.107418811719974,,,,
Jaypee Infratech Ltd,L45203UP2007PLC033119,2015,defaulter,Infrastructure,1,1.3779911838790933,0.4474262638654603,0.416871921182266,0.1092980295566502,0.0181465010478965,0.0558879093198992,1.5094760312151616,0.1049430046516382,0.2345481549183137,1.516248153618907,0.2536931963400296,-0.0151306036906404,9.881395306061313,8.085794701281568,-0.0213919855378125,0.0375770507349454,2.8882575757575757,-0.0391453831041257
Jaypee Infratech Ltd,L45203UP2007PLC033119,2016,defaulter,Infrastructure,1,1.52280292942743,0.4999453551912568,0.2178571428571428,-0.1275,-0.0195081967213114,-0.0594207723035952,0.5916585838991271,0.0620218579234972,0.1240572740190184,1.860655737704918,0.2524043715846994,-0.0029508196721311,9.814656338829511,7.937374696163295,-0.1379310344827586,0.0452416314406489,-0.4471505114466634,-0.0645606502070234
Jindal Steel & Power Limited,L27105HR1979PLC009913,2015,non_defaulter,Steel & Metals,0,2.263048517304772,0.6132337015377951,0.2537714712471994,-0.0232262882748319,-0.0067359757418236,-0.0248581248501318,1.509551310528654,0.0313840155945419,0.0511779041429731,0.4264273101824603,0.2690058479532163,-0.0100064977257959,10.740085515501034,9.50226343868522,,,,
Jindal Steel & Power Limited,L27105HR1979PLC009913,2016,non_defaulter,Steel & Metals,0,1.116063299371342,0.4248065085730316,0.1789397240377632,-0.1030501089324618,-0.0234170008416258,-0.0615217862562323,0.9312169312169312,0.0729739095994851,0.1717815243570818,1.7946428571428572,0.3791276795880984,0.0008746307572982,11.0120006658815,9.5302475917227,0.0283793876026885,-0.0908063433758344,2.05175983436853,0.3124756335282651
Jindal Steel & Power Limited,L27105HR1979PLC009913,2017,non_defaulter,Steel & Metals,0,1.1635043873753848,0.4214397444004393,0.2014672295660599,-0.068240016610146,-0.0164076280493892,-0.0452979280562319,1.2525817555938037,0.0676273837654341,0.1604675037510858,1.3960838199931296,0.3606849269477818,-0.0030785103338103,11.003665281928944,9.57838048699361,0.0493100944081336,-0.0161603605003496,-0.080958842152872,-0.0083007409607736
Jyoti Structures Ltd,L45200MH1974PLC017494,2014,defaulter,Infrastructure,1,1.6719787516600266,0.2993342843556824,0.1103427540589296,0.0096211665664461,0.0076081787922016,0.0424966799468791,1.2743055555555556,0.0140275796481217,0.0468625893566322,0.1607629427792915,0.1752258678078934,0.0126010461245839,8.344267356262645,8.109525659752872,,,,
Jyoti Structures Ltd,L45200MH1974PLC017494,2015,defaulter,Infrastructure,1,4.433333333333334,0.5185185185185185,0.0664989216391085,-0.0970524802300503,-0.0526315789473684,-0.45,0.4394299287410926,-0.2140350877192982,-0.412781954887218,-5.935135135135135,0.1126705653021442,-0.0023391812865497,8.542860938164814,7.930925372483388,-0.1635598316295851,1.1127879269261318,-19.610169491525426,0.2196861626248216
Jyoti Structures Ltd,L45200MH1974PLC017494,2016,defaulter,Infrastructure,1,34.628571428571426,0.6081284495735073,0.0501605136436597,-0.2010433386837881,-0.0837932764676367,-4.771428571428571,0.2185314685314685,-0.2660980097006188,-0.4375687568756876,-12.728,0.0138819200535206,-0.2083960528516474,8.696008608880904,7.820840879907344,-0.1042415528396836,0.3669172932330827,-0.4489981785063752,0.1654970760233918
KEC International Limited,L45200MH2005PLC152061,2014,non_defaulter,Infrastructure,0,1.378875968992248,0.2359476040457635,0.0768409818569904,0.0131117548406769,0.0142596584314375,0.0833333333333333,1.691275167785235,-0.0044768695075443,-0.0189739985945186,-0.0535714285714285,0.1626595921074448,0.0043110595257834,8.704668113450987,8.788593431293735,,,,
KEC International Limited,L45200MH2005PLC152061,2015,non_defaulter,Infrastructure,0,1.3891891891891892,0.2509357200976403,0.0857099514563106,0.0168385922330097,0.0180634662327095,0.1,1.805111821086262,0.0102522375915378,0.0408560311284046,0.111504424778761,0.1723352318958503,0.0058584214808787,8.723394022000136,8.793612071589308,0.0050312547644458,0.0836261419536191,3.3333333333333335,0.0189023379207428
KEC International Limited,L45200MH2005PLC152061,2016,non_defaulter,Infrastructure,0,1.8552821997105644,0.3209412942796344,0.1013003901170351,0.0253576072821846,0.0244085617724371,0.1410998552821997,2.419254658385093,-0.0046313681311803,-0.0144305772230889,-0.0474967907573812,0.1666040806108399,-0.0131430717236199,8.985820874482043,8.94767606249969,0.1665655339805825,0.6627756160830091,-1.5873015873015872,0.3000813669650122
Kalpataru Projects International Limited,L45203GJ1981PLC103919,2014,non_defaulter,Infrastructure,0,0.4017400204708291,0.1708006962576153,0.1143709597215315,0.0363003480855295,0.0317667536988685,0.074718526100307,2.690058479532164,0.0182767624020887,0.1070063694267516,0.1826086956521739,0.4184073107049608,0.0026109660574412,8.432941638968646,8.299534570332597,,,,
Kalpataru Projects International Limited,L45203GJ1981PLC103919,2015,non_defaulter,Infrastructure,0,0.4688556253017866,0.2025448477263245,0.1152704861903674,0.037890892490299,0.0346266166040884,0.0801545147271849,3.023952095808383,0.007717980809345,0.0381050463439752,0.0732673267326732,0.425531914893617,0.0029203170629954,8.475120414994329,8.385032287813898,0.0892590750870213,0.2369426751592356,-0.5595238095238095,0.0430809399477806
Kalpataru Projects International Limited,L45203GJ1981PLC103919,2016,non_defaulter,Infrastructure,0,0.2704288939051918,0.1142040038131553,0.1280187573270809,0.0450175849941383,0.036606291706387,0.0866817155756207,3.289156626506024,0.1441372735938989,1.2621035058430718,1.3846153846153846,0.4163965681601525,0.005910390848427,8.565030520830398,8.35819745992578,-0.0264779730655101,-0.3831101956745623,19.43243243243243,0.0940759282436378
Kalyan Jewellers India Limited,L36911KL2009PLC024641,2016,non_defaulter,Gems & Jewellery,0,1.797112462006079,0.4429668477242929,0.0453745600804424,0.0031422825540472,0.0046825248173815,0.0189969604863221,1.223728813559322,,,,0.1146282075294999,,8.582793648500186,8.981681639973862,,,,
Kalyan Jewellers India Limited,L36911KL2009PLC024641,2017,non_defaulter,Gems & Jewellery,0,1.713031735313977,0.4600181323662738,0.0704150643150775,0.0151173584405251,0.0206708975521305,0.0769750168804861,1.6910828025477709,,,,0.1164097914777878,,8.615226931687603,8.928110078202646,-0.0521618903971845,0.0727272727272727,,0.0329649747143659
Kalyan Jewellers India Limited,L36911KL2009PLC024641,2018,non_defaulter,Gems & Jewellery,0,0.9019908116385912,0.2659542444310656,0.0668916475834639,0.0166325177775099,0.0207706201083684,0.0704441041347626,2.1936758893280635,0.0164057796508127,0.0616864742501414,0.1963963963963964,0.168573148705599,-0.0332630945213726,8.801469470733185,9.023649282664286,0.1002519559740087,-0.303508080409933,,0.2047144152311876
Kingfisher Airlines,L85110KA1995PLC018045,2011,defaulter,Travel / Aviation / Hospitality,1,,0.9176655769463616,0.0052539404553415,-0.1635089953829008,-0.1243491948177745,,0.0251332825590251,0.0002421600678048,0.0002638870563398,0.0606060606060606,-0.4845622956774428,0.0055696815595108,9.019058793810718,8.74528448245438,,,,
Kingfisher Airlines,L85110KA1995PLC018045,2012,defaulter,Travel / Aviation / Hospitality,1,,1.0166666666666666,-0.3342475772536112,-0.4256719692814042,-0.2552631578947368,,-1.432601880877743,-0.0971491228070175,-0.0955565142364107,0.4846827133479212,-0.68125,-0.0076754385964912,9.118225083068378,8.606851063346772,-0.1292787772647667,0.2233803931917139,-444.0,0.1042499091899745
Kingfisher Airlines,L85110KA1995PLC018045,2013,defaulter,Travel / Aviation / Hospitality,1,,3.510750793091294,-5.305050505050505,-8.688888888888888,-1.5160380683820938,,-1.8286908077994428,-0.4903066619668664,-0.1396586345381526,0.5297029702970297,-5.034191046880507,-0.0574550581600281,7.950502434808851,6.20455776256869,-0.9094898518924848,0.0742018981880931,-0.5699774266365688,-0.6889254385964912
Kwality Ltd,L74899DL1992PLC255519,2015,defaulter,FMCG / Foods / Agro,1,1.805921052631579,0.5919137466307277,0.0628321943811693,0.0267653758542141,0.076010781671159,0.2319078947368421,2.4338235294117645,0.1035040431266846,0.174863387978142,0.5800604229607251,0.3159029649595687,0.0064690026954177,7.525639975041536,8.569406062863171,,,,
Kwality Ltd,L74899DL1992PLC255519,2016,defaulter,FMCG / Foods / Agro,1,1.7496723460026211,0.5904467049977886,0.0669848002827854,0.0238600212089077,0.0597080937638213,0.1769331585845347,2.5099337748344372,0.0039805395842547,0.0067415730337078,0.0237467018469656,0.3277310924369748,0.0066342326404245,7.72356247227797,8.640825751861513,0.0740318906605922,0.2158469945355191,-0.953125,0.2188679245283019
Kwality Ltd,L74899DL1992PLC255519,2017,defaulter,FMCG / Foods / Agro,1,1.5095095095095097,0.5493624772313297,0.0698091665307454,0.0267493068015005,0.0597449908925318,0.1641641641641641,2.488372093023256,0.0867030965391621,0.1578249336870026,0.5560747663551402,0.3551912568306011,0.0171220400728597,7.917536353943631,8.721113147762688,0.0835984446800989,0.1295880149812734,25.444444444444443,0.2140645731977001
Lanco Infratech Ltd,L45200TG1993PLC015545,2014,defaulter,Infrastructure,1,2.1297681376215407,0.2968929204462517,-0.0961538461538461,-0.4293381037567084,-0.0500469189865498,-0.3590127150336574,-0.3423566878980891,-0.009540193931811,-0.0321334503950834,0.8511627906976744,0.1269419247210927,0.0039620477531018,9.861727618287896,7.71244383427499,,,,
Lanco Infratech Ltd,L45200TG1993PLC015545,2015,defaulter,Infrastructure,1,3.3492610837438423,0.3318042067249036,0.1253581661891117,-0.4813753581661891,-0.0327948855595139,-0.3310344827586207,0.2266839378238342,0.0020984822605046,0.0063244594793351,0.2457142857142857,0.0871114147674588,0.0092723634766482,9.927741044336832,7.241366283322318,-0.3756708407871199,0.1938542581211589,1.2349726775956285,0.0682410593264518
Lanco Infratech Ltd,L45200TG1993PLC015545,2016,defaulter,Infrastructure,1,3.9753280839895018,0.4019852433780986,0.2208910520404343,-0.1695994009734182,-0.0240458623069165,-0.2377952755905512,0.632368703108253,-0.0845586283773024,-0.2103525683348739,-2.7,0.0865757205796486,-0.0148097032751207,9.843684468165376,7.890208213109961,0.913323782234957,0.1138402706280335,-38.04651162790697,-0.080620760333805
Larsen & Toubro Limited,L99999MH1946PLC004768,2014,non_defaulter,Infrastructure,0,0.3404236356614479,0.1463380371623779,0.1639628482972136,0.0971782397169394,0.0701487772172913,0.1631858827723478,7.672185430463577,0.0133707936913351,0.0913692294266515,0.1129693569270608,0.4275078219781623,0.0043036843113466,11.268366736900534,10.94243829714617,,,,
Larsen & Toubro Limited,L99999MH1946PLC004768,2015,non_defaulter,Infrastructure,0,0.3488472428205474,0.1488654147104851,0.1631133434020582,0.0887921042464261,0.0581791402006812,0.1363354455979506,5.882203926535782,0.0358786707171131,0.2410141454742212,0.3357019810508183,0.4245949553530332,-0.0023359108901776,11.372559340113586,10.94978848490783,0.0073772666961521,0.1289815865258748,1.9780324737344792,0.1098141881105932
Larsen & Toubro Limited,L99999MH1946PLC004768,2016,non_defaulter,Infrastructure,0,0.3304616114868874,0.1397697272663394,0.1414913655285942,0.079142725992054,0.0501902209373525,0.1186661920018986,5.301897983392645,0.0331255458186526,0.2370008618213157,0.3691688108289518,0.4210859156202005,-0.0068961363567922,11.509128264721843,11.053695589847887,0.1094973833023076,0.076292803586612,0.0583707504810776,0.1463338856669428
Lemon Tree Hotels Limited,L74899DL1992PLC049022,2016,non_defaulter,Travel / Hospitality,0,0.3726775956284153,0.2601067887109077,0.2538860103626943,-0.082901554404145,-0.0122044241037376,-0.0174863387978142,1.1395348837209305,0.034324942791762,0.1319648093841642,0.9183673469387756,0.1045003813882532,0.0007627765064836,7.1785454837637,5.262690188904886,,,,
Lemon Tree Hotels Limited,L74899DL1992PLC049022,2017,non_defaulter,Travel / Hospitality,0,0.3462783171521035,0.2457886676875957,0.3211009174311927,0.0321100917431192,0.0053598774885145,0.0075512405609492,1.7073170731707317,0.0551301684532924,0.2242990654205607,1.0285714285714285,0.111791730474732,0.0007656967840735,7.174724309836376,5.384495062789089,0.1295336787564766,-0.0586510263929618,0.6,-0.003813882532418
Lemon Tree Hotels Limited,L74899DL1992PLC049022,2018,non_defaulter,Travel / Hospitality,0,0.331945889698231,0.236822568671121,0.3463203463203463,0.0952380952380952,0.0163325909428359,0.0228928199791883,2.3529411764705883,0.0378619153674833,0.1598746081504702,0.6375,0.1299183370452858,0.0,7.205635176410364,5.442417710521793,0.0596330275229357,-0.0062305295950155,-0.2916666666666667,0.0313935681470137
Marico Limited,L15140MH1988PLC049208,2016,non_defaulter,FMCG / Foods,0,0.0803782505910165,0.0593195696423378,0.2098333676198313,0.1421518206130425,0.2009305030532131,0.2722616233254531,68.0,0.1829020063972085,3.0833333333333335,0.6166666666666667,0.7004943297470195,-0.0017446932247746,8.142936010432265,8.488999457045455,,,,
Marico Limited,L15140MH1988PLC049208,2017,non_defaulter,FMCG / Foods,0,0.0369357045143638,0.0287005049162901,0.251288394145537,0.1737786023500309,0.2240233855965984,0.2883036935704514,93.76923076923076,0.1251660908849322,4.361111111111111,0.3863822805578343,0.7427584374169546,-0.0005314908317831,8.232971790593437,8.486940148245216,-0.0020571898786257,-0.4705882352941176,-0.2511923688394276,0.0942134341378307
Marico Limited,L15140MH1988PLC049208,2018,non_defaulter,FMCG / Foods,0,0.0401183821111476,0.0303482587064676,0.1990328820116054,0.1388781431334622,0.1786069651741293,0.2361065439000328,128.625,0.1017412935323383,3.3524590163934427,0.3974732750242954,0.7243781094527363,-0.0014925373134328,8.299037181613066,8.550627967502475,0.0657596371882086,0.1296296296296296,-0.1316348195329087,0.068296571884135
Mawana Sugars Ltd,L15421DL2002PLC118184,2021,defaulter,FMCG / Foods / Agro,1,0.7040816326530612,0.1970021413276231,0.1293396868618107,0.0503744043567052,0.052819414703783,0.1887755102040816,5.428571428571429,0.1170592433975731,0.5942028985507246,0.8631578947368421,0.2519628836545324,0.0306923625981441,7.244941546337007,7.292337176173877,,,,
Mawana Sugars Ltd,L15421DL2002PLC118184,2022,defaulter,FMCG / Foods / Agro,1,1.0096852300242132,0.387906976744186,0.0751014884979702,0.0223274695534506,0.0306976744186046,0.0799031476997578,4.269230769230769,-0.1404651162790697,-0.3621103117505995,-1.3603603603603605,0.347906976744186,-0.0530232558139534,6.980075940561763,7.298445101508147,0.0061266167460857,0.5108695652173914,-1.920731707317073,-0.2326909350463954
Mawana Sugars Ltd,L15421DL2002PLC118184,2023,defaulter,FMCG / Foods / Agro,1,0.9184652278177458,0.3609802073515551,0.0560053981106612,0.0114709851551956,0.0160226201696512,0.0407673860911271,2.9642857142857144,0.1027332704995287,0.2845953002610966,1.313253012048193,0.35626767200754,-0.005655042412818,6.966967138613983,7.301147805856032,0.0027063599458728,-0.0815347721822542,1.7218543046357615,-0.0130232558139534
Metalyst Forgings,L28910MH1977PLC019569,2014,defaulter,Engineering / Manufacturing,1,2.3385036496350367,0.6084995251661919,0.2580375782881002,0.0805845511482254,0.0458214624881291,0.1760948905109489,3.1055276381909547,0.0785849952516619,0.129145532579009,0.5355987055016181,0.2514245014245014,-0.0246913580246913,8.345692873253865,7.781138509845015,,,,
Metalyst Forgings,L28910MH1977PLC019569,2015,defaulter,Engineering / Manufacturing,1,2.6475485661424605,0.5945159950145409,0.203411513859275,-0.0230277185501066,-0.0112172829248026,-0.0499537465309898,1.296195652173913,0.1547569588699626,0.2603074772886093,1.5618448637316562,0.216867469879518,-0.0189031990029081,8.479283618343016,7.76004068088038,-0.0208768267223382,0.1166601638704643,1.2507552870090637,0.1429249762583096
Metalyst Forgings,L28910MH1977PLC019569,2016,defaulter,Engineering / Manufacturing,1,3.4118372379778052,0.6006077707835902,-0.0230149597238204,-0.3141542002301496,-0.0592576514000434,-0.3366214549938348,-0.101010101010101,0.0342956370740177,0.0571015540296349,-7.9,0.1680052094638593,0.0002170609941393,8.435332164935916,6.767343125265392,-0.6294243070362473,-0.0331935709294199,-0.7879194630872484,-0.0429995845450768
Monnet Ispat & Energy Ltd,L02710CT1990PLC009826,2014,defaulter,Steel & Metals,1,2.6356472795497186,0.6572471226724057,0.2103645147123408,0.0294246815985946,0.0062692991484981,0.0251407129455909,1.97119341563786,0.0189950407036586,0.0289009111617312,0.4237995824634655,0.2431926639842799,-0.0609151305324225,9.276783328524896,7.7306140660637395,,,,
Monnet Ispat & Energy Ltd,L02710CT1990PLC009826,2015,defaulter,Steel & Metals,1,4.427563754747694,0.7391973910680315,-0.0134965473948524,-0.2498430634023854,-0.0721079807953619,-0.4319045035268584,-0.0646616541353383,0.0370504574689736,0.0501225490196078,-9.511627906976743,0.1609747259715554,0.0010870549868647,9.309189736018352,8.066521490469993,0.3992094861660079,0.1617312072892938,1.0147783251231528,0.0329372134368859
Monnet Ispat & Energy Ltd,L02710CT1990PLC009826,2016,defaulter,Steel & Metals,1,12.822635135135137,0.746044226044226,-0.2003284072249589,-0.933223864258347,-0.1675675675675675,-2.8800675675675675,-0.373469387755102,0.0618181818181818,0.082861283098406,-1.7185792349726776,0.0384275184275184,-0.0171007371007371,9.227689010310796,7.510430556378006,-0.4265536723163842,-0.0697303921568627,0.5378973105134475,-0.0782679590542621
Moser Baer India,L51909DL1983PLC015418,2013,defaulter,Engineering / Manufacturing,1,,1.0484402739031196,-0.0285714285714285,-0.5452380952380952,-0.2323104235353791,,-0.1176470588235294,0.032208977935582,0.0307208514755684,-2.6458333333333335,-0.2716205934567588,0.0106517879786964,8.279697133877628,7.426549072397305,,,,
Moser Baer India,L51909DL1983PLC015418,2015,defaulter,Engineering / Manufacturing,1,,1.6266808209483368,-0.1678082191780822,-0.8047945205479452,-0.3326256192498231,,-0.4590163934426229,0.0552016985138004,0.0339351751142049,-0.7959183673469388,-1.0155697098372258,-0.0053078556263269,7.946617563244473,7.0630481633881725,-0.3047619047619048,0.1119980648282535,0.2283464566929134,-0.2832868374334263
Moser Baer India,L51909DL1983PLC015418,2016,defaulter,Engineering / Manufacturing,1,,1.9608677158655892,-0.1837416481069042,-1.085746102449889,-0.4147171416418545,,-0.2849740932642487,0.0225435984687367,0.0114967462039045,-0.3212121212121212,-1.6831135686941727,-0.0068056146320714,7.762596048540069,6.8001700683022,-0.2311643835616438,0.002827931259517,-0.6602564102564102,-0.1680820948336872
NCC Limited,L72200TG1990PLC011146,2014,non_defaulter,Infrastructure,0,0.9821428571428572,0.2711734414374931,0.094330070874114,0.006918663516706,0.0044921661005806,0.0162698412698412,1.1995708154506437,0.0405390599320696,0.1494949494949495,0.6618962432915921,0.2705160512764326,-0.0021913005368686,9.118992332516877,8.68710472813351,,,,
NCC Limited,L72200TG1990PLC011146,2015,non_defaulter,Infrastructure,0,0.6226591760299626,0.2114915721403583,0.101844040014463,0.0134988550078341,0.0118732110675288,0.0349563046192259,1.4721254355400697,0.0544895579349093,0.2576441102756892,0.6082840236686391,0.3278914449273826,0.0027562811406763,9.151969458649852,9.023649282664286,0.4001012487343908,-0.1939393939393939,0.3891891891891892,0.03352689821409
NCC Limited,L72200TG1990PLC011146,2016,non_defaulter,Infrastructure,0,0.5774302361238883,0.2034356093344857,0.113033033033033,0.0288288288288288,0.0259291270527225,0.0735970561177552,1.8487229862475445,0.0528305963699222,0.2596919808815719,0.5196599362380446,0.3403197925669836,0.0152333621434745,9.133027268873512,9.027018314848643,0.0033747137519585,-0.0561403508771929,-0.0486381322957198,-0.0187639139192197
Nakoda Limited,L17111GJ1984PLC045995,2018,defaulter,Textiles,1,3.835637480798771,0.738102276086314,0.0809523809523809,0.020703933747412,0.0295595625184747,0.1536098310291858,2.0797872340425534,-0.0162577593851611,-0.0220264317180616,-0.1406649616368286,0.0446349394028968,-0.0005911912503694,3.521347982792617,3.877431560658527,,,,
Nakoda Limited,L17111GJ1984PLC045995,2019,defaulter,Textiles,1,1.4898989898989898,0.5451425554382259,0.0752212389380531,0.0169295883031935,0.0232312565997888,0.0634920634920634,1.888888888888889,0.0190073917634635,0.034866828087167,0.1841432225063938,0.1850580781414994,0.0029039070749736,3.6344232683178777,3.950859029213344,0.0761904761904761,-0.1730076091309571,2.309090909090909,0.1197162281998227
Nakoda Limited,L17111GJ1984PLC045995,2020,defaulter,Textiles,1,1.5651547876169905,0.5667361835245046,0.1398963730569948,0.0011956954962136,0.0007820646506777,0.0021598272138228,1.4504132231404958,0.0894160583941605,0.1577736890524379,0.9772079772079774,0.1835245046923879,0.0015641293013555,3.6470152500152375,3.222469360378331,-0.5173143516737206,0.0527845036319612,3.763888888888889,0.0126715945089756
Nestle India Limited,L15202DL1959PLC003786,2016,non_defaulter,FMCG / Foods,0,0.0100548446069469,0.0048458149779735,0.2177004704080516,0.1095066185318893,0.1469897209985315,0.3049969530773918,21.86813186813187,0.2152716593245227,44.42424242424242,0.7366834170854272,0.4678414096916299,0.0989720998531571,8.826147399143558,9.12052506765382,,,,
Nestle India Limited,L15202DL1959PLC003786,2017,non_defaulter,FMCG / Foods,0,0.0102339181286549,0.0047534972158087,0.227072927072927,0.1223776223776223,0.166372402553307,0.358187134502924,24.706521739130434,0.2469102268097243,51.94285714285714,0.7998240211174659,0.4514464212956675,0.0938476164606818,8.904222737368716,9.211339872309264,0.0950661853188929,0.0606060606060606,0.2401091405184174,0.0812041116005873
Nestle India Limited,L15202DL1959PLC003786,2018,non_defaulter,FMCG / Foods,0,0.0095289953716308,0.0043273986152324,0.2547821466524973,0.1423131420474672,0.1986894164193867,0.4375170160631636,25.6875,0.2537091988130563,58.628571428571426,0.7132429614181439,0.4422601384767556,0.0844460929772502,8.998136760700307,9.33184978937338,0.128071928071928,0.0,0.1287128712871287,0.0984652994703245
Oil and Natural Gas Corporation Limited,L74899DL1993GOI054155,2015,non_defaulter,Oil & Gas,0,0.0096334050248615,0.006678492664685,0.4580361575626945,0.2147294237312764,0.0850177389970275,0.1226340066804517,12608.666666666666,0.1196854923770256,17.921033740129218,0.6599693332628351,0.6727538594304344,-0.00539361396107,12.248077939675204,11.321559127189037,,,,
Oil and Natural Gas Corporation Limited,L74899DL1993GOI054155,2016,non_defaulter,Oil & Gas,0,0.0,0.0,0.4647589312208904,0.208233882516869,0.0725628068408653,0.0973608807118081,27.20770392749245,0.1793569154962504,,1.1074591233378674,0.7260641645835956,-0.0004720628697825,12.312358732714491,11.258149337631242,-0.0614412167153046,-1.0,0.5980612081397212,0.0663917921181321
Oil and Natural Gas Corporation Limited,L74899DL1993GOI054155,2017,non_defaulter,Oil & Gas,0,0.0,0.0,0.4973348783314021,0.2304622119222351,0.0722916868598752,0.0964756735780617,31.610474631751227,0.1324189848470162,,0.8488143315729523,0.7234095828890827,0.0001171206099964,12.419602129448322,11.260224361413693,0.0020771781341521,,-0.178122023361909,0.113205172010718
PC Jeweller Ltd,L36911DL2005PLC134929,2020,defaulter,Gems & Jewellery,1,0.6061969015492253,0.3077899010403451,0.1079165823041101,0.0157926705810892,0.0098959654909921,0.0194902548725637,1.425133689839572,0.007612281146917,0.0247320692497939,0.1125703564727955,0.4576249682821618,-0.0086272519665059,8.97233695775495,8.504918160540624,,,,
PC Jeweller Ltd,L36911DL2005PLC134929,2021,defaulter,Gems & Jewellery,1,0.5646783625730994,0.3069684638860631,0.1622938530734632,0.022863568215892,0.0077568667344862,0.0142690058479532,1.0934343434343434,0.0123346897253306,0.040182270091135,0.2240184757505773,0.4844862665310274,0.005086469989827,8.970050661827003,7.889084407035514,-0.4598096780724843,-0.0049464138499587,0.6166666666666667,-0.0022836843440751
PC Jeweller Ltd,L36911DL2005PLC134929,2022,defaulter,Gems & Jewellery,1,0.8732938449652331,0.4498540726983284,-0.0254291163382072,-0.2479338842975206,-0.0517378615017245,-0.100437805820242,-0.090497737556561,-0.0964446802865481,-0.2143910350928929,18.175,0.4534359246484478,-0.0045104802334836,8.92771217382708,7.360739903058278,-0.4104197901049475,0.4047224523612261,-8.494845360824742,-0.0414547304170905
PNC Infratech Limited,L45201UP1999PLC024640,2014,non_defaulter,Infrastructure,0,0.437201907790143,0.21484375,0.1319444444444444,0.0607638888888888,0.0546875,0.1112877583465818,6.608695652173913,0.12890625,0.6,1.0855263157894737,0.46015625,0.0484375,7.154615356913663,7.049254841255837,,,,
PNC Infratech Limited,L45201UP1999PLC024640,2015,non_defaulter,Infrastructure,0,0.4909596662030598,0.223700887198986,0.1473414477898783,0.0640614990390775,0.0633713561470215,0.1390820584144645,5.0,0.0399239543726235,0.178470254957507,0.2739130434782608,0.4302915082382763,-0.050063371356147,7.363913501405819,7.353081920515432,0.3550347222222222,0.2836363636363636,-0.6181818181818182,0.2328125
PNC Infratech Limited,L45201UP1999PLC024640,2016,non_defaulter,Infrastructure,0,0.0087082728592162,0.0063492063492063,0.144488579940417,0.1166832174776564,0.1243386243386243,0.1705370101596516,7.275,0.0481481481481481,7.583333333333333,0.3127147766323024,0.7021164021164021,0.0359788359788359,7.544332108053688,7.607878073278507,0.2901985906470211,-0.9660056657223796,0.4444444444444444,0.1977186311787072
PSL Limited,L67120DD1987PLC002395,2016,defaulter,Engineering / Manufacturing,1,0.0,0.0,0.4821428571428571,0.3169642857142857,0.2382550335570469,0.2581818181818182,,0.1677852348993288,,0.4629629629629629,0.8590604026845637,-0.0302013422818791,5.697093486505405,5.41164605185504,,,,
PSL Limited,L67120DD1987PLC002395,2017,defaulter,Engineering / Manufacturing,1,0.0,0.0,0.4732142857142857,0.3080357142857143,0.1875,0.2,,0.1358695652173913,,0.4716981132075472,0.8858695652173914,-0.0027173913043478,5.908082938168931,5.41164605185504,0.0,,0.0,0.2348993288590604
PSL Limited,L67120DD1987PLC002395,2018,defaulter,Engineering / Manufacturing,1,0.0,0.0,0.5,0.3119266055045872,0.1548974943052392,0.1650485436893204,,0.1594533029612756,,0.6422018348623854,0.8952164009111617,-0.0,6.0844994130751715,5.384495062789089,-0.0267857142857142,,0.4,0.1929347826086956
Parekh Aluminex,L27203MH1994PLC080732,2010,defaulter,Engineering / Manufacturing,1,1.3251289416987662,0.5030796495272087,0.1742620158950422,0.0715749968462217,0.0562516265754545,0.1481687014428413,4.123507462686567,0.0456556493289214,0.090752327930236,0.3333634965161524,0.3636093244599769,0.0151937638646193,6.693212137887098,6.452301288528901,,,,
Parekh Aluminex,L27203MH1994PLC080732,2011,defaulter,Engineering / Manufacturing,1,1.4567495655951346,0.5427646553032218,0.1791987587964758,0.074527622319499,0.0680289312629609,0.1825857949609035,4.453318645001376,-0.0196853978048657,-0.0362687540769732,-0.1203463203463203,0.3594962318547367,-0.0022254817662232,6.896239223020889,6.805002471407307,0.4229058912577269,0.3217470562152041,-1.528230184581976,0.2251056499485692
Parekh Aluminex,L27203MH1994PLC080732,2012,defaulter,Engineering / Manufacturing,1,2.228424120152432,0.6306300591235505,0.1837561598831903,0.0618068990691732,0.0537060062422289,0.189778076664425,3.5232362821948486,-0.1683435255906011,-0.2669449753545921,-1.054310687326182,0.2747849476008018,0.0034573320815042,7.362873670728427,7.222383520418525,0.5179808278384218,0.8527630230174263,-12.636690647482014,0.5946183804562237
Pratibha Industries,L45200MH1995PLC090760,2015,defaulter,Infrastructure,1,2.537212449255751,0.4808925365478327,0.1401247401247401,0.0257796257796257,0.015901513208515,0.0838971583220568,1.7925531914893618,-0.0017953321364452,-0.0037333333333333,-0.0207715133531157,0.1844062580148756,0.010259040779687,8.268475388982598,7.785305182539862,,,,
Pratibha Industries,L45200MH1995PLC090760,2016,defaulter,Infrastructure,1,4.668005354752343,0.6068569439610163,0.2004256828662646,0.0166725789286981,0.0081796032022276,0.0629183400267737,1.342042755344418,-0.0316742081447963,-0.0521938629194149,-0.3221238938053097,0.1265227984684998,-0.0071353985381134,8.656259239539235,7.944137491114112,0.1721413721413721,0.8597333333333333,-25.0,0.4737112080020518
Pratibha Industries,L45200MH1995PLC090760,2017,defaulter,Infrastructure,1,12.745562130177516,0.7861313868613139,-0.3845428840716305,-0.7766258246936852,-0.1503649635036496,-2.437869822485207,-0.8755364806866953,-0.018978102189781,-0.0241411327762302,0.2549019607843137,0.052919708029197,0.0001824817518248,8.608860379942062,6.966967138613983,-0.6236253990776871,0.2354459420705477,0.4285714285714285,-0.0462930734423947
Punj Lloyd Ltd,L74899DL1988PLC033314,2016,defaulter,Infrastructure,1,3.1326273323247604,0.4808049535603715,-0.1102150537634408,-0.4522102747909199,-0.1171826625386996,-0.7634896621280888,-0.410913140311804,-0.0335139318885448,-0.069703799098519,1.1734417344173442,0.1483746130030959,0.0101393188854489,9.466531777336591,8.116118431609365,,,,
Punj Lloyd Ltd,L74899DL1988PLC033314,2017,defaulter,Infrastructure,1,31.63546798029557,0.5347655924723125,0.0287157670832225,-0.2262696091465036,-0.0708635190273961,-4.192118226600985,0.1224489795918367,0.0452160879340494,0.0845530987231392,5.027777777777778,0.0113248397035556,0.0039137313681405,9.393411647660685,8.232440158470336,0.1233572281959378,0.0338055376690276,2.2540415704387993,-0.0705108359133127
Punj Lloyd Ltd,L74899DL1988PLC033314,2018,defaulter,Infrastructure,1,,0.5907079646017699,0.0529687115052968,0.0780980537078098,0.0350663716814159,,0.2202868852459016,0.0285398230088495,0.048314606741573,1.2,-0.224004424778761,-0.0168141592920353,9.109414453386222,8.308691916838898,0.079234246211114,-0.1684833385238243,-0.5248618784530387,-0.2472312432342409
REI Agro,L14200WB1994PLC104573,2014,defaulter,FMCG / Foods / Agro,1,2.204625637005096,0.5989350372736955,0.150121600707495,-0.008401503426929,-0.0040468583599574,-0.0148961191689533,1.0446153846153847,0.1066027689030884,0.1779871977240398,1.4742268041237114,0.2614483493077742,-0.0002129925452609,9.147400572202308,8.416930769477844,,,,
REI Agro,L14200WB1994PLC104573,2015,defaulter,FMCG / Foods / Agro,1,,1.449591280653951,-2.7338362068965516,-2.9601293103448274,-1.3609115679960366,,-16.107936507936508,-0.0089175130047064,-0.0061517429938482,0.0070949940875049,-0.7208323012137726,-0.030468169432747,8.30325712085294,7.526178913346146,-0.5896528852531505,0.0405405405405405,-1.035964035964036,-0.5700745473908413
REI Agro,L14200WB1994PLC104573,2016,defaulter,FMCG / Foods / Agro,1,,1.9165852069077876,-1.6226053639846745,-2.0613026819923372,-0.3506028022157054,,-4.578378378378378,0.0293255131964809,0.0153009180550833,-0.1062573789846517,-1.2987943955685892,-0.0208536982730531,8.029107054619736,6.257667587882639,-0.71875,0.0051264524948735,3.5,-0.2397820163487738
Rajesh Exports Limited,L36911KA1990PLC020815,2015,non_defaulter,Gems & Jewellery,0,1.3467089053150298,0.2464094802601919,0.0198844906247527,0.0069622089190115,0.0170026405616023,0.0929250263991552,1.7995226730310263,0.2439621304823855,0.9900679560899112,5.023872679045093,0.1810394796161525,0.2589038449153088,9.65033572298117,10.543207584713212,,,,
Rajesh Exports Limited,L36911KA1990PLC020815,2016,non_defaulter,Gems & Jewellery,0,1.3599512343797622,0.23384518631099,0.0212512310164308,0.0123101643082983,0.0248938734867145,0.144772935080768,2.6623376623376624,0.037838687699806,0.1618108471537427,0.8804878048780488,0.1703789109585451,0.0285100361616267,9.85644835453034,10.56064479536292,0.0175901263218966,0.1662310507056978,-0.8093980992608236,0.2288916081664198
Rajesh Exports Limited,L36911KA1990PLC020815,2017,non_defaulter,Gems & Jewellery,0,1.4524318546231962,0.2563800179253738,0.0186660140606923,0.0102562961644567,0.0217463087881503,0.1231961517904863,2.3903133903133904,0.0752865701212321,0.2936522539098436,1.9022646007151371,0.1751025991792065,0.1000990612764753,9.961709289736252,10.713261545027793,0.1648784533250401,0.218063648588077,1.2105263157894737,0.1110004716733923
Raymond Limited,L17117MH1925PLC001208,2015,non_defaulter,Textiles,0,1.153384747215081,0.4228715048696198,0.132703213610586,0.0378071833648393,0.0314169022934338,0.0856898029134533,2.3716216216216215,0.0471253534401508,0.1114413075780089,0.4273504273504273,0.3474709393653786,-0.001885014137606,8.065579427282092,7.8804263442924,,,,
Raymond Limited,L17117MH1925PLC001208,2016,non_defaulter,Textiles,0,1.30188679245283,0.4548581255374033,0.1285816618911174,0.0265042979942693,0.0212095156205216,0.0607054963084495,2.3161290322580643,0.0518773287474921,0.1140516698172652,0.5041782729805014,0.3319002579535683,-0.0014330753797649,8.157370441186774,7.934513463882263,0.0555765595463138,0.1790490341753343,0.2066666666666666,0.0961357210179076
Raymond Limited,L17117MH1925PLC001208,2017,non_defaulter,Textiles,0,1.3112745098039216,0.4450915141430948,0.0995747696669029,0.0120481927710843,0.00942872989462,0.0277777777777777,1.9513888888888888,0.0635052689961175,0.1426791277258567,0.8149466192170819,0.3225180255130338,-0.0005546311702717,8.190354403763262,7.945201132412759,0.0107449856733524,0.0113421550094517,0.2651933701657458,0.0335339638865004
Ruchi Soya Industries Ltd,L15140MH1986PLC038536,2014,defaulter,FMCG / Foods / Agro,1,1.2558836114676937,0.2384240454914703,0.0324432960091874,0.0005332020835896,0.0010560519902518,0.0055626872058194,1.3708838821490468,0.2803411860276198,1.175809199318569,4.3628318584070795,0.1844029244516653,0.0039805036555645,9.4181672191785,10.101559419421314,,,,
Ruchi Soya Industries Ltd,L15140MH1986PLC038536,2015,defaulter,FMCG / Foods / Agro,1,1.6527651858567542,0.2630022361682175,0.0265296029390984,0.0021548678818708,0.0044002019764841,0.027651858567543,1.4386973180076628,-0.036644304984491,-0.1393307734503565,-0.6764314247669774,0.1542956070114693,-0.0023083026761884,9.536978699538375,10.250899729195677,0.161068044788975,0.2422487223168654,-1.1472037090698348,0.1261575954508529
Ruchi Soya Industries Ltd,L15140MH1986PLC038536,2016,defaulter,FMCG / Foods / Agro,1,2.123736352608168,0.3192317043520544,0.0069695218835764,-0.0383504261158457,-0.0645514223194748,-0.4294379296401132,0.148804934464148,-0.0054704595185995,-0.0171363290175171,-0.466321243523316,0.1463651835643083,0.0007293946024799,9.708202329350314,10.228898841797916,-0.0217606330365974,0.4404827207899067,0.8228346456692913,0.1867561133953689
S Kumars Nationwide,L17120MH1990PLC058361,2011,defaulter,Textiles,1,1.8602739726027395,0.5941807044410413,0.2218967411204687,0.0633467594287806,0.0378472981842047,0.1184931506849315,1.8308157099697888,-0.0275650842266462,-0.0463917525773195,-0.2079207920792079,0.257055348938963,-0.0008750820389411,8.427487278331744,7.912423121473705,,,,
S Kumars Nationwide,L17120MH1990PLC058361,2012,defaulter,Textiles,1,2.0,0.5826558265582655,0.2253237410071942,0.0517985611510791,0.0348432055749128,0.1196013289036544,1.900485436893204,0.1142082849399922,0.1960132890365448,0.7535121328224776,0.2338366240805265,-0.0003871467286101,8.549853973655786,8.153349757998892,0.2724276821677041,0.1082474226804123,5.682539682539683,0.1301684532924961
S Kumars Nationwide,L17120MH1990PLC058361,2013,defaulter,Textiles,1,2.905609973285842,0.6359384135646073,0.075348561257787,-0.1228122218926134,-0.0806860261157669,-0.3686553873552983,0.4738805970149253,0.0339115182225687,0.053325160894882,0.6850393700787402,0.1609822646657571,0.0001948937828883,8.543055850941965,8.12296471523406,-0.0299280575539568,0.0840531561461794,-0.7050847457627119,-0.0067750677506775
SKF India Limited,L29130MH1961PLC011980,2014,non_defaulter,Engineering / Manufacturing,0,0.0,0.0,0.1491300745650373,0.084092792046396,0.1062271062271062,0.1433615819209039,,0.1140763997906855,,0.6055555555555555,0.7132391418105704,0.0638409209837781,7.555381944240273,7.789040401657477,,,,
SKF India Limited,L29130MH1961PLC011980,2016,non_defaulter,Engineering / Manufacturing,0,0.039039039039039,0.0302466263378315,0.1541541541541541,0.0854187520854187,0.1191251744997673,0.1537537537537537,,0.0120986505351326,0.4,0.0562770562770562,0.7501163331782225,-0.0460679385760819,7.67275789664251,8.005367067316664,0.2415078707539353,,-0.8807339449541285,0.1245421245421245
SKF India Limited,L29130MH1961PLC011980,2017,non_defaulter,Engineering / Manufacturing,0,0.018774157923799,0.0147569444444444,0.1611554541999239,0.0927404028886355,0.1059027777777777,0.1347321921590281,,0.0499131944444444,3.3823529411764706,0.2712264150943396,0.7630208333333334,0.0590277777777777,7.742402021815782,7.875119281040293,-0.1221221221221221,-0.4769230769230769,3.423076923076923,0.072126570497906
SVOGL Oil Gas and Energy,L74899DL1989PLC038542,2013,defaulter,Oil & Gas / Energy,1,2.6705653021442495,0.5941023417172593,0.4329608938547486,0.0353817504655493,0.0082393755420641,0.037037037037037,1.7415730337078652,0.0114917606244579,0.0193430656934306,0.1139784946236559,0.212489158716392,-0.0080225498699045,8.436416881388949,6.97914527506881,,,,
SVOGL Oil Gas and Energy,L74899DL1989PLC038542,2014,defaulter,Oil & Gas / Energy,1,6.597165991902834,0.7379981884057971,-0.7184873949579832,-2.2142857142857144,-0.119338768115942,-1.0668016194331984,-0.4723756906077348,-0.2255434782608695,-0.3056152193924517,5.824561403508772,0.1014492753623188,-0.0063405797101449,8.392989587956931,5.472270673671475,-0.7783985102420856,0.1894160583941606,-19.79245283018868,-0.0424978317432784
SVOGL Oil Gas and Energy,L74899DL1989PLC038542,2015,defaulter,Oil & Gas / Energy,1,97.24324324324324,0.8638655462184874,-0.0634920634920634,-4.626984126984127,-0.1399759903961584,-15.756756756756756,-0.0231213872832369,-0.0825930372148859,-0.0956086714841578,43.0,-0.0021608643457382,0.0048019207683073,8.334471554600944,4.836281906951478,-0.4705882352941176,0.104019637925744,0.6546184738955824,-0.056838768115942
Schaeffler India Limited,L29130GJ1962PLC001167,2015,non_defaulter,Engineering / Manufacturing,0,0.0,0.0,0.2121566335476329,0.1151373465809468,0.1190332326283988,0.1527131782945736,121.0,0.1099697885196374,,0.5013774104683195,0.7691842900302115,-0.034441087613293,7.411556287811163,7.444833273892193,,,,
Schaeffler India Limited,L29130GJ1962PLC001167,2016,non_defaulter,Engineering / Manufacturing,0,0.0,0.0,0.2033426183844011,0.1086350974930362,0.105177993527508,0.1321138211382113,182.5,0.1040992448759439,,0.5287671232876713,0.7869471413160734,0.0172599784250269,7.5251007461258,7.492760300922379,0.0490940970192869,,0.0604395604395604,0.1202416918429003
Schaeffler India Limited,L29130GJ1962PLC001167,2017,non_defaulter,Engineering / Manufacturing,0,0.0296646603611349,0.0216981132075471,0.1872621162141588,0.0984521695001268,0.1220125786163522,0.1668099742046431,67.0909090909091,0.1261006289308176,5.811594202898551,0.5433604336043361,0.7261006289308176,0.0135220125786163,8.064636475774222,8.279189777195004,1.1955431754874652,,1.077720207253886,0.7152103559870551
Senco Gold Limited,L36911WB1994PLC063674,2018,non_defaulter,Gems & Jewellery,0,1.4923857868020305,0.5012787723785166,0.0758465011286681,0.0325056433408577,0.0613810741687979,0.182741116751269,4.54054054054054,-0.0409207161125319,-0.0816326530612244,-0.2857142857142857,0.3205456095481671,0.0255754475703324,7.067319848653476,7.703007682479236,,,,
Senco Gold Limited,L36911WB1994PLC063674,2019,non_defaulter,Gems & Jewellery,0,1.200426439232409,0.4783347493627867,0.0704508856682769,0.0301932367149758,0.0637213254035684,0.1599147121535181,4.069767441860465,0.0407816482582837,0.0852575488454707,0.2742857142857143,0.3423959218351741,-0.0569243840271877,7.0707241072602764,7.81762544305337,0.1214446952595936,-0.042517006802721,2.0,0.0034100596760443
Senco Gold Limited,L36911WB1994PLC063674,2020,non_defaulter,Gems & Jewellery,0,1.0947955390334572,0.3869908015768725,0.0958677685950413,0.0376033057851239,0.0597897503285151,0.1691449814126394,3.6825396825396823,0.1195795006570302,0.3089983022071307,0.7844827586206896,0.3186596583442838,0.0026281208935611,7.327780538421632,7.791522819150732,-0.0257648953301127,0.0461811722912966,2.7916666666666665,0.2931180968564146
Shree Ganesh Jewellery House,L36911WB2002PLC095086,2013,defaulter,Gems & Jewellery,1,0.3690699097161714,0.106013916500994,0.0522568282841208,0.0275224283934297,0.0450511218403862,0.1568380267329119,2.3795861932744065,0.0310973445044021,0.2933326635858281,0.3635476976073378,0.275738426583357,0.0222575262709457,8.636503948400788,9.129300584049968,,,,
Shree Ganesh Jewellery House,L36911WB2002PLC095086,2014,defaulter,Gems & Jewellery,1,2.9296273055518407,0.629904958650267,-0.0478625036365818,-0.0785166001061983,-0.1707227521957715,-0.7940150805978747,-1.6321631746912724,-0.3015511402971341,-0.4787248237310036,2.897581399302899,0.1991068723057425,-0.1659916968762649,8.416530512511953,9.193261352291197,0.0660505749021045,3.7684682874556295,-8.782236429019921,-0.1974598835558081
Shree Ganesh Jewellery House,L36911WB2002PLC095086,2015,defaulter,Gems & Jewellery,1,13.039389067524118,0.6987204175746212,0.1699861872298712,-1.6940025843247335,-0.1926645720366898,-3.59547002080575,0.2436376408979148,-0.001135154310039,-0.0016246187766765,-0.0587155963302752,0.0353646176455683,-0.0454036385749759,8.280609727735326,6.106711035112369,-0.9543408072296264,-0.0317249080030337,0.9967140248061788,-0.1270882223485409
Shree Renuka Sugars Limited,L01542KA1995PLC019046,2020,defaulter,FMCG / Foods / Agro,1,,0.3380129589632829,0.0764847687924611,-0.1207538899846592,-0.0850046282011724,,0.7181069958847737,0.1263498920086393,0.3738019169329074,2.346704871060172,-0.0481332921937673,0.0023141005862388,8.776784383701493,8.425735580927402,,,,
Shree Renuka Sugars Limited,L01542KA1995PLC019046,2021,defaulter,FMCG / Foods / Agro,1,17.59722222222222,0.5399147727272727,0.1417223325510019,0.0101101281819823,0.0079545454545454,0.2592592592592592,2.127371273712737,-0.2176136363636363,-0.4030518284661931,-1.951592356687898,0.0004261363636363,-0.0018465909090909,8.859363449152088,8.619569258033104,0.2138943677405216,0.7348242811501597,-2.8705738705738706,0.0860845418080839
Shree Renuka Sugars Limited,L01542KA1995PLC019046,2022,defaulter,FMCG / Foods / Agro,1,7.586837294332724,0.5864066694927229,0.1139591836734693,0.0184489795918367,0.0159672177476331,0.206581352833638,1.8563829787234043,0.0291083792567472,0.0496385542168674,0.2951289398280802,0.0471951391832697,-0.0015543309311855,8.864605368075784,8.720134035412928,0.1057952699043148,0.0918179426466719,1.1344647519582245,0.0052556818181818
Shri Lakshmi Cotsyn,L17122UP1988PLC009985,2015,defaulter,Textiles,1,,1.494562853414528,-1.1519434628975265,-1.6501766784452296,-0.4062635928664637,,-3.8128654970760234,-0.0704654197477164,-0.0471478463329452,0.2484662576687116,-0.5576337538060027,-0.001739886907351,7.740229524763182,6.338594078203183,,,,
Shri Lakshmi Cotsyn,L17122UP1988PLC009985,2016,defaulter,Textiles,1,,1.6564051638530288,-0.1116504854368932,-0.3495145631067961,-0.0714995034756703,,-15.333333333333334,0.0049652432969215,0.0029976019184652,-0.217391304347826,-0.7080436941410129,-0.0004965243296921,7.607878073278507,6.021023349349527,-0.2720848056537102,-0.029103608847497,1.0617283950617284,-0.1239669421487603
Shri Lakshmi Cotsyn,L17122UP1988PLC009985,2017,defaulter,Textiles,1,,1.904297994269341,-0.5901639344262295,-0.8918032786885246,-0.1558739255014326,,-60.0,0.0074498567335243,0.0039121275955461,-0.0722222222222222,-0.9730659025787964,-0.0,7.464509834636528,5.720311776607412,-0.2597087378640776,-0.0038968824940047,0.3,-0.1335650446871896
Sical Logistics Ltd,L51909TN1955PLC002431,2018,defaulter,Logistics,1,1.7837370242214532,0.5273657289002558,0.1191806331471136,0.0270018621973929,0.0148337595907928,0.0501730103806228,3.878787878787879,0.0445012787723785,0.084384093113482,0.6796875,0.2670076726342711,-0.0179028132992327,7.578145472419466,6.97914527506881,,,,
Sical Logistics Ltd,L51909TN1955PLC002431,2019,defaulter,Logistics,1,1.7330016583747927,0.5014395393474088,0.1143514965464313,0.0237912509593246,0.0148752399232245,0.0514096185737976,4.138888888888889,-0.0211132437619961,-0.0421052631578947,-0.2953020134228188,0.2610364683301343,0.0009596928982725,7.642044402873258,7.172424577124845,0.2132216014897579,0.0135790494665373,-1.5057471264367817,0.0659846547314578
Sical Logistics Ltd,L51909TN1955PLC002431,2020,defaulter,Logistics,1,1.6216216216216215,0.4377279833246482,-0.013142174432497,-0.1003584229390681,-0.0437727983324648,-0.1621621621621621,-0.3928571428571428,0.1120375195414278,0.2559523809523809,-19.545454545454547,0.239187076602397,0.0,7.5595594960077,6.729824070489475,-0.3576362240982348,-0.1961722488038277,5.886363636363637,-0.0791746641074856
Siemens Limited,L28920MH1957PLC010839,2015,non_defaulter,Engineering / Manufacturing,0,0.0,0.0,0.1845509893455099,0.1125380517503805,0.1123670212765957,0.2307842372220054,69.28571428571429,0.0587006079027355,,0.3185567010309278,0.4801481762917933,0.0926101823708206,9.261793653565098,9.260272740724393,,,,
Siemens Limited,L28920MH1957PLC010839,2016,non_defaulter,Engineering / Manufacturing,0,0.0,0.0,0.3888066604995374,0.2698427382053654,0.244018738497574,0.4276499047060548,120.08571428571427,0.0424962355696837,,0.1208660480609088,0.564664547431822,-0.0722770620712732,9.3888212293842,9.288226910633254,0.0283485540334855,,-0.1779935275080906,0.1354483282674772
Siemens Limited,L28920MH1957PLC010839,2017,non_defaulter,Engineering / Manufacturing,0,0.0,0.0,0.1723104857013163,0.1029505220154335,0.0864131677207955,0.1471771576898118,59.3125,0.042215956717214,,0.291886195995785,0.5817267393126572,0.1224567553150956,9.482121694896287,9.307013259236443,0.018963922294172,,0.0905511811023622,0.0977915342144888
Simbhaoli Sugars Ltd,L15122UP2011PLC044210,2021,defaulter,FMCG / Foods / Agro,1,,0.4959114959114959,0.0490894695170229,-0.0031670625494853,-0.0019240019240019,,2.0,0.011063011063011,0.0223084384093113,0.3709677419354839,-0.0278980278980278,-0.0033670033670033,7.639642287858013,7.141245122350491,,,,
Simbhaoli Sugars Ltd,L15122UP2011PLC044210,2022,defaulter,FMCG / Foods / Agro,1,,0.5175394001016776,0.0458149779735682,-0.0088105726872246,-0.0050838840874428,,1.793103448275862,0.0228774783934926,0.0442043222003929,0.8653846153846154,-0.0340620233858668,-0.0040671072699542,7.584264818389059,7.034387929915503,-0.1013460015835312,-0.0126091173617846,0.9565217391304348,-0.0538720538720538
Simbhaoli Sugars Ltd,L15122UP2011PLC044210,2023,defaulter,FMCG / Foods / Agro,1,,0.522703818369453,0.0214521452145214,-0.0255775577557755,-0.0159958720330237,,1.04,0.0036119711042311,0.0069101678183613,0.2692307692307692,-0.0515995872033023,-0.0067079463364293,7.569411792450712,7.10002716662926,0.0678414096916299,-0.0049115913555992,-0.8444444444444444,-0.0147432638535841
SpiceJet Ltd,L51909DL1984PLC288239,2021,defaulter,Travel / Aviation / Hospitality,1,,0.0938818565400844,0.2265731541009156,-0.1944282096240015,-0.0877285513361462,,1.9286898839137645,0.0198663853727144,0.2116104868913857,0.1943250214961307,-0.2788326300984529,8.790436005625879e-05,9.339261152043022,8.543445562560303,,,,
SpiceJet Ltd,L51909DL1984PLC288239,2022,defaulter,Travel / Aviation / Hospitality,1,,0.875,0.0077779472319658,-0.2630776269635504,-0.1811974789915966,,0.1049382716049382,0.1027310924369747,0.117406962785114,19.176470588235293,-0.5136554621848739,-0.0021008403361344,9.161150127785412,8.788288460263619,0.2774206117280343,6.799625468164794,3.327433628318584,-0.1631504922644163
SpiceJet Ltd,L51909DL1984PLC288239,2023,defaulter,Travel / Aviation / Hospitality,1,,0.7147859922178988,0.0025933025143759,-0.1694666817003044,-0.1462062256809338,,0.0453648915187376,0.0090466926070038,0.0126565051714752,4.043478260869565,-0.3728599221789883,0.0022373540856031,9.237955539009157,9.090317329376452,0.3526002745157847,-0.1178871548619447,-0.9049079754601228,0.0798319327731092
Steel Authority of India Limited,L27109DL1973GOI006454,2014,non_defaulter,Steel & Metals,0,0.592518808446809,0.2743015244398633,0.1269139089913458,0.056177121137286,0.0283838767427982,0.0613120209998359,6.105371900826446,0.0638311723539304,0.2327044025157232,0.9954314720812184,0.4181196766668475,-0.0006727065588889,11.431335727930271,10.748647414747458,,,,
Steel Authority of India Limited,L27109DL1973GOI006454,2015,non_defaulter,Steel & Metals,0,0.6872313527180783,0.3003556287798115,0.1223390275952693,0.0458388085851949,0.0210263004560888,0.0481094127111826,3.8418156808803303,0.0275662534407586,0.0917787142952705,0.4912280701754385,0.395551626449137,-0.0005525305901026,11.50833494463585,10.728977920083787,-0.0194773122597547,0.182627269490922,-0.5335713071562128,0.0800412304019964
Steel Authority of India Limited,L27109DL1973GOI006454,2016,non_defaulter,Steel & Metals,0,0.8924380038779467,0.3478381925937711,-0.0595158209879729,-0.1037784545501471,-0.0399844874905532,-0.102586998673334,-1.0026086956521738,0.0377868819856012,0.1086335048599199,-1.647875108412836,0.3486834254802911,-0.000159102660992,11.51854961972045,10.56478280364689,-0.1514235654840122,0.1699779249448123,0.3848396501457726,0.0102670229651805
Sun Pharmaceutical Industries Limited,L24230GJ1993PLC019050,2014,non_defaulter,Pharma,0,0.3251889848812095,0.1677109440267335,-0.9476846942382467,-1.0,-0.1969507101086048,-0.3818844492440604,-148.94444444444446,-0.167432470064049,-0.9983395599833956,0.897053338306602,0.5013227513227513,-0.0100946811473127,9.572480355345974,7.947678571301568,,,,
Sun Pharmaceutical Industries Limited,L24230GJ1993PLC019050,2015,non_defaulter,Pharma,0,0.298911612393575,0.181888586230839,-0.0432237169905331,-0.1836073741903338,-0.039363349890509,-0.0646888440270341,-0.6297640653357531,0.0039790631843187,0.0218763764498605,-0.4293948126801152,0.6029749505955242,0.0031244992789617,10.530655174162098,8.990690709916228,1.8377518557794277,1.8273142382731424,1.061954261954262,1.6069340016708438
Sun Pharmaceutical Industries Limited,L24230GJ1993PLC019050,2016,non_defaulter,Pharma,0,0.2662738111552692,0.1701103134302223,-0.0057002202357818,-0.1409509003756963,-0.0317515904978696,-0.0497007902791101,-0.0766550522648083,-0.0365960427245666,-0.2151312403499742,28.5,0.6318216307710267,0.0004961186015292,10.441908887892918,8.951440100949855,-0.038490284005979,-0.1441785347232418,-9.416107382550337,-0.0849222880948566
Surya Pharmaceutical,L24232DL1992PLC227186,2012,defaulter,Pharma,1,6.690520446096654,0.7782117443576512,-0.1189388984190845,-0.1681496748077848,-0.1280749743850051,-1.1010990787134314,-1.162194754296051,0.1812131637573672,0.2328584284049113,-2.000311284046693,0.1067839786432042,-0.0026319994736001,7.662778063260149,7.3905393888422415,,,,
Surya Pharmaceutical,L24232DL1992PLC227186,2013,defaulter,Pharma,1,,0.9344429684556972,-3.117657561149795,-5.388502053204785,-0.1495975176953427,,-0.857283126319407,0.0820578146995261,0.0878146847582775,-0.9480586416218074,-0.0369817792493605,-0.0013135198366278,7.609604486835983,4.025530246221741,-0.9654382998679484,0.1385760099530732,-0.5706245461147421,-0.0517845896430819
Surya Pharmaceutical,L24232DL1992PLC227186,2014,defaulter,Pharma,1,,1.3086722956991683,-50.16060126582278,-57.49762658227848,-0.4709530258749732,,-2.488441461595824,,,,-0.5193009285959603,,7.3416069815290514,2.5368663887187113,-0.7743260132119264,0.0712436744783101,,-0.2350903106846164
Suzlon Energy Ltd,L40100GJ1995PLC025447,2016,defaulter,Oil & Gas / Energy,1,10.281456953642383,0.5052066384640417,0.2627061595422417,0.0636149444631437,0.030751708428246,0.6258278145695364,2.01159793814433,0.126505043931012,0.250402576489533,0.9961563100576554,-0.0325414904002603,0.0021965506020175,9.416703923250376,8.689801056022553,,,,
Suzlon Energy Ltd,L40100GJ1995PLC025447,2017,defaulter,Oil & Gas / Energy,1,5.93841642228739,0.4270350063264445,0.1839714471122647,0.0385031364914557,0.0250246028398706,0.3479960899315738,1.8270676691729324,0.1968930127934767,0.4610699588477366,1.6466784244562025,0.0012652889076339,0.0041473358639111,9.56282655529346,9.13194630454817,0.55604173678896,-0.0217391304347826,0.8012861736334406,0.1573381060852587
Suzlon Energy Ltd,L40100GJ1995PLC025447,2018,defaulter,Oil & Gas / Energy,1,20.782485875706215,0.5729304571295071,0.0814790028442362,-0.1934080642462774,-0.0900241414220076,-3.2655367231638417,0.3982011447260834,-0.0619889416712094,-0.1081962756558379,-1.6344969199178645,-0.0552916439529631,0.0228175375749552,9.460398455831276,8.695674048824253,-0.3535582954791261,0.2110288065843621,-1.2841842199214566,-0.0973569520596091
TBZ - The Bride's Jeweller,L27205MH2007PLC167425,2015,non_defaulter,Gems & Jewellery,0,1.2510729613733906,0.4533437013996889,0.0537745604963805,0.0134436401240951,0.0202177293934681,0.055793991416309,1.824561403508772,0.0147744945567651,0.0325900514579759,0.1826923076923076,0.3102643856920684,-0.0054432348367029,7.1592919047975645,7.56734567601324,,,,
TBZ - The Bride's Jeweller,L27205MH2007PLC167425,2016,non_defaulter,Gems & Jewellery,0,1.4672686230248306,0.5007704160246533,0.029607250755287,-0.0138972809667673,-0.0177195685670261,-0.0519187358916478,0.8032786885245902,0.0069337442218798,0.0138461538461538,0.1836734693877551,0.2896764252696456,0.0015408320493066,7.168579897264035,7.411556287811163,-0.1442605997931747,0.1149228130360205,-0.5263157894736842,0.0093312597200622
TBZ - The Bride's Jeweller,L27205MH2007PLC167425,2017,non_defaulter,Gems & Jewellery,0,1.1781115879828326,0.4597989949748743,0.0473372781065088,0.0100591715976331,0.0142378559463986,0.0364806866952789,1.4545454545454546,0.1281407035175879,0.2786885245901639,1.9125,0.3341708542713568,-0.0008375209380234,7.085064293952548,7.432483807917119,0.0211480362537764,-0.1553846153846153,16.0,-0.0801232665639445
Tata Elxsi Limited,L85110KA1989PLC009968,2015,non_defaulter,IT / Services,0,0.0,0.0,0.2143698468786808,0.1213191990577149,0.221505376344086,0.3639575971731448,182.0,0.3075268817204301,,0.7857142857142857,0.5419354838709678,0.1784946236559139,6.142037405587356,6.744059186311348,,,,
Tata Elxsi Limited,L85110KA1989PLC009968,2016,non_defaulter,IT / Services,0,0.0,0.0,0.241860465116279,0.1441860465116279,0.2583333333333333,0.4015544041450777,260.0,0.2016666666666666,,0.4653846153846154,0.5916666666666667,0.0816666666666666,6.396929655216146,6.980075940561763,0.2661955241460542,,-0.1538461538461538,0.2903225806451613
Tata Elxsi Limited,L85110KA1989PLC009968,2017,non_defaulter,IT / Services,0,0.0,0.0,0.2360549717057397,0.1414713015359741,0.2447552447552447,0.3136200716845878,292.0,0.2013986013986014,,0.4931506849315068,0.737062937062937,0.1678321678321678,6.5722825426940075,7.1204443723924875,0.1506976744186046,,0.1900826446280991,0.1916666666666666
Tata Steel Limited,L27100WB1907PLC001473,2014,non_defaulter,Steel & Metals,0,0.4565480473605023,0.2514139048991354,0.3227925487281533,0.1537244371988204,0.0577449567723342,0.1048603388500032,7.393739703459637,0.1119686599423631,0.4453558763477451,0.923425430778372,0.5419398414985591,-0.0110860951008645,11.617645775740632,10.638520161969526,,,,
Tata Steel Limited,L27100WB1907PLC001473,2015,non_defaulter,Steel & Metals,0,0.4229932646295546,0.2433715390457778,0.2987435682661242,0.1540983606557377,0.0555737761513498,0.0965903124671856,6.3173076923076925,0.0418766830076641,0.1720689410596496,0.3886886165184651,0.5669750742249534,-0.0042032037561278,11.660172368480692,10.640292702435536,0.0017741123444654,0.010065551456102,-0.6097482506233411,0.0434438040345821
Tata Steel Limited,L27100WB1907PLC001473,2016,non_defaulter,Steel & Metals,0,0.6306018972849199,0.2934337956884906,0.1660090412605503,0.0249810551621416,0.0090948874555244,0.0195453058554138,3.4377705627705626,0.0701333789980402,0.2390092076254701,1.1603966629938611,0.4560857735411077,0.0045664706889662,11.562800754463876,10.552395447950312,-0.0841450281201388,0.0938364423008724,0.5193734542456719,-0.0927811917420424
Thermax Limited,L29299PN1980PLC022787,2015,non_defaulter,Engineering / Manufacturing,0,0.0463167181296868,0.0209539014168828,0.126222029111449,0.0729958722572235,0.0670524845340251,0.1482134980149978,29.05,0.058670923967272,2.8,0.5060240963855421,0.4476152464577929,0.008181999600878,8.519390774959724,8.434463543817241,,,,
Thermax Limited,L29299PN1980PLC022787,2016,non_defaulter,Engineering / Manufacturing,0,0.0388556789069171,0.0193947144075021,0.1127247579529737,0.0684647302904564,0.0632992327365729,0.1268146883005977,97.8,0.0613810741687979,3.1648351648351647,0.588957055214724,0.4940323955669224,-0.0002131287297527,8.453614209773367,8.37516869138682,-0.0575711492504888,-0.1333333333333333,-0.0204081632653061,-0.0636599481141488
Thermax Limited,L29299PN1980PLC022787,2017,non_defaulter,Engineering / Manufacturing,0,0.0273858921161825,0.0143603133159268,0.0913921360255047,0.0385228480340063,0.0315491731940818,0.0601659751037344,86.0,0.0752828546562228,5.242424242424242,1.005813953488372,0.5191470844212358,0.0174064403829416,8.432941638968646,8.23323750070527,-0.1323190410327339,-0.2747252747252747,0.2013888888888889,-0.0204603580562659
Timken India Limited,L29130KA1996PLC048230,2015,non_defaulter,Engineering / Manufacturing,0,0.0068493150684931,0.0051282051282051,0.1511879049676026,0.0874730021598272,0.1384615384615384,0.184931506849315,140.0,0.0717948717948717,14.0,0.3,0.6324786324786325,-0.0119658119658119,6.371611847231857,6.8308742346461795,,,,
Timken India Limited,L29130KA1996PLC048230,2016,non_defaulter,Engineering / Manufacturing,0,0.0075471698113207,0.0056980056980056,0.1583493282149712,0.0882917466410748,0.131054131054131,0.1735849056603773,165.0,0.1438746438746438,25.25,0.6121212121212121,0.6581196581196581,0.0512820512820512,6.553933404025811,6.948897222313312,0.1252699784017278,0.3333333333333333,1.4047619047619049,0.2
Timken India Limited,L29130KA1996PLC048230,2017,non_defaulter,Engineering / Manufacturing,0,0.0129449838187702,0.0091220068415051,0.1590909090909091,0.0918560606060606,0.1106043329532497,0.156957928802589,168.0,0.1870011402508551,20.5,0.9761904761904762,0.6271379703534777,0.0387685290763968,6.776506992372183,6.962243464266207,0.0134357005758157,1.0,0.6237623762376238,0.2492877492877493
Titan Company Limited,L74999TZ1984PLC001456,2015,non_defaulter,Gems & Jewellery,0,0.0323415265200517,0.0170299727520436,0.102831219020415,0.0691422330504914,0.1401566757493188,0.2661707632600258,15.11111111111111,0.0865122615803814,5.08,0.4150326797385621,0.5114100817438693,-0.1055858310626703,8.677950570294351,9.38454574816788,,,,
Titan Company Limited,L74999TZ1984PLC001456,2016,non_defaulter,Gems & Jewellery,0,0.0319660537482319,0.0179137603043753,0.0917538794658967,0.0629736557199567,0.1106531388712745,0.1974540311173974,24.214285714285715,0.0898858592263792,5.017699115044247,0.5575221238938053,0.546290424857324,-0.0141090678503487,8.74957394808293,9.31325790598287,-0.0688061833151306,0.13,0.1161417322834645,0.07425068119891
Titan Company Limited,L74999TZ1984PLC001456,2017,non_defaulter,Gems & Jewellery,0,0.4329777365491651,0.2244529935080548,0.0901760099247887,0.0590835077925098,0.0916085597499399,0.1767161410018553,31.43243243243243,0.2125510940129839,0.9469737546866632,1.5202063628546862,0.5076941572493388,0.0711709545563837,9.026177120302856,9.464750005164392,0.1635691086250451,15.52212389380531,2.1181657848324513,0.3186429930247305
Trident Limited,L17119PB1990PLC010365,2015,non_defaulter,Textiles,0,1.771978021978022,0.5728241563055062,0.1860776439089692,0.0315930388219544,0.0261989342806394,0.081043956043956,3.3737864077669903,0.1207815275310834,0.2108527131782945,0.7827338129496403,0.2102575488454706,-0.0004440497335701,8.412721169819527,8.225503097566918,,,,
Trident Limited,L17119PB1990PLC010365,2016,non_defaulter,Textiles,0,1.450517598343685,0.5384260682446972,0.2084583901773533,0.0660300136425648,0.0371964340608668,0.1002070393374741,5.268965517241379,0.0819243774976944,0.1521552954610334,0.6976439790575916,0.2929603442975714,0.0001537042729787,8.780480107033297,8.206583614320753,-0.0187416331994645,0.3577519379844961,-0.0202205882352941,0.44449378330373
Trident Limited,L17119PB1990PLC010365,2017,non_defaulter,Textiles,0,1.0455045871559634,0.4632520325203252,0.2146415421269222,0.0729911197747455,0.0547967479674796,0.1236697247706422,7.028368794326241,0.1626016260162601,0.351000351000351,1.0090817356205852,0.3601626016260162,0.0037398373983739,8.724207360800564,8.43750042250699,0.2597544338335607,-0.1866971167570653,0.8761726078799249,-0.0547187211804488
UltraTech Cement Limited,L26940MH2000PLC128420,2014,non_defaulter,Cement,0,0.3040884365678189,0.1747328090340794,0.2139393314073462,0.1106066859265373,0.0720575384822208,0.1254021173305258,13.0,0.1089601398131343,0.623581457972687,0.7817699541837473,0.5654029710291053,0.0045372050816696,10.30071885571719,9.87220326249636,,,,
UltraTech Cement Limited,L26940MH2000PLC128420,2015,non_defaulter,Cement,0,0.393169645224585,0.2105352832599744,0.2083884806718086,0.0919629409885445,0.0572199346869231,0.106856870127804,8.347349177330896,0.115944909839557,0.5507148637712436,0.8942181340341656,0.5277012636660514,-0.0017890103649013,10.469227407179512,9.99474407280768,0.1303652496904663,0.4260434698980573,0.2594077729796422,0.1835383477851717
UltraTech Cement Limited,L26940MH2000PLC128420,2016,non_defaulter,Cement,0,0.381397069021312,0.2154553289284688,0.2154456113712092,0.0999620397317474,0.0618944399467237,0.1095649761915769,9.9765625,0.1137081820793397,0.5277575757575758,0.8523884103367267,0.5577550860515526,0.0003917369616881,10.55297016060981,10.073610001873083,0.0820592396513166,0.1127596439169139,0.0663727651236835,0.0873491409910549
Unity Infraprojects,L99999MH1997PLC107153,2014,defaulter,Infrastructure,1,2.34638196915777,0.5751671997673742,0.1318565400843881,0.0031645569620253,0.0017446932247746,0.0071174377224199,1.0964912280701755,-0.0633905205001453,-0.1102123356926188,-0.872,0.2407676650189008,0.0040709508578075,8.142936010432265,7.547501682814967,,,,
Unity Infraprojects,L99999MH1997PLC107153,2015,defaulter,Infrastructure,1,4.210801393728223,0.68528494471222,-0.040207522697795,-0.4409857328145266,-0.0963992061241848,-0.5923344947735192,-0.111913357400722,-0.2392968528494471,-0.3491932147290029,27.225806451612904,0.1584916359512333,-0.0311879784519421,8.168202930236053,6.647688373563329,-0.5933544303797469,0.2219413549039433,-2.871559633027523,0.0255888339633614
Unity Infraprojects,L99999MH1997PLC107153,2016,defaulter,Infrastructure,1,42.69230769230769,0.8278639618138425,-0.5511811023622047,-1.4173228346456692,-0.1610978520286396,-8.307692307692308,-0.6862745098039216,-0.0170047732696897,-0.0205405405405405,0.2714285714285714,0.0122315035799522,0.0014916467780429,8.117312461601975,5.942799375126701,-0.5058365758754864,0.1481175010343401,0.9324644549763034,-0.0496172384462716
Vaibhav Global Limited,L36911RJ1989PLC004945,2015,non_defaulter,Gems & Jewellery,0,0.1324503311258278,0.1079136690647482,0.1262376237623762,0.0742574257425742,0.0539568345323741,0.0662251655629139,10.2,0.0953237410071942,0.8833333333333333,1.03921568627451,0.7571942446043165,0.0503597122302158,6.320768294250582,6.0014148779611505,,,,
Vaibhav Global Limited,L36911RJ1989PLC004945,2016,non_defaulter,Gems & Jewellery,0,0.1953781512605042,0.1469194312796208,0.1052631578947368,0.0498614958448753,0.0284360189573459,0.0378151260504201,9.5,-0.0726698262243285,-0.4946236559139785,-1.2105263157894737,0.7014218009478673,-0.0489731437598736,6.450470422144176,5.8888779583328805,-0.1064356435643564,0.55,-1.8679245283018868,0.1384892086330935
Vaibhav Global Limited,L36911RJ1989PLC004945,2017,non_defaulter,Gems & Jewellery,0,0.1417322834645669,0.1141045958795562,0.0850622406639004,0.0456431535269709,0.0348652931854199,0.0433070866141732,8.2,0.0522979397781299,0.4583333333333333,0.8048780487804879,0.7527733755942948,0.0095087163232963,6.447305862541213,6.1779441140506,0.335180055401662,-0.2258064516129032,1.7173913043478262,-0.0031595576619273
Varun Industries,L28990MH1996PLC097945,2011,defaulter,Steel & Metals,1,1.9831246479788571,0.4197848456501403,0.0582101626127731,0.0134847944717141,0.0180395825308608,0.08522161084875,1.861857252494244,0.1983207689062528,0.4724343219181823,2.5467553880579437,0.1983299400209101,0.1253828940369412,7.68742871888117,7.978434376719701,,,,
Varun Industries,L28990MH1996PLC097945,2012,defaulter,Steel & Metals,1,4.13951065402971,0.5721485940976723,0.0432731021215131,-0.0494424409150298,-0.0733029530220048,-0.5303488606573906,1.1897829083390767,-0.1090904023300862,-0.1906679548905145,-1.7003837520816738,0.1246939903656321,-0.1101309512196255,7.674482792518733,8.068274504204503,0.0939993692927852,0.3454257469004315,-1.542995213762168,-0.0128624883068288
Varun Industries,L28990MH1996PLC097945,2013,defaulter,Steel & Metals,1,5.685272282038326,0.6540607979394166,1.0746890436231626,-0.2052014521216449,-0.015418600699382,-0.1340226221479379,0.8413156913902349,-0.006949102519385,-0.0106245513280689,-0.0860560416435928,0.1020274923309454,-0.0392575103073882,7.712560106584871,5.124142534889851,-0.9473522601587296,0.1875339985548077,0.93382728666326,0.0388115445183049
Videocon Industries Ltd,L99999MH1986PLC103624,2015,defaulter,Engineering / Manufacturing,1,2.3068115660780126,0.6276797972330763,0.2551863720694889,-0.0047225501770956,-0.001478508818249,-0.0054337279254803,1.268763102725367,0.1679163586439962,0.2675191385547236,2.1017845340383343,0.2632801774210582,-0.0046995458865772,10.54207294510339,9.380758024267314,,,,
Videocon Industries Ltd,L99999MH1986PLC103624,2016,defaulter,Engineering / Manufacturing,1,2.3068115660780126,0.6276797972330763,0.2551863720694889,-0.0047225501770956,-0.001478508818249,-0.0054337279254803,1.268763102725367,0.1679163586439962,0.2675191385547236,2.1017845340383343,0.2632801774210582,-0.0046995458865772,10.54207294510339,9.380758024267314,0.0,0.0,0.0,0.0
Videocon Industries Ltd,L99999MH1986PLC103624,2017,defaulter,Engineering / Manufacturing,1,2.1987186006305297,0.5740991529249316,0.1474110450590161,-0.1792022055656069,-0.0552324809474494,-0.2115325943252313,0.5232415902140672,0.1291324782920417,0.2249306197964847,2.842197545295149,0.2522371810191455,-0.0025757455057224,10.536327248486318,9.359363643368622,-0.0211671445437679,-0.0906031799444771,-0.235377358490566,-0.0057292216707149
Visa Steel Limited,L51109OR1996PLC004601,2019,defaulter,Steel & Metals,1,11.396694214876034,0.7331206804891015,-0.008695652173913,-0.0819875776397515,-0.0350877192982456,-0.5454545454545454,-0.5384615384615384,0.0292397660818713,0.0398839738941261,-7.857142857142857,0.0026581605528973,-0.0085061137692716,7.53955882930103,6.690842277418564,,,,
Visa Steel Limited,L51109OR1996PLC004601,2020,defaulter,Steel & Metals,1,38.65714285714286,0.7487548422800221,-0.057471264367816,-0.2442528735632184,-0.0470392916436081,-2.4285714285714284,-1.1764705882352942,0.0071942446043165,0.0096082779009608,-0.65,-0.0448256779192031,0.0033204205866076,7.499423290592229,5.8522024797744745,-0.5677018633540373,-0.018854242204496,-0.7636363636363637,-0.0393407761828814
Visa Steel Limited,L51109OR1996PLC004601,2021,defaulter,Steel & Metals,1,,0.9148099606815204,-0.3649754500818331,-0.4746317512274959,-0.1900393184796854,,-11.15,0.0104849279161205,0.0114613180515759,-0.0717488789237668,-0.2437745740498034,0.001310615989515,7.330405211844402,6.415096959171596,0.7557471264367817,0.0317812269031781,0.2307692307692307,-0.1555063641394576
Welspun India Limited,L17119GJ1985PLC033347,2015,non_defaulter,Textiles,0,1.7227653631284916,0.5110834887093433,0.2580865603644647,0.1161731207289293,0.1056556867619639,0.356145251396648,6.259668508287293,0.1334162005386368,0.2610458046209971,0.5684024713150927,0.2759477936606588,-0.0014501760928112,8.481980435660493,8.387084506069217,,,,
Welspun India Limited,L17119GJ1985PLC033347,2016,non_defaulter,Textiles,0,1.351237493417588,0.4785527788138754,0.283725690890481,0.1326509723643807,0.1208504289444237,0.3412322274881517,9.0,0.237224916076091,0.4957131722525331,0.9177489177489178,0.335509138381201,-0.0180902648265572,8.587092318795905,8.493924564476883,0.112756264236902,0.0401297122010539,0.9751552795031057,0.1108348870934327
Welspun India Limited,L17119GJ1985PLC033347,2017,non_defaulter,Textiles,0,1.2439800090867787,0.4382202304737516,0.173789679021103,0.0544422769994679,0.049135723431498,0.1394820536119945,11.264367816091951,0.1043533930857874,0.2381300219138057,0.6653061224489796,0.3362676056338028,0.0041613316261203,8.740016691519521,8.637462023807181,0.1543500511770726,0.0670303975058456,-0.4874213836477987,0.165236851920925
Winsome Diamonds and Jewellery,L36910GJ1985PLC015915,2010,defaulter,Gems & Jewellery,1,0.5968137254901961,0.1797047970479705,0.0470859400724399,0.0217319723411261,0.0243542435424354,0.0808823529411764,2.3442622950819674,0.0239852398523985,0.1334702258726899,0.4545454545454545,0.2782287822878229,0.0383763837638376,7.904703913873747,8.01862546504575,,,,
Winsome Diamonds and Jewellery,L36910GJ1985PLC015915,2011,defaulter,Gems & Jewellery,1,0.5599582898852972,0.1510548523206751,0.0435185185185185,0.0259259259259259,0.0315049226441631,0.1167883211678832,2.984126984126984,0.0419127988748241,0.2774674115456238,0.7925531914893617,0.2509142053445851,0.0517580872011251,8.176110342237342,8.371010681238156,0.4224563714191636,0.1026694045174538,1.2923076923076924,0.3118081180811808
Winsome Diamonds and Jewellery,L36910GJ1985PLC015915,2012,defaulter,Gems & Jewellery,1,0.4100318471337579,0.1107050730868443,0.0380385794122949,0.0173066522444564,0.0206362854686156,0.0764331210191082,2.5421686746987953,-0.0466466036113499,-0.4213592233009708,-1.028436018957346,0.2478503869303525,-0.0217110920034393,8.445052513638554,8.621012520055235,0.2840277777777777,-0.0409683426443202,-2.4563758389261743,0.3085794655414908
