model_name,threshold,validation_pr_auc,validation_roc_auc,validation_brier_score,validation_precision,validation_recall,validation_f1,test_pr_auc,test_roc_auc,test_brier_score,test_precision,test_recall,test_f1
logistic_regression,0.7799999999999997,0.9277708901853171,0.9047619047619048,0.15232445831020452,0.9,0.75,0.8181818181818182,0.9562416080085736,0.9583333333333333,0.0862726451222593,0.9411764705882353,0.7619047619047619,0.8421052631578947
random_forest,0.4799999999999998,0.8808328801358117,0.8511904761904762,0.1538134041708658,0.8333333333333334,0.8333333333333334,0.8333333333333334,0.9589597620833801,0.9742063492063493,0.07909982891425481,0.84,1.0,0.9130434782608695
hist_gradient_boosting,0.38999999999999985,0.8964099691080594,0.8809523809523809,0.14386382951129925,0.8461538461538461,0.9166666666666666,0.88,0.9210029236607031,0.9603174603174602,0.08027681771275293,0.84,1.0,0.9130434782608695
